/* * Data converted from /Users/a502/IdeaProjects/minipet-esp32/Firmware/main/render/data/ground_band_000010000.bin
 */
.data
#if !defined (__APPLE__) && !defined (__linux__)
.section .rodata.embedded
#endif

.global ground_band_000010000_bin
ground_band_000010000_bin:

.global _binary_ground_band_000010000_bin_start
_binary_ground_band_000010000_bin_start: /* for objcopy compatibility */
.byte 0xe6, 0x76, 0xe4, 0x76, 0x66, 0x66, 0xc4, 0x65, 0xc4, 0x55, 0xc4, 0x65, 0xc2, 0x55, 0x44, 0x55
.byte 0x42, 0x55, 0xc4, 0x55, 0xc4, 0x55, 0xc4, 0x65, 0xc4, 0x65, 0x64, 0x76, 0x64, 0x66, 0x64, 0x76
.byte 0x64, 0x66, 0xc4, 0x65, 0xc4, 0x65, 0xc4, 0x65, 0xc4, 0x65, 0x64, 0x66, 0x64, 0x76, 0x64, 0x76
.byte 0x64, 0x76, 0x64, 0x76, 0xe6, 0x76, 0x64, 0x8e, 0xe6, 0x76, 0x64, 0x8e, 0xe4, 0x76, 0x66, 0x76
.byte 0xe4, 0x8e, 0xe4, 0x8e, 0xe6, 0x8e, 0xe4, 0x8e, 0xe6, 0x8e, 0xe6, 0x8e, 0xe6, 0x8e, 0x64, 0x8e
.byte 0xe6, 0x8e, 0xe4, 0x8e, 0x66, 0x8e, 0xe6, 0x76, 0xe4, 0x76, 0x64, 0x76, 0x64, 0x66, 0x64, 0x66
.byte 0x64, 0x66, 0x64, 0x76, 0x64, 0x76, 0xe4, 0x76, 0x66, 0x76, 0xe4, 0x76, 0xe6, 0x8e, 0xe4, 0x8e
.byte 0xe6, 0x76, 0xe4, 0x76, 0xe6, 0x76, 0x64, 0x76, 0x64, 0x76, 0x64, 0x76, 0x64, 0x66, 0x64, 0x66
.byte 0x64, 0x66, 0xc4, 0x65, 0x64, 0x66, 0x64, 0x66, 0x66, 0x76, 0x68, 0x76, 0xe6, 0x8e, 0x66, 0x8e
.byte 0x64, 0x8e, 0x66, 0x9e, 0x64, 0x9e, 0x66, 0x8e, 0x64, 0x8e, 0xe4, 0x8e, 0x66, 0x76, 0x64, 0x76
.byte 0x64, 0x66, 0x64, 0x66, 0xc4, 0x65, 0x66, 0x76, 0xc6, 0x75, 0x66, 0x76, 0xc6, 0x75, 0x66, 0x76
.byte 0x66, 0x8e, 0x64, 0x8e, 0x66, 0x9e, 0x64, 0x8e, 0x64, 0x76, 0x64, 0x66, 0x64, 0x66, 0xc4, 0x65
.byte 0x64, 0x56, 0x64, 0x66, 0xc4, 0x55, 0x64, 0x66, 0xc4, 0x55, 0x64, 0x66, 0xc4, 0x55, 0x64, 0x56
.byte 0x64, 0x56, 0xc4, 0x55, 0x64, 0x66, 0xc4, 0x55, 0x64, 0x56, 0xc4, 0x55, 0x64, 0x56, 0xc4, 0x55
.byte 0x64, 0x56, 0xc4, 0x55, 0x64, 0x66, 0xc4, 0x55, 0x64, 0x66, 0xc4, 0x55, 0x66, 0x56, 0x64, 0x56
.byte 0xc4, 0x55, 0xc4, 0x55, 0xc4, 0x55, 0x44, 0x55, 0xc4, 0x55, 0x44, 0x55, 0x44, 0x45, 0x44, 0x55
.byte 0x44, 0x55, 0x44, 0x55, 0x44, 0x45, 0xc4, 0x55, 0x44, 0x55, 0x44, 0x55, 0x44, 0x45, 0x44, 0x45
.byte 0xc4, 0x44, 0x44, 0x55, 0x44, 0x45, 0xc4, 0x44, 0x44, 0x55, 0x44, 0x45, 0x44, 0x55, 0x44, 0x45
.byte 0x44, 0x55, 0x44, 0x45, 0x44, 0x55, 0x44, 0x45, 0xc4, 0x44, 0xc4, 0x44, 0x42, 0x44, 0x44, 0x44
.byte 0xa4, 0x53, 0x24, 0x63, 0x24, 0x63, 0x26, 0x73, 0x26, 0x73, 0x24, 0x63, 0x24, 0x53, 0xa4, 0x53
.byte 0x44, 0x44, 0x42, 0x34, 0x44, 0x44, 0x44, 0x44, 0x42, 0x44, 0x44, 0x44, 0xc4, 0x44, 0x44, 0x34
.byte 0x44, 0x44, 0x42, 0x34, 0x44, 0x44, 0x42, 0x34, 0x44, 0x44, 0xa2, 0x33, 0xa4, 0x33, 0xa2, 0x43
.byte 0xa2, 0x33, 0x22, 0x43, 0x22, 0x33, 0x24, 0x43, 0x22, 0x43, 0xa4, 0x42, 0xa4, 0x52, 0x24, 0x53
.byte 0xa4, 0x62, 0xa6, 0x62, 0xa6, 0x72, 0xa4, 0x72, 0xa6, 0x8a, 0x26, 0x73, 0x26, 0x8b, 0x26, 0x9b
.byte 0xa8, 0xbb, 0x48, 0xbc, 0x48, 0xcc, 0x4a, 0xcc, 0x48, 0xcc, 0x48, 0xbc, 0x48, 0xbc, 0xa8, 0xbb
.byte 0x48, 0xbc, 0xa8, 0xbb, 0xa8, 0xbb, 0x48, 0xbc, 0xa8, 0xbb, 0x48, 0xac, 0xa6, 0xbb, 0xa8, 0xbb
.byte 0x48, 0xbc, 0xa6, 0xab, 0xa8, 0xab, 0xa6, 0xab, 0x28, 0xab, 0xa6, 0xab, 0x28, 0xab, 0xa6, 0xab
.byte 0x28, 0xab, 0xa6, 0xab, 0x26, 0xab, 0x26, 0x9b, 0x26, 0x8b, 0xa6, 0x9a, 0x26, 0x8b, 0x26, 0x9b
.byte 0xa8, 0xbb, 0x48, 0xbc, 0x48, 0xcc, 0x48, 0xcc, 0xc8, 0xcc, 0x48, 0xcc, 0xc8, 0xcc, 0x48, 0xcc
.byte 0x48, 0xcc, 0xca, 0xcc, 0x48, 0xdd, 0x4a, 0xdd, 0xca, 0xdd, 0x4a, 0xdd, 0xca, 0xcd, 0x6a, 0xde
.byte 0xe6, 0x8e, 0xe4, 0x76, 0xe4, 0x76, 0x64, 0x66, 0x64, 0x66, 0xc4, 0x55, 0xc4, 0x55, 0x42, 0x55
.byte 0xc4, 0x54, 0xc2, 0x54, 0x44, 0x55, 0x42, 0x55, 0xc4, 0x55, 0xc4, 0x65, 0xc4, 0x65, 0xc4, 0x65
.byte 0xc4, 0x65, 0xc4, 0x55, 0x44, 0x55, 0xc2, 0x55, 0xc4, 0x65, 0x64, 0x66, 0xc4, 0x65, 0x64, 0x66
.byte 0x64, 0x76, 0x64, 0x66, 0x64, 0x66, 0x64, 0x76, 0xe4, 0x76, 0xe6, 0x76, 0xe4, 0x76, 0x66, 0x76
.byte 0xe4, 0x76, 0xe6, 0x76, 0x64, 0x76, 0xe6, 0x8e, 0xe4, 0x8e, 0xe6, 0x8e, 0xe4, 0x8e, 0xe6, 0x8e
.byte 0xe4, 0x76, 0xe6, 0x76, 0xe4, 0x8e, 0x64, 0x76, 0x64, 0x76, 0x64, 0x66, 0xc4, 0x65, 0x64, 0x56
.byte 0xc4, 0x65, 0x64, 0x66, 0x64, 0x76, 0x64, 0x76, 0x64, 0x76, 0xe4, 0x76, 0x64, 0x76, 0xe6, 0x76
.byte 0x64, 0x76, 0x64, 0x76, 0x64, 0x76, 0x64, 0x66, 0x64, 0x66, 0x64, 0x66, 0x64, 0x66, 0xc4, 0x65
.byte 0x66, 0x66, 0x66, 0x76, 0x66, 0x76, 0x66, 0x76, 0x68, 0x8e, 0x68, 0x8e, 0x66, 0x8e, 0x66, 0x8e
.byte 0x66, 0x8e, 0x64, 0x8e, 0x66, 0x8e, 0x66, 0x8e, 0x66, 0x8e, 0x66, 0x8e, 0x64, 0x76, 0x66, 0x76
.byte 0x64, 0x66, 0xc4, 0x65, 0x64, 0x76, 0xc6, 0x75, 0x66, 0x76, 0xc6, 0x75, 0x66, 0x76, 0x66, 0x76
.byte 0x66, 0x8e, 0x66, 0x8e, 0x66, 0x8e, 0x64, 0x8e, 0x64, 0x76, 0xc4, 0x65, 0xc4, 0x65, 0x64, 0x56
.byte 0xc4, 0x65, 0x64, 0x56, 0xc2, 0x65, 0x64, 0x56, 0xc4, 0x55, 0x64, 0x56, 0xc4, 0x55, 0x64, 0x66
.byte 0xc2, 0x55, 0x64, 0x66, 0xc4, 0x55, 0x64, 0x56, 0xc4, 0x55, 0xc4, 0x55, 0xc4, 0x55, 0xc4, 0x55
.byte 0xc4, 0x55, 0x64, 0x56, 0xc4, 0x55, 0x64, 0x56, 0xc4, 0x55, 0x64, 0x56, 0xc4, 0x55, 0xc4, 0x55
.byte 0xc4, 0x55, 0xc6, 0x55, 0xc4, 0x55, 0xc4, 0x45, 0x46, 0x55, 0x44, 0x45, 0x44, 0x55, 0x44, 0x45
.byte 0x44, 0x55, 0x44, 0x45, 0xc4, 0x55, 0x44, 0x55, 0xc4, 0x45, 0x44, 0x55, 0x44, 0x45, 0x44, 0x55
.byte 0x42, 0x45, 0xc4, 0x44, 0xc2, 0x44, 0x44, 0x55, 0x44, 0x45, 0x44, 0x55, 0x44, 0x45, 0x44, 0x55
.byte 0x44, 0x45, 0x44, 0x55, 0x44, 0x45, 0xc4, 0x44, 0xc4, 0x44, 0xc2, 0x44, 0x44, 0x44, 0x42, 0x44
.byte 0x24, 0x53, 0x26, 0x63, 0x26, 0x73, 0x26, 0x8b, 0x26, 0x8b, 0x26, 0x73, 0xa4, 0x63, 0xa4, 0x53
.byte 0xa4, 0x43, 0x42, 0x44, 0xa4, 0x33, 0x42, 0x44, 0x44, 0x34, 0x42, 0x44, 0x44, 0x34, 0x42, 0x44
.byte 0x44, 0x44, 0x42, 0x44, 0xa4, 0x33, 0x42, 0x44, 0xa4, 0x33, 0xa2, 0x33, 0xa4, 0x43, 0x22, 0x33
.byte 0x24, 0x43, 0x24, 0x43, 0x24, 0x43, 0x22, 0x43, 0xa4, 0x42, 0xa4, 0x52, 0x24, 0x63, 0xa6, 0x72
.byte 0xa4, 0x72, 0xa6, 0x72, 0x24, 0x8b, 0xa6, 0x72, 0xa6, 0x8a, 0xa4, 0x72, 0xa6, 0x8a, 0x26, 0x8b
.byte 0xa8, 0xab, 0x48, 0xbc, 0x4a, 0xcc, 0x48, 0xcc, 0x4a, 0xcc, 0x48, 0xbc, 0x48, 0xbc, 0xa8, 0xcb
.byte 0x48, 0xbc, 0xa8, 0xbb, 0x48, 0xbc, 0xa8, 0xbb, 0xa8, 0xbb, 0xa8, 0xbb, 0x48, 0xbc, 0xa8, 0xab
.byte 0xa6, 0xbb, 0xa8, 0xbb, 0xa8, 0xab, 0xa6, 0xab, 0xa8, 0xab, 0xa6, 0xab, 0xa8, 0xbb, 0xa6, 0xab
.byte 0xa6, 0xab, 0xa8, 0xab, 0x26, 0xab, 0x26, 0x9b, 0x26, 0x9b, 0xa6, 0x8a, 0xa6, 0x8a, 0x26, 0x9b
.byte 0xa6, 0xab, 0xa8, 0xbb, 0x48, 0xcc, 0x48, 0xcc, 0xc8, 0xcc, 0x48, 0xcc, 0xc8, 0xcc, 0x48, 0xcc
.byte 0xc8, 0xcc, 0xc8, 0xdc, 0x4a, 0xdd, 0x6a, 0xde, 0x6a, 0xde, 0xec, 0xee, 0xec, 0xee, 0xec, 0xee
.byte 0xe6, 0x8e, 0x64, 0x8f, 0xe6, 0x76, 0x64, 0x76, 0x64, 0x66, 0x64, 0x66, 0x42, 0x55, 0x44, 0x55
.byte 0xc2, 0x44, 0xc4, 0x44, 0xc2, 0x54, 0xc4, 0x54, 0x44, 0x55, 0x42, 0x55, 0x44, 0x55, 0x44, 0x55
.byte 0x42, 0x55, 0xc4, 0x54, 0x42, 0x55, 0x44, 0x55, 0x44, 0x55, 0xc2, 0x65, 0x64, 0x66, 0xc4, 0x65
.byte 0xc4, 0x55, 0xc4, 0x65, 0xc4, 0x65, 0x64, 0x66, 0x64, 0x76, 0x64, 0x66, 0x64, 0x76, 0x64, 0x76
.byte 0x64, 0x66, 0x64, 0x76, 0xe6, 0x76, 0x64, 0x76, 0xe6, 0x76, 0xe6, 0x8e, 0xe4, 0x76, 0x66, 0x76
.byte 0x64, 0x76, 0x64, 0x76, 0x64, 0x76, 0x64, 0x66, 0xc4, 0x65, 0xc4, 0x65, 0xc4, 0x55, 0x42, 0x65
.byte 0xc4, 0x65, 0x64, 0x66, 0x64, 0x66, 0x64, 0x66, 0x64, 0x66, 0x64, 0x76, 0x64, 0x76, 0x64, 0x76
.byte 0x64, 0x66, 0x64, 0x76, 0x64, 0x66, 0x64, 0x66, 0xc4, 0x65, 0x64, 0x66, 0xc4, 0x55, 0x64, 0x66
.byte 0xc6, 0x75, 0x68, 0x76, 0x66, 0x8e, 0x66, 0x8e, 0x66, 0x9e, 0x66, 0x9e, 0x66, 0x8e, 0x66, 0x76
.byte 0xc4, 0x8d, 0x66, 0x8e, 0x66, 0x8e, 0x66, 0x8e, 0xe6, 0x8e, 0x66, 0x8e, 0xe4, 0x8e, 0x64, 0x76
.byte 0x64, 0x76, 0x64, 0x66, 0xc6, 0x65, 0x66, 0x76, 0x66, 0x76, 0x66, 0x76, 0x64, 0x66, 0xc4, 0x75
.byte 0x64, 0x76, 0x64, 0x76, 0x64, 0x76, 0x64, 0x76, 0xc4, 0x65, 0x64, 0x66, 0xc4, 0x55, 0xc2, 0x55
.byte 0xc4, 0x55, 0xc4, 0x55, 0xc4, 0x55, 0xc4, 0x55, 0x64, 0x66, 0xc2, 0x55, 0x64, 0x66, 0xc4, 0x55
.byte 0x64, 0x56, 0x64, 0x56, 0xc4, 0x55, 0x64, 0x66, 0xc4, 0x55, 0xc4, 0x55, 0x44, 0x55, 0xc4, 0x55
.byte 0xc4, 0x55, 0xc4, 0x55, 0xc4, 0x55, 0x64, 0x56, 0xc4, 0x55, 0xc4, 0x55, 0xc4, 0x55, 0xc4, 0x55
.byte 0xc4, 0x55, 0x44, 0x45, 0xc4, 0x55, 0x44, 0x55, 0x44, 0x55, 0xc4, 0x55, 0x44, 0x45, 0x44, 0x55
.byte 0x44, 0x45, 0x44, 0x55, 0x44, 0x45, 0x44, 0x55, 0x44, 0x45, 0x44, 0x55, 0x44, 0x45, 0xc4, 0x54
.byte 0xc4, 0x44, 0xc4, 0x44, 0xc4, 0x44, 0xc4, 0x44, 0xc4, 0x44, 0x44, 0x55, 0x44, 0x45, 0x44, 0x55
.byte 0x44, 0x45, 0x44, 0x55, 0x44, 0x45, 0xc4, 0x54, 0xc4, 0x44, 0x42, 0x44, 0x44, 0x44, 0xa4, 0x43
.byte 0xa4, 0x53, 0x24, 0x73, 0x26, 0x8b, 0x26, 0x8b, 0xa6, 0x9b, 0x26, 0x73, 0x24, 0x73, 0xa4, 0x53
.byte 0xa4, 0x53, 0xa2, 0x43, 0xa4, 0x33, 0xa2, 0x43, 0xa2, 0x33, 0x44, 0x34, 0x42, 0x44, 0x44, 0x44
.byte 0xa2, 0x33, 0x44, 0x34, 0xa2, 0x43, 0xa4, 0x33, 0x22, 0x43, 0xa4, 0x43, 0x22, 0x43, 0xa4, 0x43
.byte 0x24, 0x53, 0x24, 0x53, 0xa4, 0x52, 0x24, 0x53, 0xa4, 0x62, 0xa4, 0x62, 0xa6, 0x72, 0xa4, 0x72
.byte 0x26, 0x8b, 0xa6, 0x72, 0xa6, 0x8a, 0x26, 0x8b, 0xa6, 0x8a, 0xa6, 0x72, 0xa6, 0x8a, 0xa6, 0x8a
.byte 0x26, 0x9b, 0xa8, 0xab, 0x48, 0xbc, 0x48, 0xcc, 0x48, 0xcc, 0x48, 0xbc, 0x4a, 0xcc, 0x48, 0xbc
.byte 0xa8, 0xbb, 0x48, 0xbc, 0xa8, 0xbb, 0x48, 0xbc, 0xa8, 0xbb, 0x46, 0xbc, 0xa8, 0xbb, 0x48, 0xbc
.byte 0xa8, 0xbb, 0xa8, 0xab, 0xa6, 0xbb, 0xa8, 0xab, 0xa6, 0xab, 0x28, 0xab, 0xa6, 0xab, 0xa8, 0xab
.byte 0xa6, 0xab, 0xa8, 0xab, 0xa6, 0xab, 0x26, 0x9b, 0x26, 0x9b, 0x26, 0x9b, 0x26, 0x9b, 0x26, 0x9b
.byte 0xa6, 0x9b, 0xa8, 0xbb, 0x48, 0xbc, 0x48, 0xcc, 0x48, 0xcc, 0xc8, 0xcc, 0x48, 0xdc, 0xc8, 0xcc
.byte 0xc8, 0xcc, 0xc8, 0xdc, 0x4a, 0xcd, 0xca, 0xdd, 0x6a, 0xee, 0xec, 0xee, 0xea, 0xee, 0xec, 0xee
.byte 0x64, 0x8f, 0xe6, 0x76, 0xe4, 0x76, 0xe4, 0x76, 0x64, 0x66, 0xc4, 0x65, 0xc4, 0x55, 0x42, 0x55
.byte 0xc2, 0x44, 0x42, 0x44, 0x44, 0x44, 0xc2, 0x44, 0xc2, 0x44, 0xc4, 0x54, 0x42, 0x45, 0xc4, 0x54
.byte 0xc2, 0x44, 0xc4, 0x44, 0xc2, 0x44, 0xc4, 0x54, 0x42, 0x55, 0x44, 0x55, 0x44, 0x55, 0x42, 0x55
.byte 0x44, 0x55, 0x42, 0x55, 0xc4, 0x65, 0xc4, 0x65, 0x64, 0x66, 0x64, 0x66, 0x64, 0x76, 0x64, 0x66
.byte 0x64, 0x76, 0x64, 0x66, 0x64, 0x76, 0x64, 0x76, 0xe4, 0x76, 0xe4, 0x76, 0x64, 0x76, 0x64, 0x76
.byte 0x64, 0x66, 0x64, 0x66, 0x64, 0x66, 0x64, 0x66, 0xc4, 0x65, 0x42, 0x55, 0x44, 0x55, 0xc4, 0x55
.byte 0xc4, 0x55, 0xc4, 0x65, 0x64, 0x66, 0x64, 0x66, 0x64, 0x66, 0xc4, 0x65, 0x64, 0x66, 0x64, 0x66
.byte 0x64, 0x66, 0x64, 0x76, 0x64, 0x66, 0xc4, 0x65, 0x64, 0x66, 0xc4, 0x55, 0xc4, 0x65, 0xc6, 0x65
.byte 0x66, 0x76, 0x66, 0x76, 0x66, 0x8e, 0x66, 0x8e, 0x66, 0x9e, 0x66, 0x8e, 0xc6, 0x8d, 0xc4, 0x75
.byte 0x64, 0x76, 0x66, 0x76, 0x66, 0x8e, 0x68, 0x8e, 0x66, 0x8e, 0x66, 0x76, 0x66, 0x76, 0x64, 0x76
.byte 0x64, 0x76, 0x64, 0x66, 0x64, 0x66, 0x64, 0x66, 0xc4, 0x65, 0x64, 0x66, 0xc4, 0x65, 0x64, 0x56
.byte 0x64, 0x66, 0xc4, 0x65, 0x64, 0x66, 0xc4, 0x65, 0x64, 0x66, 0xc4, 0x55, 0xc2, 0x55, 0xc4, 0x55
.byte 0x42, 0x55, 0xc4, 0x55, 0xc4, 0x55, 0xc2, 0x55, 0x64, 0x56, 0xc4, 0x55, 0x64, 0x56, 0xc4, 0x55
.byte 0x64, 0x66, 0xc4, 0x55, 0x64, 0x66, 0xc4, 0x55, 0xc4, 0x55, 0xc2, 0x55, 0x44, 0x45, 0x42, 0x55
.byte 0x44, 0x55, 0xc4, 0x45, 0xc4, 0x55, 0xc4, 0x55, 0xc4, 0x55, 0xc4, 0x55, 0xc4, 0x45, 0x44, 0x55
.byte 0xc4, 0x55, 0x44, 0x55, 0xc4, 0x45, 0x44, 0x55, 0xc4, 0x45, 0x44, 0x55, 0x44, 0x45, 0x44, 0x55
.byte 0x44, 0x45, 0xc4, 0x44, 0x44, 0x55, 0x44, 0x55, 0x44, 0x45, 0x44, 0x55, 0x44, 0x45, 0xc4, 0x44
.byte 0x42, 0x44, 0x44, 0x44, 0x42, 0x44, 0xc4, 0x44, 0xc4, 0x44, 0x42, 0x55, 0xc4, 0x44, 0x44, 0x55
.byte 0xc4, 0x44, 0xc4, 0x54, 0xc4, 0x44, 0xc4, 0x44, 0xc2, 0x44, 0x44, 0x44, 0x42, 0x44, 0xa4, 0x53
.byte 0xa4, 0x63, 0x24, 0x63, 0x26, 0x8b, 0x26, 0x9b, 0x28, 0x9b, 0xa6, 0x9b, 0xa6, 0x73, 0xa6, 0x63
.byte 0xa4, 0x53, 0x24, 0x43, 0xa2, 0x43, 0x24, 0x33, 0xa2, 0x33, 0xa4, 0x43, 0xa2, 0x33, 0x44, 0x34
.byte 0xa2, 0x43, 0x24, 0x43, 0xa2, 0x33, 0x22, 0x43, 0x24, 0x43, 0x22, 0x43, 0xa4, 0x43, 0x22, 0x53
.byte 0x24, 0x53, 0x24, 0x73, 0x26, 0x73, 0xa4, 0x72, 0x26, 0x63, 0xa4, 0x72, 0xa6, 0x72, 0x26, 0x8b
.byte 0xa6, 0x72, 0xa6, 0x8a, 0x26, 0x8b, 0xa6, 0x72, 0xa6, 0x8a, 0x24, 0x73, 0xa6, 0x8a, 0xa4, 0x72
.byte 0x26, 0x8b, 0x26, 0xab, 0xa8, 0xbb, 0x48, 0xbc, 0x4a, 0xcc, 0x48, 0xcc, 0x48, 0xcc, 0x48, 0xbc
.byte 0x48, 0xcc, 0x48, 0xbc, 0xa8, 0xbb, 0xa8, 0xbb, 0xa8, 0xbb, 0xa8, 0xbb, 0xa8, 0xbb, 0xa6, 0xbb
.byte 0xa8, 0xbb, 0xa8, 0xbb, 0xa6, 0xab, 0xa8, 0xab, 0xa6, 0xab, 0xa8, 0xab, 0xa6, 0xab, 0xa6, 0xab
.byte 0xa6, 0xbb, 0xa6, 0xab, 0xa8, 0xab, 0x26, 0xab, 0xa6, 0xab, 0x26, 0x9b, 0x24, 0x9b, 0xa6, 0xab
.byte 0x26, 0xab, 0x48, 0xbc, 0x48, 0xcc, 0x48, 0xcc, 0x4a, 0xcc, 0xc8, 0xcc, 0x48, 0xcc, 0xc8, 0xcc
.byte 0xc8, 0xcc, 0xc8, 0xcc, 0x48, 0xdd, 0xca, 0xdd, 0x6a, 0xde, 0xec, 0xee, 0xec, 0xee, 0x6c, 0xef
.byte 0xe6, 0x76, 0xe4, 0x8e, 0xe6, 0x76, 0xe4, 0x66, 0x64, 0x66, 0x64, 0x66, 0xc4, 0x55, 0x42, 0x55
.byte 0xc4, 0x44, 0xc2, 0x44, 0x42, 0x44, 0x42, 0x44, 0x44, 0x44, 0x42, 0x44, 0x44, 0x44, 0xc2, 0x44
.byte 0x42, 0x44, 0x42, 0x44, 0x42, 0x44, 0xc2, 0x44, 0xc4, 0x44, 0x42, 0x55, 0xc4, 0x44, 0xc2, 0x54
.byte 0xc4, 0x44, 0x42, 0x55, 0x44, 0x55, 0xc4, 0x65, 0xc4, 0x65, 0x64, 0x66, 0x64, 0x66, 0x64, 0x66
.byte 0x64, 0x66, 0x64, 0x66, 0x64, 0x66, 0x64, 0x76, 0x64, 0x76, 0x64, 0x76, 0x64, 0x66, 0x64, 0x76
.byte 0x64, 0x66, 0x64, 0x66, 0xc4, 0x65, 0xc4, 0x55, 0xc2, 0x55, 0x44, 0x55, 0x42, 0x45, 0x44, 0x55
.byte 0xc2, 0x55, 0xc4, 0x65, 0xc4, 0x55, 0x62, 0x66, 0xc4, 0x55, 0xc4, 0x65, 0x64, 0x66, 0xc4, 0x65
.byte 0x64, 0x76, 0x64, 0x66, 0x64, 0x66, 0x64, 0x66, 0xc4, 0x65, 0xc4, 0x65, 0xc4, 0x65, 0xc4, 0x65
.byte 0x66, 0x66, 0x66, 0x76, 0x66, 0x76, 0x64, 0x8e, 0x66, 0x8e, 0xc4, 0x8d, 0xc4, 0x75, 0x64, 0x76
.byte 0x66, 0x66, 0x64, 0x76, 0x66, 0x8e, 0x66, 0x8e, 0xe6, 0x76, 0x66, 0x76, 0x64, 0x76, 0x66, 0x66
.byte 0x64, 0x76, 0x64, 0x66, 0x64, 0x66, 0xc4, 0x65, 0x64, 0x56, 0x64, 0x66, 0xc4, 0x55, 0x64, 0x66
.byte 0xc2, 0x65, 0x64, 0x56, 0xc2, 0x65, 0x64, 0x56, 0xc4, 0x65, 0xc2, 0x55, 0xc4, 0x55, 0xc4, 0x55
.byte 0x44, 0x55, 0xc4, 0x55, 0x42, 0x55, 0xc4, 0x55, 0xc4, 0x55, 0xc4, 0x55, 0x64, 0x66, 0xc4, 0x55
.byte 0xc4, 0x55, 0x64, 0x56, 0xc4, 0x55, 0x64, 0x56, 0xc4, 0x55, 0x44, 0x55, 0x44, 0x55, 0x44, 0x45
.byte 0x44, 0x55, 0x44, 0x55, 0x44, 0x55, 0xc4, 0x55, 0xc4, 0x55, 0xc4, 0x55, 0x44, 0x55, 0xc4, 0x55
.byte 0x44, 0x45, 0x44, 0x55, 0x44, 0x45, 0x44, 0x55, 0x44, 0x55, 0x44, 0x45, 0x44, 0x55, 0x44, 0x55
.byte 0xc2, 0x44, 0x44, 0x55, 0xc4, 0x44, 0x44, 0x45, 0x42, 0x55, 0xc4, 0x44, 0xc4, 0x54, 0xc2, 0x44
.byte 0x44, 0x54, 0xa2, 0x43, 0x44, 0x44, 0x42, 0x44, 0x44, 0x44, 0xc4, 0x44, 0xc4, 0x44, 0xc4, 0x44
.byte 0x44, 0x44, 0x42, 0x44, 0xc4, 0x44, 0x42, 0x44, 0x44, 0x44, 0x44, 0x44, 0xa4, 0x53, 0x24, 0x53
.byte 0x24, 0x63, 0x26, 0x8b, 0x26, 0x8b, 0xa6, 0xab, 0xa8, 0x9b, 0xa6, 0x9b, 0x26, 0x9b, 0xa6, 0x73
.byte 0x24, 0x73, 0x24, 0x53, 0x22, 0x43, 0x22, 0x43, 0x22, 0x43, 0x22, 0x33, 0x22, 0x43, 0x22, 0x43
.byte 0x24, 0x43, 0x22, 0x43, 0x24, 0x53, 0xa4, 0x52, 0x24, 0x53, 0x24, 0x53, 0x24, 0x53, 0x24, 0x53
.byte 0x24, 0x53, 0x26, 0x73, 0xa6, 0x72, 0x24, 0x73, 0xa6, 0x72, 0xa6, 0x8a, 0x26, 0x8b, 0xa6, 0x8a
.byte 0xa6, 0x8a, 0x26, 0x8b, 0xa6, 0x8a, 0x24, 0x8b, 0xa6, 0x8a, 0xa6, 0x8a, 0xa6, 0x72, 0xa6, 0x8a
.byte 0x26, 0x8b, 0x26, 0x9b, 0xa8, 0xab, 0xa8, 0xbb, 0x48, 0xcc, 0x4a, 0xcc, 0x48, 0xbc, 0x4a, 0xcc
.byte 0x48, 0xbc, 0x48, 0xcc, 0xa8, 0xbb, 0x48, 0xbc, 0xa8, 0xbb, 0x46, 0xbc, 0xa8, 0xbb, 0x48, 0xbc
.byte 0xa8, 0xbb, 0x46, 0xbc, 0xa8, 0xbb, 0xa8, 0xab, 0xa6, 0xab, 0xa6, 0xab, 0x46, 0xbc, 0x46, 0xbc
.byte 0x46, 0xac, 0x46, 0xbc, 0xa6, 0xab, 0x46, 0xac, 0xa6, 0xab, 0x46, 0xac, 0x44, 0xac, 0xa6, 0xab
.byte 0xa6, 0xab, 0xa8, 0xbb, 0x48, 0xbc, 0x48, 0xcc, 0x48, 0xcc, 0x48, 0xcc, 0x48, 0xcc, 0xc8, 0xcc
.byte 0x48, 0xdc, 0xc8, 0xcc, 0x46, 0xdd, 0x48, 0xdd, 0x6a, 0xde, 0x6a, 0xee, 0xec, 0xee, 0x6a, 0xef
.byte 0xe6, 0x8e, 0xe4, 0x76, 0xe6, 0x76, 0x64, 0x76, 0xe4, 0x66, 0x64, 0x66, 0xc4, 0x65, 0xc4, 0x55
.byte 0x42, 0x55, 0xc2, 0x44, 0x44, 0x44, 0x42, 0x44, 0x42, 0x44, 0x42, 0x44, 0x42, 0x44, 0xa4, 0x43
.byte 0x42, 0x44, 0x44, 0x44, 0x42, 0x44, 0xc4, 0x44, 0x42, 0x44, 0x44, 0x44, 0xc2, 0x44, 0x42, 0x44
.byte 0xc2, 0x44, 0xc4, 0x44, 0x42, 0x55, 0x44, 0x55, 0xc2, 0x55, 0xc4, 0x65, 0xc4, 0x65, 0x64, 0x66
.byte 0xc4, 0x65, 0xc4, 0x65, 0x64, 0x66, 0xc4, 0x65, 0x64, 0x66, 0x64, 0x66, 0xc4, 0x65, 0x64, 0x66
.byte 0xc2, 0x55, 0xc4, 0x55, 0xc4, 0x55, 0xc2, 0x55, 0x44, 0x55, 0x42, 0x55, 0x44, 0x55, 0x42, 0x55
.byte 0xc4, 0x55, 0xc2, 0x55, 0xc4, 0x65, 0xc4, 0x65, 0xc4, 0x65, 0xc4, 0x55, 0xc4, 0x65, 0x64, 0x66
.byte 0x64, 0x76, 0x64, 0x76, 0x64, 0x76, 0x64, 0x76, 0x64, 0x66, 0x64, 0x76, 0x64, 0x66, 0x64, 0x76
.byte 0x64, 0x76, 0x66, 0x76, 0x64, 0x76, 0x66, 0x76, 0x64, 0x76, 0x66, 0x76, 0xc4, 0x75, 0x64, 0x76
.byte 0x64, 0x76, 0x66, 0x8e, 0xe6, 0x8e, 0xe8, 0x8e, 0x66, 0x8e, 0xe6, 0x76, 0x64, 0x76, 0x64, 0x76
.byte 0x64, 0x76, 0x66, 0x76, 0x64, 0x66, 0x64, 0x66, 0xc4, 0x65, 0xc4, 0x55, 0x62, 0x56, 0xc4, 0x55
.byte 0x64, 0x56, 0xc4, 0x65, 0x64, 0x56, 0x64, 0x66, 0xc2, 0x55, 0xc4, 0x55, 0xc4, 0x55, 0x42, 0x55
.byte 0xc4, 0x55, 0x42, 0x55, 0xc4, 0x55, 0x44, 0x55, 0xc4, 0x55, 0xc2, 0x55, 0x64, 0x56, 0xc4, 0x65
.byte 0x64, 0x56, 0xc4, 0x55, 0xc2, 0x55, 0xc4, 0x55, 0x44, 0x55, 0x44, 0x55, 0xc2, 0x44, 0xc4, 0x44
.byte 0xc2, 0x44, 0x44, 0x45, 0x44, 0x55, 0x44, 0x45, 0xc4, 0x55, 0x44, 0x55, 0xc4, 0x55, 0x44, 0x45
.byte 0x44, 0x55, 0x42, 0x45, 0x44, 0x55, 0x44, 0x55, 0x44, 0x45, 0x44, 0x55, 0x42, 0x45, 0x44, 0x45
.byte 0xc4, 0x44, 0x44, 0x45, 0x42, 0x55, 0xc4, 0x44, 0xc4, 0x54, 0xc4, 0x44, 0xc2, 0x44, 0x44, 0x44
.byte 0xa4, 0x43, 0xa4, 0x53, 0xa4, 0x53, 0x42, 0x44, 0x44, 0x44, 0x42, 0x44, 0x44, 0x44, 0x42, 0x54
.byte 0xa4, 0x43, 0xa4, 0x53, 0xa4, 0x53, 0x44, 0x44, 0xa2, 0x43, 0xa4, 0x53, 0xa4, 0x53, 0x24, 0x63
.byte 0x26, 0x73, 0xa6, 0x8a, 0x26, 0x8b, 0xa8, 0x9b, 0x26, 0xab, 0xa8, 0xab, 0xa6, 0x9b, 0x26, 0x9b
.byte 0x26, 0x73, 0x24, 0x63, 0x24, 0x63, 0x24, 0x53, 0x24, 0x63, 0x24, 0x53, 0x24, 0x53, 0x24, 0x53
.byte 0xa4, 0x52, 0x24, 0x53, 0xa4, 0x62, 0x24, 0x53, 0xa4, 0x62, 0x24, 0x63, 0x24, 0x53, 0x24, 0x53
.byte 0xa4, 0x53, 0x24, 0x73, 0x26, 0x8b, 0xa6, 0x8a, 0xa6, 0x8a, 0x24, 0x8b, 0xa6, 0x72, 0xa6, 0x8a
.byte 0x26, 0x8b, 0xa6, 0x8a, 0xa6, 0x8a, 0xa6, 0x8a, 0xa6, 0x8a, 0xa6, 0x8a, 0x26, 0x8b, 0xa6, 0x8a
.byte 0x26, 0x8b, 0x26, 0x8b, 0xa8, 0xab, 0x48, 0xbc, 0x48, 0xcc, 0x48, 0xcc, 0xc8, 0xcc, 0x48, 0xcc
.byte 0x48, 0xcc, 0x48, 0xbc, 0x48, 0xcc, 0xa8, 0xbb, 0x48, 0xbc, 0xa8, 0xbb, 0x46, 0xbc, 0x48, 0xbc
.byte 0xa6, 0xbb, 0x48, 0xbc, 0xa6, 0xbb, 0xa6, 0xab, 0xa8, 0xab, 0xa6, 0xab, 0x46, 0xbc, 0x46, 0xbc
.byte 0xc6, 0xcc, 0xc6, 0xcc, 0x46, 0xbc, 0x46, 0xbc, 0xc6, 0xcc, 0xc4, 0xbc, 0xc4, 0xbc, 0x46, 0xbc
.byte 0x44, 0xbc, 0x46, 0xbc, 0x48, 0xcc, 0x48, 0xcc, 0x48, 0xcc, 0xc8, 0xcc, 0x48, 0xcc, 0x48, 0xcc
.byte 0xc8, 0xcc, 0xc6, 0xcc, 0x48, 0xcd, 0xc8, 0xdd, 0x6a, 0xde, 0xea, 0xee, 0xea, 0xee, 0xea, 0xee
.byte 0xe6, 0x76, 0xe4, 0x76, 0xe4, 0x76, 0xe4, 0x76, 0x64, 0x66, 0x64, 0x66, 0x64, 0x56, 0xc4, 0x55
.byte 0x42, 0x55, 0xc4, 0x54, 0xc2, 0x44, 0xc2, 0x44, 0x44, 0x44, 0x42, 0x44, 0xa2, 0x43, 0x42, 0x34
.byte 0x42, 0x44, 0x42, 0x44, 0x42, 0x44, 0x42, 0x44, 0x42, 0x44, 0x42, 0x44, 0xa2, 0x33, 0xa2, 0x43
.byte 0x44, 0x44, 0x42, 0x44, 0xc2, 0x44, 0xc4, 0x54, 0x44, 0x55, 0x42, 0x55, 0xc4, 0x65, 0xc4, 0x55
.byte 0xc2, 0x65, 0xc4, 0x55, 0xc4, 0x65, 0xc4, 0x55, 0xc4, 0x65, 0xc4, 0x65, 0xc4, 0x55, 0x44, 0x55
.byte 0x42, 0x55, 0x44, 0x55, 0xc2, 0x55, 0x44, 0x55, 0x42, 0x55, 0x44, 0x45, 0x42, 0x55, 0x44, 0x45
.byte 0x42, 0x55, 0xc4, 0x55, 0xc2, 0x55, 0xc4, 0x65, 0x64, 0x66, 0x64, 0x76, 0x64, 0x76, 0x64, 0x76
.byte 0x66, 0x8e, 0xe4, 0x8e, 0x66, 0x76, 0xe4, 0x8e, 0x64, 0x8e, 0xe6, 0x76, 0x64, 0x76, 0xe6, 0x8e
.byte 0x64, 0x76, 0xe6, 0x76, 0x64, 0x76, 0xe4, 0x76, 0x64, 0x76, 0x64, 0x76, 0x64, 0x76, 0x66, 0x76
.byte 0x66, 0x8e, 0xe6, 0x8e, 0xe6, 0x9e, 0xe6, 0x8e, 0x66, 0x8e, 0x64, 0x76, 0x64, 0x76, 0x66, 0x76
.byte 0xe6, 0x8e, 0x66, 0x76, 0x64, 0x76, 0x64, 0x66, 0xc4, 0x55, 0xc2, 0x55, 0xc4, 0x65, 0xc4, 0x55
.byte 0xc2, 0x65, 0x64, 0x56, 0xc4, 0x65, 0xc2, 0x55, 0xc4, 0x55, 0xc4, 0x55, 0x42, 0x55, 0xc4, 0x55
.byte 0x42, 0x55, 0xc4, 0x45, 0x44, 0x55, 0x42, 0x55, 0xc4, 0x55, 0xc4, 0x55, 0xc4, 0x55, 0xc2, 0x55
.byte 0xc4, 0x55, 0xc4, 0x55, 0x44, 0x55, 0xc4, 0x55, 0x42, 0x55, 0x44, 0x45, 0xc2, 0x44, 0x44, 0x44
.byte 0x42, 0x44, 0xc4, 0x44, 0xc4, 0x44, 0x44, 0x55, 0x44, 0x55, 0x44, 0x45, 0x44, 0x55, 0x44, 0x45
.byte 0x44, 0x55, 0xc4, 0x44, 0xc4, 0x44, 0x44, 0x45, 0xc4, 0x54, 0x44, 0x45, 0xc4, 0x54, 0xc4, 0x44
.byte 0xc2, 0x54, 0xc4, 0x44, 0xc4, 0x44, 0xc2, 0x44, 0xc4, 0x44, 0xc2, 0x44, 0xc4, 0x44, 0x42, 0x44
.byte 0xa4, 0x53, 0xa2, 0x43, 0xa4, 0x43, 0xa2, 0x43, 0x44, 0x44, 0x42, 0x44, 0x44, 0x44, 0xa4, 0x53
.byte 0xa4, 0x63, 0x24, 0x63, 0xa4, 0x63, 0xa4, 0x53, 0xa4, 0x53, 0xa4, 0x53, 0x24, 0x63, 0x24, 0x73
.byte 0xa6, 0x8a, 0x26, 0x8b, 0x26, 0x9b, 0x26, 0x9b, 0xa8, 0xab, 0x26, 0x9b, 0xa8, 0xab, 0x26, 0x9b
.byte 0xa6, 0x9b, 0x26, 0x73, 0x26, 0x73, 0x26, 0x73, 0x26, 0x73, 0x24, 0x63, 0xa4, 0x62, 0x24, 0x63
.byte 0xa4, 0x72, 0xa4, 0x72, 0xa6, 0x72, 0xa4, 0x72, 0xa6, 0x72, 0x24, 0x63, 0xa4, 0x53, 0xa4, 0x53
.byte 0x24, 0x53, 0x24, 0x63, 0x26, 0x73, 0xa6, 0x72, 0x26, 0x8b, 0xa6, 0x8a, 0xa6, 0x8a, 0x24, 0x8b
.byte 0xa6, 0x8a, 0xa6, 0x8a, 0x26, 0x8b, 0x26, 0x8b, 0x26, 0x8b, 0x26, 0x9b, 0x26, 0x8b, 0xa8, 0x9b
.byte 0x26, 0x9b, 0xa8, 0x9b, 0xa6, 0xab, 0xa8, 0xbb, 0x48, 0xbc, 0x48, 0xcc, 0x48, 0xcc, 0x48, 0xbc
.byte 0x48, 0xcc, 0x48, 0xcc, 0x48, 0xbc, 0xa8, 0xbb, 0x46, 0xbc, 0xa8, 0xbb, 0x46, 0xbc, 0x48, 0xbc
.byte 0x46, 0xbc, 0x46, 0xbc, 0x46, 0xbc, 0xa8, 0xbb, 0x46, 0xbc, 0x46, 0xbc, 0x46, 0xbc, 0xc4, 0xbc
.byte 0x46, 0xcd, 0x48, 0xcd, 0x48, 0xcd, 0x4a, 0xcd, 0x46, 0xcd, 0x44, 0xdd, 0x44, 0xcd, 0x44, 0xcd
.byte 0xc6, 0xbc, 0xc6, 0xcc, 0xc6, 0xcc, 0xc8, 0xcc, 0xc6, 0xcc, 0x48, 0xcc, 0xc8, 0xcc, 0xc8, 0xcc
.byte 0xc6, 0xdc, 0x46, 0xcd, 0x46, 0xdd, 0xc8, 0xdd, 0x68, 0xde, 0xea, 0xee, 0xea, 0xee, 0xe8, 0xee
.byte 0x66, 0x8f, 0xe6, 0x76, 0xe4, 0x76, 0x66, 0x66, 0x64, 0x76, 0x64, 0x66, 0x64, 0x66, 0xc2, 0x65
.byte 0xc4, 0x55, 0x44, 0x55, 0xc2, 0x44, 0xc4, 0x54, 0xc2, 0x44, 0x42, 0x44, 0xa2, 0x33, 0x44, 0x44
.byte 0xa2, 0x43, 0x42, 0x44, 0x44, 0x44, 0xa2, 0x43, 0x42, 0x34, 0xa2, 0x33, 0x22, 0x43, 0xa2, 0x33
.byte 0x22, 0x43, 0xa2, 0x43, 0x44, 0x44, 0xc2, 0x44, 0xc2, 0x44, 0x44, 0x55, 0x42, 0x55, 0x44, 0x55
.byte 0x44, 0x55, 0x42, 0x55, 0x44, 0x55, 0x42, 0x55, 0x44, 0x55, 0x42, 0x55, 0x44, 0x55, 0x42, 0x55
.byte 0xc4, 0x44, 0x42, 0x55, 0x44, 0x55, 0x42, 0x55, 0x44, 0x45, 0x42, 0x55, 0x42, 0x45, 0xc4, 0x54
.byte 0x42, 0x55, 0x44, 0x55, 0xc4, 0x55, 0xc4, 0x65, 0x64, 0x76, 0x64, 0x8e, 0x66, 0x76, 0xe4, 0x8e
.byte 0xe6, 0x8e, 0xe6, 0x8e, 0xe4, 0x8e, 0xe6, 0x8e, 0xe6, 0x8e, 0xe4, 0x8e, 0xe6, 0x8e, 0xe4, 0x8e
.byte 0xe6, 0x8e, 0x64, 0x8e, 0x64, 0x76, 0x64, 0x76, 0x66, 0x76, 0x64, 0x66, 0x64, 0x76, 0xe4, 0x76
.byte 0xe6, 0x8e, 0xe6, 0x8e, 0xe6, 0x8e, 0xe6, 0x8e, 0x66, 0x76, 0x64, 0x66, 0x64, 0x66, 0x64, 0x76
.byte 0x66, 0x76, 0x64, 0x76, 0x64, 0x76, 0x64, 0x66, 0xc4, 0x55, 0xc4, 0x55, 0xc2, 0x55, 0xc4, 0x55
.byte 0xc4, 0x55, 0xc2, 0x55, 0xc4, 0x55, 0xc4, 0x55, 0xc4, 0x55, 0xc2, 0x55, 0x44, 0x55, 0x44, 0x55
.byte 0xc2, 0x55, 0x44, 0x55, 0x42, 0x55, 0x44, 0x45, 0x44, 0x55, 0x42, 0x45, 0xc4, 0x55, 0x44, 0x55
.byte 0x44, 0x55, 0x42, 0x55, 0x44, 0x55, 0xc2, 0x44, 0xc4, 0x44, 0xc4, 0x44, 0x42, 0x44, 0x44, 0x44
.byte 0x42, 0x44, 0xc4, 0x44, 0xc2, 0x44, 0x44, 0x45, 0x44, 0x55, 0x44, 0x45, 0x44, 0x55, 0xc4, 0x44
.byte 0xc2, 0x44, 0xc4, 0x44, 0xc2, 0x54, 0xc4, 0x44, 0xc2, 0x44, 0xc4, 0x44, 0xc4, 0x44, 0xc2, 0x44
.byte 0xc4, 0x44, 0xc2, 0x44, 0x44, 0x54, 0xc2, 0x44, 0xc4, 0x44, 0xc2, 0x44, 0x44, 0x44, 0x42, 0x44
.byte 0xa4, 0x43, 0xa4, 0x53, 0x22, 0x53, 0xa4, 0x53, 0xa4, 0x53, 0xa4, 0x43, 0xa4, 0x53, 0x24, 0x53
.byte 0x24, 0x73, 0x26, 0x8b, 0x26, 0x73, 0x24, 0x73, 0xa4, 0x63, 0x24, 0x63, 0x24, 0x73, 0xa6, 0x72
.byte 0x26, 0x8b, 0x26, 0x8b, 0x26, 0x9b, 0x26, 0x9b, 0xa8, 0xab, 0xa8, 0xab, 0xa8, 0xab, 0xa6, 0x9b
.byte 0x26, 0x9b, 0xa6, 0x9b, 0x26, 0x9b, 0x26, 0x9b, 0xa6, 0x9b, 0x26, 0x8b, 0x26, 0x8b, 0x26, 0x73
.byte 0xa6, 0x8a, 0x26, 0x8b, 0xa4, 0x72, 0xa6, 0x72, 0x24, 0x73, 0x24, 0x63, 0x24, 0x53, 0xa4, 0x53
.byte 0x42, 0x44, 0xa4, 0x53, 0x24, 0x63, 0xa4, 0x72, 0xa6, 0x72, 0xa4, 0x72, 0x26, 0x73, 0xa6, 0x8a
.byte 0x26, 0x8b, 0x26, 0x9b, 0x26, 0x8b, 0x28, 0x9b, 0xa8, 0x9b, 0xa8, 0x9b, 0x48, 0xac, 0x4a, 0xac
.byte 0x48, 0xac, 0x4a, 0xac, 0xa8, 0x9b, 0xa8, 0xab, 0x4a, 0xbc, 0xc8, 0xcc, 0xc8, 0xcc, 0xc6, 0xcc
.byte 0xc8, 0xcc, 0xc6, 0xbc, 0x48, 0xcc, 0x48, 0xbc, 0x48, 0xbc, 0xa8, 0xbb, 0x46, 0xbc, 0xa8, 0xbb
.byte 0x46, 0xbc, 0x48, 0xbc, 0x46, 0xbc, 0x46, 0xbc, 0x46, 0xbc, 0x46, 0xbc, 0xc6, 0xcc, 0x46, 0xcd
.byte 0xc6, 0xdd, 0xca, 0xdd, 0x6c, 0xde, 0xcc, 0xdd, 0x6a, 0xde, 0xc8, 0xdd, 0xc6, 0xdd, 0xc4, 0xdd
.byte 0x44, 0xcd, 0x44, 0xdd, 0xc4, 0xcd, 0x44, 0xdd, 0x46, 0xcd, 0xc6, 0xdc, 0xc8, 0xcc, 0xc6, 0xcc
.byte 0xc6, 0xcc, 0x46, 0xdd, 0xc4, 0xdd, 0x68, 0xde, 0x68, 0xee, 0xe8, 0xee, 0x68, 0xee, 0xe8, 0xee
.byte 0xe4, 0x76, 0xe4, 0x76, 0xe4, 0x76, 0x64, 0x76, 0xe4, 0x66, 0x64, 0x66, 0x64, 0x66, 0xc4, 0x55
.byte 0xc4, 0x55, 0x42, 0x55, 0x44, 0x55, 0xc2, 0x44, 0xc4, 0x54, 0x42, 0x44, 0x42, 0x44, 0xa2, 0x43
.byte 0xa2, 0x33, 0xa2, 0x43, 0xa2, 0x33, 0xa2, 0x43, 0x22, 0x33, 0x22, 0x43, 0x22, 0x43, 0x22, 0x43
.byte 0x22, 0x43, 0xa2, 0x43, 0xa2, 0x43, 0xa2, 0x43, 0x44, 0x44, 0xc2, 0x44, 0xc4, 0x44, 0xc2, 0x54
.byte 0x42, 0x45, 0xc4, 0x54, 0xc4, 0x44, 0xc2, 0x44, 0xc4, 0x44, 0xc2, 0x54, 0xc4, 0x44, 0x42, 0x44
.byte 0x42, 0x44, 0x44, 0x44, 0xc2, 0x44, 0xc2, 0x44, 0xc4, 0x54, 0xc2, 0x44, 0xc4, 0x44, 0xc2, 0x54
.byte 0x44, 0x55, 0x44, 0x65, 0xc4, 0x65, 0x64, 0x76, 0x66, 0x76, 0xe4, 0x8e, 0xe6, 0x8e, 0xe4, 0x8e
.byte 0xe6, 0x9e, 0xe4, 0x8e, 0xe6, 0x8e, 0xe4, 0x9e, 0xe6, 0x8e, 0xe4, 0x8e, 0xe6, 0x8e, 0xe4, 0x9e
.byte 0xe6, 0x8e, 0xe4, 0x8e, 0xe6, 0x8e, 0xe4, 0x76, 0x64, 0x76, 0x64, 0x66, 0x66, 0x76, 0xe6, 0x76
.byte 0x66, 0x8e, 0xe6, 0x8e, 0x66, 0x8e, 0x64, 0x76, 0x64, 0x66, 0x64, 0x66, 0x64, 0x66, 0x64, 0x66
.byte 0x64, 0x66, 0x64, 0x66, 0x64, 0x66, 0xc4, 0x65, 0x64, 0x56, 0xc2, 0x65, 0xc4, 0x55, 0xc2, 0x55
.byte 0xc4, 0x55, 0xc4, 0x55, 0xc2, 0x55, 0xc4, 0x55, 0x42, 0x55, 0x44, 0x45, 0x42, 0x55, 0x44, 0x55
.byte 0x42, 0x55, 0x44, 0x55, 0x42, 0x45, 0xc4, 0x54, 0x42, 0x55, 0x44, 0x55, 0x42, 0x55, 0x44, 0x45
.byte 0xc2, 0x54, 0xc4, 0x44, 0xc2, 0x44, 0xc4, 0x44, 0x42, 0x44, 0x42, 0x44, 0x42, 0x44, 0xa2, 0x33
.byte 0xa2, 0x43, 0x44, 0x44, 0xc2, 0x44, 0xc4, 0x44, 0xc2, 0x44, 0xc4, 0x44, 0xc4, 0x54, 0xc2, 0x44
.byte 0xc4, 0x54, 0x44, 0x44, 0x44, 0x44, 0x42, 0x44, 0x44, 0x44, 0xc2, 0x44, 0x44, 0x44, 0x42, 0x44
.byte 0x44, 0x54, 0xc4, 0x44, 0xc2, 0x44, 0xc4, 0x44, 0x42, 0x44, 0xc4, 0x44, 0x42, 0x44, 0x44, 0x44
.byte 0xa2, 0x53, 0xa4, 0x53, 0x24, 0x63, 0x24, 0x63, 0xa4, 0x63, 0xa4, 0x63, 0x24, 0x63, 0xa4, 0x73
.byte 0x26, 0x73, 0x26, 0x8b, 0x26, 0x8b, 0x26, 0x8b, 0x26, 0x73, 0x26, 0x73, 0x26, 0x73, 0x26, 0x8b
.byte 0xa6, 0x8a, 0xa6, 0x8a, 0x26, 0x8b, 0x26, 0x9b, 0xa8, 0xab, 0x26, 0x9b, 0xa8, 0xab, 0x26, 0xab
.byte 0xa8, 0x9b, 0x26, 0xab, 0xa8, 0xab, 0xa6, 0x9b, 0x28, 0xab, 0xa6, 0x9b, 0x26, 0x9b, 0x28, 0x8b
.byte 0x26, 0x8b, 0xa6, 0x8a, 0x26, 0x8b, 0xa6, 0x72, 0xa4, 0x62, 0x24, 0x63, 0xa2, 0x53, 0x44, 0x44
.byte 0x44, 0x54, 0xa2, 0x53, 0xa4, 0x53, 0x24, 0x53, 0x24, 0x63, 0x24, 0x63, 0xa6, 0x72, 0x26, 0x8b
.byte 0x26, 0x8b, 0xa8, 0x9b, 0xa8, 0x9b, 0x48, 0xac, 0x4a, 0xac, 0xca, 0xbc, 0xca, 0xbc, 0x4c, 0xbd
.byte 0xcc, 0xbc, 0xca, 0xac, 0xaa, 0x9b, 0xac, 0x9b, 0x4c, 0xac, 0x4a, 0xac, 0xc8, 0xbc, 0xc8, 0xcc
.byte 0xc6, 0xcc, 0xc6, 0xcc, 0xc6, 0xcc, 0x46, 0xbc, 0x48, 0xbc, 0x46, 0xbc, 0xa8, 0xbb, 0x48, 0xbc
.byte 0xa6, 0xbb, 0x48, 0xbc, 0x48, 0xbc, 0x48, 0xbc, 0xc6, 0xbc, 0x48, 0xcd, 0x46, 0xcd, 0xc6, 0xdd
.byte 0xca, 0xdd, 0x6e, 0xee, 0xf1, 0xde, 0x71, 0xee, 0x6c, 0xde, 0x6a, 0xee, 0x6a, 0xde, 0xc8, 0xdd
.byte 0xc6, 0xdd, 0xc4, 0xdd, 0xc4, 0xdd, 0xc4, 0xdd, 0xc4, 0xdd, 0x44, 0xcd, 0x46, 0xdd, 0xc6, 0xcc
.byte 0x46, 0xdd, 0xc4, 0xdd, 0xc6, 0xdd, 0xc4, 0xdd, 0x66, 0xde, 0x68, 0xee, 0xe8, 0xde, 0x66, 0xee
.byte 0xe4, 0x76, 0xe6, 0x76, 0x64, 0x76, 0xe6, 0x66, 0x64, 0x76, 0x64, 0x66, 0x64, 0x66, 0xc4, 0x55
.byte 0xc2, 0x55, 0x44, 0x55, 0x44, 0x55, 0xc2, 0x54, 0xc4, 0x44, 0x42, 0x44, 0xa2, 0x43, 0xa2, 0x33
.byte 0x22, 0x33, 0xa2, 0x43, 0x22, 0x43, 0x22, 0x33, 0x22, 0x43, 0x22, 0x43, 0x22, 0x43, 0x24, 0x53
.byte 0xa2, 0x42, 0x24, 0x43, 0xa2, 0x43, 0xa2, 0x43, 0xa2, 0x43, 0x42, 0x44, 0x42, 0x44, 0x44, 0x44
.byte 0xc2, 0x44, 0x42, 0x44, 0x42, 0x44, 0x42, 0x44, 0x42, 0x34, 0x42, 0x44, 0xa2, 0x33, 0xa2, 0x43
.byte 0xa2, 0x33, 0xa2, 0x43, 0x42, 0x34, 0x44, 0x44, 0xc2, 0x44, 0xc2, 0x44, 0x42, 0x44, 0xc2, 0x44
.byte 0x44, 0x55, 0x44, 0x65, 0x64, 0x76, 0x66, 0x76, 0xe4, 0x8e, 0xe6, 0x8e, 0xe6, 0x9e, 0xe6, 0x8e
.byte 0xe6, 0x8e, 0xe6, 0x9e, 0xe6, 0x8e, 0xe6, 0x8e, 0xe6, 0x9e, 0xe6, 0x8e, 0xe6, 0x9e, 0xe6, 0x8e
.byte 0xe6, 0x8e, 0xe6, 0x8e, 0xe4, 0x8e, 0x66, 0x76, 0x64, 0x76, 0xe4, 0x76, 0x64, 0x76, 0x64, 0x76
.byte 0xe6, 0x76, 0xe6, 0x76, 0x64, 0x76, 0x64, 0x66, 0x64, 0x66, 0xc4, 0x65, 0x64, 0x56, 0xc4, 0x65
.byte 0x62, 0x56, 0x64, 0x66, 0xc4, 0x65, 0x64, 0x56, 0xc2, 0x55, 0xc4, 0x55, 0xc4, 0x55, 0x42, 0x55
.byte 0xc4, 0x55, 0x42, 0x55, 0x44, 0x55, 0x42, 0x55, 0x44, 0x55, 0x42, 0x55, 0x44, 0x55, 0x42, 0x45
.byte 0xc4, 0x54, 0x42, 0x45, 0xc4, 0x54, 0xc2, 0x44, 0xc2, 0x44, 0xc4, 0x44, 0xc2, 0x44, 0xc4, 0x44
.byte 0xc2, 0x44, 0x42, 0x44, 0xc4, 0x44, 0x42, 0x44, 0x42, 0x44, 0x44, 0x44, 0xa2, 0x43, 0xa2, 0x33
.byte 0x44, 0x44, 0x42, 0x44, 0x44, 0x44, 0x44, 0x44, 0xc2, 0x44, 0x44, 0x44, 0xc2, 0x44, 0x44, 0x44
.byte 0x44, 0x44, 0x42, 0x44, 0x42, 0x44, 0x44, 0x44, 0x42, 0x44, 0x44, 0x54, 0x42, 0x54, 0x44, 0x44
.byte 0x44, 0x54, 0x42, 0x54, 0x44, 0x54, 0xc4, 0x44, 0xc2, 0x44, 0xc2, 0x54, 0x44, 0x44, 0x42, 0x44
.byte 0xa4, 0x53, 0x24, 0x63, 0x26, 0x73, 0x26, 0x73, 0x26, 0x73, 0x24, 0x73, 0x26, 0x73, 0x26, 0x73
.byte 0x26, 0x8b, 0x26, 0x9b, 0x28, 0x9b, 0x26, 0x9b, 0x26, 0x8b, 0x26, 0x8b, 0x26, 0x9b, 0x26, 0x8b
.byte 0x26, 0x8b, 0x26, 0x8b, 0x26, 0x8b, 0x26, 0x8b, 0xa6, 0x9b, 0xa8, 0xab, 0xa6, 0xab, 0xa8, 0xab
.byte 0xa8, 0xab, 0xa6, 0xab, 0xa8, 0x9b, 0x26, 0xab, 0xa8, 0xab, 0x26, 0x9b, 0x28, 0x9b, 0x26, 0x9b
.byte 0x26, 0x9b, 0x26, 0x8b, 0xa6, 0x8a, 0xa4, 0x72, 0x24, 0x63, 0x24, 0x53, 0x44, 0x54, 0xc2, 0x44
.byte 0xc4, 0x44, 0x42, 0x44, 0x44, 0x54, 0xa2, 0x43, 0xa4, 0x53, 0x24, 0x53, 0xa6, 0x73, 0xa6, 0x8b
.byte 0x4a, 0x9c, 0x4a, 0xac, 0xca, 0xbc, 0x4a, 0xbd, 0x4c, 0xbd, 0x4c, 0xcd, 0xce, 0xcd, 0xce, 0xcd
.byte 0x4c, 0xcd, 0xcc, 0xac, 0x4e, 0x9c, 0xb1, 0x8b, 0xb1, 0x8b, 0x4e, 0x9c, 0x4a, 0xbc, 0xc8, 0xbc
.byte 0xc6, 0xcc, 0xc6, 0xbc, 0xc6, 0xcc, 0xc6, 0xcc, 0x46, 0xbc, 0x48, 0xcc, 0x46, 0xbc, 0xa8, 0xbb
.byte 0x48, 0xbc, 0xa8, 0xbb, 0x48, 0xbc, 0xca, 0xcc, 0x4c, 0xcd, 0x4a, 0xcd, 0xc8, 0xdd, 0x68, 0xde
.byte 0x6c, 0xde, 0xf1, 0xee, 0xf1, 0xde, 0x71, 0xde, 0x71, 0xee, 0xf1, 0xde, 0x6e, 0xee, 0x6a, 0xee
.byte 0x68, 0xde, 0xc4, 0xed, 0xc4, 0xdd, 0xc4, 0xdd, 0xc4, 0xdd, 0xc4, 0xdd, 0x44, 0xcd, 0x46, 0xcd
.byte 0x44, 0xcd, 0x44, 0xcd, 0xc4, 0xdd, 0x64, 0xde, 0x66, 0xee, 0x66, 0xee, 0xe8, 0xee, 0x68, 0xee
.byte 0xe4, 0x76, 0xe6, 0x76, 0x64, 0x76, 0xe4, 0x66, 0x64, 0x76, 0x64, 0x66, 0x64, 0x66, 0x64, 0x66
.byte 0xc4, 0x55, 0x42, 0x55, 0x44, 0x55, 0xc2, 0x44, 0xc4, 0x44, 0x42, 0x44, 0xa2, 0x43, 0xa2, 0x33
.byte 0x22, 0x43, 0x22, 0x43, 0x22, 0x43, 0x22, 0x53, 0x24, 0x53, 0xa2, 0x52, 0x24, 0x53, 0xa4, 0x62
.byte 0x24, 0x63, 0x22, 0x53, 0x22, 0x43, 0x22, 0x43, 0xa2, 0x43, 0xa4, 0x33, 0xa2, 0x43, 0x42, 0x44
.byte 0x44, 0x44, 0x42, 0x44, 0xa2, 0x33, 0xa2, 0x43, 0xa2, 0x33, 0xa2, 0x33, 0xa2, 0x43, 0xa2, 0x43
.byte 0x22, 0x43, 0xa2, 0x43, 0xa2, 0x43, 0xa2, 0x43, 0xa2, 0x43, 0xa4, 0x43, 0xa2, 0x43, 0x42, 0x44
.byte 0xc4, 0x54, 0xc4, 0x65, 0x64, 0x8e, 0x66, 0x8e, 0xe4, 0x8e, 0xe6, 0x8e, 0xe4, 0x8e, 0xe6, 0x9e
.byte 0xe4, 0x8e, 0xe6, 0x9e, 0xe4, 0x8e, 0xe6, 0x9e, 0xe4, 0x8e, 0xe6, 0x9e, 0xe6, 0x8e, 0xe4, 0x9e
.byte 0xe6, 0x8e, 0xe4, 0x8e, 0xe6, 0x76, 0x64, 0x76, 0xe4, 0x76, 0x66, 0x66, 0x64, 0x76, 0xe6, 0x76
.byte 0x64, 0x76, 0x64, 0x66, 0x64, 0x76, 0x64, 0x66, 0x64, 0x66, 0xc4, 0x55, 0x62, 0x66, 0xc4, 0x55
.byte 0x64, 0x66, 0xc4, 0x55, 0x62, 0x66, 0xc4, 0x55, 0x64, 0x66, 0xc2, 0x55, 0xc4, 0x55, 0xc2, 0x55
.byte 0x44, 0x55, 0x42, 0x55, 0x44, 0x45, 0x42, 0x55, 0x44, 0x45, 0x42, 0x55, 0xc2, 0x44, 0x44, 0x55
.byte 0x42, 0x45, 0x44, 0x55, 0xc2, 0x44, 0xc2, 0x44, 0xc4, 0x44, 0x42, 0x44, 0x42, 0x44, 0x44, 0x44
.byte 0x42, 0x44, 0x44, 0x34, 0x42, 0x44, 0xa4, 0x43, 0xa2, 0x33, 0xa2, 0x43, 0xa4, 0x33, 0xa2, 0x43
.byte 0xa2, 0x33, 0xa2, 0x43, 0x42, 0x34, 0x42, 0x44, 0x42, 0x44, 0x44, 0x44, 0x42, 0x44, 0x44, 0x44
.byte 0x42, 0x54, 0xa4, 0x53, 0xa4, 0x53, 0xa4, 0x53, 0xa4, 0x53, 0xa4, 0x53, 0xa4, 0x53, 0xa4, 0x53
.byte 0xa4, 0x63, 0xa4, 0x53, 0x44, 0x54, 0xc2, 0x54, 0xc4, 0x44, 0x44, 0x44, 0x42, 0x44, 0xa4, 0x53
.byte 0x24, 0x53, 0xa4, 0x73, 0x26, 0x8b, 0x26, 0x9b, 0x26, 0x9b, 0x26, 0x8b, 0x26, 0x8b, 0x26, 0x9b
.byte 0x26, 0x9b, 0x28, 0x9b, 0x26, 0x9b, 0xa8, 0x9b, 0x26, 0xab, 0x26, 0x9b, 0x26, 0x9b, 0x26, 0x9b
.byte 0x26, 0x8b, 0x26, 0x73, 0x24, 0x73, 0x26, 0x73, 0xa6, 0x9b, 0x26, 0x9b, 0xa8, 0xab, 0xa6, 0x9b
.byte 0x26, 0xab, 0xa8, 0x9b, 0x26, 0xab, 0xa8, 0xab, 0xa6, 0x9b, 0x28, 0xab, 0xa6, 0x9b, 0x28, 0x9b
.byte 0x26, 0x8b, 0xa6, 0x8a, 0x26, 0x8b, 0x24, 0x63, 0x24, 0x63, 0xa4, 0x53, 0xc2, 0x44, 0xc4, 0x54
.byte 0xc2, 0x44, 0xc4, 0x54, 0x42, 0x44, 0x44, 0x44, 0x44, 0x54, 0xa4, 0x63, 0x48, 0x8c, 0xc8, 0x9c
.byte 0xca, 0xac, 0x4c, 0xcd, 0xcc, 0xcd, 0x4e, 0xcd, 0xce, 0xcd, 0xce, 0xcd, 0xce, 0xcd, 0xd1, 0xcd
.byte 0xce, 0xbd, 0xd1, 0xac, 0x51, 0x8c, 0xb5, 0x73, 0x35, 0x73, 0xb3, 0x73, 0xae, 0xab, 0x4a, 0xac
.byte 0x4a, 0xbc, 0xc8, 0xbc, 0xc6, 0xbc, 0x46, 0xcd, 0xc4, 0xbc, 0x46, 0xbc, 0x48, 0xbc, 0x46, 0xbc
.byte 0x46, 0xbc, 0x48, 0xbc, 0x4a, 0xbc, 0xcc, 0xcc, 0xce, 0xcd, 0x6e, 0xde, 0x6a, 0xde, 0x6c, 0xde
.byte 0xec, 0xee, 0x71, 0xde, 0xf1, 0xde, 0x71, 0xce, 0xf1, 0xde, 0x71, 0xde, 0x71, 0xee, 0x6c, 0xde
.byte 0x66, 0xee, 0x64, 0xde, 0xc4, 0xdd, 0x64, 0xee, 0xc2, 0xdd, 0xc4, 0xdd, 0x44, 0xcd, 0x46, 0xbd
.byte 0x46, 0xcd, 0x46, 0xcd, 0xc6, 0xdd, 0x66, 0xde, 0x66, 0xee, 0x66, 0xde, 0x68, 0xee, 0xe8, 0xee
.byte 0x64, 0x76, 0xe4, 0x66, 0x64, 0x66, 0xe4, 0x76, 0x64, 0x66, 0x64, 0x66, 0x64, 0x66, 0xc4, 0x55
.byte 0xc2, 0x65, 0xc4, 0x55, 0x42, 0x55, 0x44, 0x55, 0xc2, 0x44, 0x42, 0x44, 0xa2, 0x33, 0xa2, 0x33
.byte 0x22, 0x33, 0x22, 0x43, 0xa2, 0x42, 0x24, 0x63, 0x24, 0x63, 0x24, 0x73, 0x24, 0x73, 0x24, 0x73
.byte 0x24, 0x63, 0xa4, 0x62, 0x24, 0x63, 0x24, 0x53, 0x22, 0x53, 0x22, 0x43, 0x22, 0x43, 0xa2, 0x33
.byte 0xa2, 0x43, 0xa2, 0x33, 0xa2, 0x43, 0xa2, 0x33, 0x22, 0x43, 0x22, 0x43, 0x22, 0x43, 0x24, 0x43
.byte 0xa4, 0x53, 0x24, 0x53, 0xa2, 0x53, 0xa4, 0x53, 0xa2, 0x53, 0xa2, 0x43, 0xa2, 0x43, 0xa2, 0x43
.byte 0xc4, 0x54, 0xc4, 0x65, 0x64, 0x8e, 0xe6, 0x8e, 0xe6, 0x8e, 0xe6, 0x9e, 0xe6, 0x8e, 0xe6, 0x9e
.byte 0xe6, 0x8e, 0xe6, 0x8e, 0xe6, 0x9e, 0xe6, 0x8e, 0xe6, 0x8e, 0xe6, 0x8e, 0xe4, 0x8e, 0xe6, 0x8e
.byte 0xe6, 0x8e, 0xe4, 0x76, 0x66, 0x76, 0x64, 0x76, 0x64, 0x66, 0x64, 0x76, 0x64, 0x66, 0x64, 0x76
.byte 0x64, 0x66, 0x64, 0x76, 0x64, 0x66, 0x64, 0x66, 0x64, 0x66, 0xc2, 0x65, 0xc4, 0x55, 0xc4, 0x55
.byte 0xc2, 0x55, 0xc4, 0x55, 0xc2, 0x55, 0x64, 0x66, 0xc2, 0x55, 0xc4, 0x55, 0xc4, 0x55, 0x42, 0x55
.byte 0x44, 0x55, 0xc2, 0x44, 0xc4, 0x54, 0xc2, 0x44, 0x44, 0x55, 0xc2, 0x44, 0x44, 0x55, 0xc2, 0x54
.byte 0xc2, 0x44, 0xc4, 0x54, 0xc2, 0x44, 0xc4, 0x54, 0xc2, 0x44, 0x44, 0x44, 0x42, 0x44, 0xa2, 0x33
.byte 0xa2, 0x43, 0xa2, 0x43, 0xa2, 0x33, 0xa2, 0x43, 0xa2, 0x43, 0xa2, 0x33, 0x22, 0x43, 0x22, 0x33
.byte 0x22, 0x43, 0xa2, 0x33, 0x24, 0x43, 0xa2, 0x43, 0xa4, 0x43, 0xa2, 0x43, 0xa2, 0x43, 0xa2, 0x43
.byte 0xa4, 0x53, 0xa4, 0x53, 0xa4, 0x63, 0xa4, 0x63, 0xa4, 0x73, 0xa6, 0x73, 0xa4, 0x73, 0xa6, 0x73
.byte 0x24, 0x63, 0xa6, 0x73, 0xa4, 0x63, 0x44, 0x54, 0x42, 0x44, 0x42, 0x54, 0xa4, 0x53, 0xa4, 0x53
.byte 0xa4, 0x73, 0x26, 0x73, 0x26, 0x9b, 0xa6, 0x9b, 0x28, 0x9b, 0x26, 0x9b, 0x26, 0x9b, 0xa8, 0x9b
.byte 0x26, 0x9b, 0x26, 0x9b, 0xa6, 0x9b, 0x28, 0x9b, 0xa6, 0x9b, 0x28, 0x9b, 0xa6, 0x9b, 0x26, 0x8b
.byte 0xa6, 0x8b, 0x24, 0x63, 0xa4, 0x63, 0x26, 0x73, 0xa4, 0x8b, 0xa6, 0x8b, 0x26, 0x8b, 0x26, 0x8b
.byte 0xa6, 0x8b, 0x26, 0x8b, 0xa6, 0x9b, 0x28, 0x9b, 0xa6, 0xab, 0xa8, 0xab, 0x26, 0x9b, 0x28, 0x9b
.byte 0x26, 0x9b, 0x26, 0x8b, 0xa6, 0x72, 0x24, 0x63, 0xa4, 0x53, 0x42, 0x54, 0xc4, 0x44, 0xc2, 0x54
.byte 0xc4, 0x44, 0xc2, 0x44, 0x44, 0x44, 0x44, 0x54, 0x46, 0x54, 0xc6, 0x74, 0xc8, 0x9c, 0x4c, 0xbd
.byte 0x4c, 0xcd, 0xcc, 0xcd, 0xce, 0xcd, 0x6e, 0xde, 0xce, 0xcd, 0xd1, 0xcd, 0x51, 0xcd, 0x53, 0xbd
.byte 0xd1, 0xac, 0xd1, 0xac, 0xb3, 0x8b, 0x35, 0x73, 0x37, 0x63, 0x35, 0x73, 0xb1, 0x8b, 0xb1, 0x9b
.byte 0x4e, 0x9c, 0x4a, 0xac, 0x48, 0xbc, 0xc6, 0xbc, 0x46, 0xcd, 0xc4, 0xcc, 0xc6, 0xcc, 0xc6, 0xcc
.byte 0xc6, 0xcc, 0xc8, 0xcc, 0xca, 0xcc, 0x4e, 0xcd, 0xce, 0xdd, 0x6e, 0xce, 0x6c, 0xde, 0x6c, 0xde
.byte 0xf1, 0xee, 0xf1, 0xde, 0xf1, 0xde, 0x6e, 0xde, 0xee, 0xde, 0x6e, 0xce, 0x6c, 0xde, 0x6a, 0xde
.byte 0x68, 0xee, 0xc6, 0xdd, 0x64, 0xee, 0xc4, 0xdd, 0x64, 0xde, 0x44, 0xdd, 0x48, 0xcd, 0xc8, 0xbc
.byte 0xca, 0xbc, 0xc8, 0xbc, 0xc6, 0xdd, 0xc6, 0xdd, 0x66, 0xee, 0x68, 0xee, 0xe8, 0xee, 0xe8, 0xee
.byte 0x66, 0x66, 0xe4, 0x76, 0x64, 0x76, 0xe6, 0x76, 0x64, 0x66, 0x64, 0x66, 0x64, 0x66, 0x64, 0x66
.byte 0xc4, 0x55, 0xc4, 0x55, 0x42, 0x55, 0x44, 0x55, 0xc2, 0x44, 0x42, 0x44, 0x42, 0x44, 0x22, 0x33
.byte 0xa2, 0x43, 0x22, 0x43, 0x24, 0x53, 0xa4, 0x62, 0x24, 0x73, 0x26, 0x8b, 0x26, 0x8b, 0x26, 0x9b
.byte 0xa4, 0x8b, 0x24, 0x73, 0x24, 0x73, 0x24, 0x73, 0x24, 0x53, 0x22, 0x53, 0x22, 0x43, 0x22, 0x43
.byte 0x22, 0x43, 0xa2, 0x43, 0x22, 0x43, 0x22, 0x43, 0x22, 0x43, 0x24, 0x53, 0x22, 0x53, 0x24, 0x63
.byte 0x24, 0x63, 0x24, 0x73, 0x24, 0x63, 0x24, 0x63, 0xa4, 0x63, 0x24, 0x63, 0xa2, 0x43, 0xa4, 0x43
.byte 0xc2, 0x54, 0xc4, 0x75, 0x66, 0x8e, 0xe6, 0x8e, 0xe4, 0x9e, 0xe6, 0x8e, 0xe6, 0x8e, 0xe4, 0x8e
.byte 0xe6, 0x8e, 0xe4, 0x9e, 0xe6, 0x8e, 0xe4, 0x8e, 0xe6, 0x8e, 0xe4, 0x8e, 0xe6, 0x8e, 0x66, 0x8e
.byte 0xe4, 0x8e, 0xe6, 0x8e, 0x64, 0x76, 0x64, 0x66, 0x64, 0x76, 0x64, 0x66, 0x64, 0x76, 0x64, 0x66
.byte 0x64, 0x76, 0x64, 0x66, 0x64, 0x76, 0x64, 0x66, 0xc4, 0x65, 0xc4, 0x55, 0x42, 0x55, 0x44, 0x55
.byte 0x42, 0x55, 0xc4, 0x55, 0xc4, 0x55, 0xc4, 0x55, 0xc4, 0x55, 0xc4, 0x55, 0xc2, 0x55, 0x44, 0x55
.byte 0xc2, 0x44, 0xc4, 0x54, 0xc2, 0x44, 0xc2, 0x44, 0xc4, 0x54, 0xc2, 0x44, 0xc2, 0x44, 0xc4, 0x44
.byte 0xc2, 0x44, 0xc4, 0x44, 0xc2, 0x44, 0x42, 0x44, 0x42, 0x44, 0x42, 0x44, 0xa2, 0x33, 0xa2, 0x43
.byte 0xa2, 0x33, 0x22, 0x33, 0xa2, 0x43, 0x22, 0x43, 0x22, 0x43, 0x22, 0x43, 0x22, 0x43, 0x22, 0x43
.byte 0x22, 0x43, 0x22, 0x43, 0x22, 0x43, 0x22, 0x43, 0x22, 0x43, 0x22, 0x43, 0xa4, 0x53, 0x24, 0x53
.byte 0xa4, 0x53, 0x24, 0x63, 0xa4, 0x73, 0x26, 0x73, 0xa6, 0x8b, 0xa6, 0x9b, 0x26, 0x8b, 0xa6, 0x9b
.byte 0x26, 0x8b, 0xa6, 0x8b, 0xa6, 0x73, 0xa4, 0x63, 0x44, 0x54, 0x44, 0x44, 0xa4, 0x53, 0x24, 0x73
.byte 0x26, 0x73, 0xa6, 0x9b, 0xa6, 0x9b, 0x28, 0xab, 0xa6, 0x9b, 0x28, 0xab, 0xa6, 0x9b, 0x28, 0xab
.byte 0x26, 0x9b, 0xa8, 0x9b, 0x26, 0x8b, 0xa6, 0x9b, 0xa6, 0x8b, 0xa6, 0x9b, 0xa6, 0x9b, 0xa6, 0x8b
.byte 0xa4, 0x63, 0xa4, 0x63, 0xa4, 0x53, 0xa4, 0x63, 0x24, 0x63, 0xa4, 0x73, 0xa4, 0x63, 0xa4, 0x73
.byte 0xa4, 0x63, 0x26, 0x73, 0x24, 0x73, 0xa6, 0x9b, 0x26, 0xab, 0xa8, 0x9b, 0x26, 0x9b, 0x26, 0x9b
.byte 0x26, 0x8b, 0xa6, 0x8a, 0x24, 0x73, 0x24, 0x63, 0xa4, 0x53, 0x44, 0x44, 0xc4, 0x54, 0xc4, 0x54
.byte 0xc4, 0x54, 0xc4, 0x54, 0xc4, 0x54, 0xc4, 0x64, 0xc6, 0x74, 0xc8, 0x8c, 0x4c, 0xad, 0xcc, 0xcd
.byte 0xce, 0xcd, 0x6e, 0xce, 0xce, 0xdd, 0x6e, 0xde, 0xd1, 0xcd, 0xd1, 0xcd, 0xd3, 0xac, 0x55, 0x9c
.byte 0x55, 0x9c, 0x53, 0x9c, 0x51, 0x74, 0xb3, 0x63, 0x35, 0x63, 0x35, 0x63, 0x33, 0x73, 0x33, 0x73
.byte 0x33, 0x73, 0xae, 0x8b, 0x4a, 0xac, 0xc6, 0xbc, 0x44, 0xcd, 0x44, 0xcd, 0x44, 0xcd, 0x44, 0xcd
.byte 0xc6, 0xcc, 0xc6, 0xcc, 0xc8, 0xcc, 0x4c, 0xcd, 0xcc, 0xcd, 0xca, 0xcd, 0x6a, 0xde, 0xee, 0xde
.byte 0xf1, 0xde, 0xf1, 0xde, 0x6c, 0xde, 0x6c, 0xce, 0x6a, 0xce, 0x6c, 0xce, 0x6a, 0xde, 0x68, 0xde
.byte 0x68, 0xde, 0x66, 0xee, 0x66, 0xde, 0xc6, 0xdd, 0xc6, 0xdd, 0x48, 0xdd, 0xca, 0xbc, 0xb1, 0xab
.byte 0xb1, 0xab, 0x4e, 0xbc, 0x4a, 0xcd, 0xc8, 0xdd, 0x68, 0xde, 0x68, 0xee, 0x6a, 0xee, 0x68, 0xee
.byte 0xe4, 0x66, 0x64, 0x76, 0xe4, 0x66, 0x64, 0x66, 0x64, 0x66, 0x64, 0x66, 0x64, 0x66, 0x64, 0x56
.byte 0xc4, 0x65, 0x62, 0x56, 0x44, 0x55, 0x44, 0x55, 0xc2, 0x54, 0xc4, 0x44, 0xa2, 0x43, 0xa2, 0x33
.byte 0xa2, 0x33, 0x22, 0x43, 0x22, 0x43, 0x24, 0x63, 0x26, 0x8b, 0x26, 0x9b, 0xa6, 0x9b, 0x28, 0x9b
.byte 0x26, 0x9b, 0x26, 0x9b, 0x26, 0x9b, 0x26, 0x8b, 0x24, 0x73, 0x24, 0x63, 0x24, 0x53, 0x22, 0x53
.byte 0x24, 0x53, 0x24, 0x63, 0x24, 0x53, 0x22, 0x53, 0x24, 0x63, 0x24, 0x73, 0x26, 0x73, 0xa4, 0x8b
.byte 0x26, 0x8b, 0xa6, 0x8b, 0xa6, 0x8b, 0xa6, 0x9b, 0x26, 0x8b, 0xa6, 0x73, 0xa4, 0x63, 0x42, 0x54
.byte 0xc4, 0x64, 0xc4, 0x75, 0xe6, 0x76, 0xe4, 0x8e, 0xe6, 0x8e, 0xe6, 0x8e, 0xe4, 0x8e, 0xe6, 0x8e
.byte 0xe6, 0x8e, 0xe6, 0x8e, 0xe6, 0x8e, 0xe6, 0x8e, 0x64, 0x76, 0xe6, 0x76, 0xe6, 0x8e, 0xe4, 0x76
.byte 0xe6, 0x8e, 0x64, 0x76, 0xe4, 0x76, 0x64, 0x76, 0x64, 0x66, 0x64, 0x66, 0x64, 0x66, 0x64, 0x66
.byte 0x64, 0x66, 0x64, 0x66, 0x64, 0x66, 0xc4, 0x65, 0xc4, 0x55, 0x42, 0x55, 0x44, 0x55, 0x42, 0x45
.byte 0x44, 0x55, 0x42, 0x55, 0xc4, 0x55, 0xc2, 0x55, 0xc4, 0x55, 0x42, 0x55, 0xc4, 0x55, 0x44, 0x55
.byte 0xc2, 0x54, 0x44, 0x54, 0x42, 0x54, 0x44, 0x54, 0xc2, 0x44, 0xc2, 0x54, 0xc4, 0x44, 0x42, 0x55
.byte 0xc2, 0x44, 0xc2, 0x54, 0xc4, 0x44, 0x42, 0x44, 0x42, 0x44, 0xa2, 0x43, 0xa2, 0x33, 0xa2, 0x43
.byte 0x22, 0x43, 0x22, 0x43, 0x24, 0x53, 0x24, 0x53, 0x24, 0x53, 0x24, 0x63, 0x24, 0x53, 0x24, 0x63
.byte 0x24, 0x63, 0x24, 0x63, 0x24, 0x63, 0x24, 0x63, 0x24, 0x53, 0x24, 0x63, 0x24, 0x63, 0x24, 0x73
.byte 0x24, 0x73, 0xa6, 0x8b, 0x26, 0x8b, 0xa6, 0x9b, 0xa6, 0x9b, 0x26, 0x9b, 0xa8, 0x9b, 0x26, 0x9b
.byte 0x26, 0x9b, 0x26, 0x8b, 0xa6, 0x8b, 0xa4, 0x63, 0xa4, 0x53, 0xa2, 0x53, 0xa4, 0x63, 0xa4, 0x73
.byte 0x26, 0x8b, 0xa8, 0xab, 0x26, 0xab, 0xa8, 0xab, 0xa6, 0xab, 0x28, 0xab, 0xa6, 0xab, 0x28, 0x9b
.byte 0xa6, 0x9b, 0x26, 0x8b, 0x26, 0x8b, 0xa4, 0x73, 0xa4, 0x73, 0xa6, 0x73, 0xa4, 0x73, 0x44, 0x74
.byte 0xa4, 0x63, 0x44, 0x54, 0x42, 0x54, 0xa4, 0x53, 0x44, 0x54, 0x44, 0x54, 0xa4, 0x53, 0xa4, 0x53
.byte 0xa2, 0x53, 0xa4, 0x53, 0xa4, 0x73, 0xa6, 0x8b, 0xa6, 0x8b, 0x26, 0x9b, 0xa6, 0x9b, 0x26, 0x8b
.byte 0x26, 0x8b, 0x26, 0x8b, 0x26, 0x73, 0xa4, 0x63, 0xa4, 0x53, 0xc4, 0x64, 0xc4, 0x54, 0xc6, 0x64
.byte 0xc6, 0x74, 0xc6, 0x74, 0xc6, 0x74, 0xc8, 0x74, 0x48, 0x9d, 0x4c, 0xad, 0xcc, 0xcd, 0xcc, 0xcd
.byte 0xce, 0xcd, 0xcc, 0xdd, 0x6e, 0xde, 0x6e, 0xce, 0xce, 0xcd, 0xd1, 0xcd, 0xd5, 0x9c, 0xb5, 0x8b
.byte 0xb5, 0x73, 0xb3, 0x8b, 0xb1, 0x8b, 0xb1, 0x73, 0x31, 0x63, 0x33, 0x53, 0x35, 0x63, 0x35, 0x63
.byte 0x35, 0x63, 0xb1, 0x8b, 0x4a, 0xac, 0xc6, 0xbc, 0x46, 0xcd, 0x44, 0xcd, 0x42, 0xdd, 0xc4, 0xcd
.byte 0x44, 0xdd, 0x46, 0xcd, 0x46, 0xcd, 0xc8, 0xcc, 0xc6, 0xdd, 0xc8, 0xdd, 0x6a, 0xde, 0x6c, 0xde
.byte 0xee, 0xde, 0x6e, 0xde, 0x6c, 0xde, 0xea, 0xce, 0x6a, 0xde, 0x68, 0xce, 0x68, 0xce, 0x6a, 0xde
.byte 0xea, 0xde, 0x6c, 0xee, 0x6a, 0xee, 0xc8, 0xdd, 0xc8, 0xdd, 0x4a, 0xcd, 0x51, 0xbc, 0xb5, 0xab
.byte 0xb5, 0xab, 0x53, 0xac, 0xcc, 0xcc, 0x4a, 0xcd, 0xcc, 0xdd, 0xca, 0xdd, 0x6a, 0xde, 0x6a, 0xee
.byte 0x64, 0x66, 0x64, 0x76, 0xe4, 0x66, 0x64, 0x76, 0x64, 0x66, 0x64, 0x66, 0x64, 0x66, 0x62, 0x66
.byte 0xc4, 0x55, 0xc4, 0x65, 0xc4, 0x55, 0xc2, 0x55, 0x44, 0x55, 0xc2, 0x44, 0xc2, 0x44, 0x44, 0x44
.byte 0xa2, 0x43, 0x22, 0x43, 0x22, 0x43, 0x24, 0x53, 0x24, 0x73, 0x26, 0x9b, 0xa6, 0xab, 0x26, 0xab
.byte 0xa8, 0xab, 0xa6, 0xab, 0x28, 0x9b, 0xa6, 0xab, 0x26, 0x8b, 0x24, 0x8b, 0x24, 0x63, 0x24, 0x73
.byte 0x24, 0x73, 0x24, 0x73, 0x24, 0x73, 0x24, 0x73, 0x26, 0x73, 0x26, 0x8b, 0xa6, 0x9b, 0xa8, 0xab
.byte 0xa8, 0xab, 0xa8, 0xab, 0xa8, 0xab, 0xa8, 0xab, 0x48, 0xac, 0xa6, 0x9b, 0xa4, 0x73, 0xc4, 0x64
.byte 0x44, 0x65, 0x64, 0x66, 0x64, 0x8e, 0xe6, 0x8e, 0xe6, 0x8e, 0x64, 0x76, 0xe4, 0x76, 0x66, 0x76
.byte 0xe4, 0x8e, 0xe6, 0x8e, 0xe4, 0x8e, 0x64, 0x76, 0xe4, 0x76, 0x64, 0x76, 0x64, 0x76, 0x64, 0x76
.byte 0xe6, 0x76, 0x64, 0x76, 0x64, 0x76, 0x64, 0x66, 0x64, 0x66, 0xc4, 0x65, 0x64, 0x66, 0x64, 0x66
.byte 0x64, 0x66, 0x64, 0x66, 0xc4, 0x65, 0xc4, 0x55, 0x42, 0x55, 0x44, 0x55, 0xc2, 0x44, 0xc4, 0x54
.byte 0xc2, 0x44, 0x44, 0x55, 0x42, 0x55, 0x44, 0x55, 0x42, 0x55, 0x44, 0x55, 0x42, 0x55, 0xc2, 0x54
.byte 0x44, 0x54, 0xa4, 0x63, 0xa4, 0x63, 0xa4, 0x53, 0x42, 0x54, 0xc4, 0x44, 0xc2, 0x54, 0xc4, 0x44
.byte 0xc2, 0x44, 0xc4, 0x44, 0xc2, 0x44, 0x42, 0x44, 0x44, 0x44, 0xa2, 0x43, 0xa2, 0x43, 0x24, 0x43
.byte 0x22, 0x43, 0x24, 0x53, 0x24, 0x63, 0x24, 0x73, 0xa6, 0x8b, 0x26, 0x73, 0x26, 0x73, 0xa6, 0x8b
.byte 0x26, 0x8b, 0xa6, 0x8b, 0x24, 0x8b, 0xa6, 0x73, 0x24, 0x73, 0x26, 0x8b, 0x26, 0x8b, 0x26, 0x8b
.byte 0xa6, 0x9b, 0x26, 0x9b, 0xa6, 0x9b, 0xa8, 0xab, 0x26, 0xab, 0xa8, 0xab, 0xa6, 0xab, 0x28, 0x9b
.byte 0xa6, 0x9b, 0x26, 0x9b, 0xa6, 0x8b, 0xa4, 0x63, 0xa4, 0x53, 0xa4, 0x63, 0x24, 0x63, 0x26, 0x73
.byte 0x26, 0x9b, 0xa6, 0x9b, 0xa8, 0xab, 0x26, 0xab, 0xa8, 0xab, 0xa6, 0xab, 0xa8, 0xab, 0xa6, 0xab
.byte 0x26, 0x9b, 0xa6, 0x8b, 0xa4, 0x73, 0xa6, 0x63, 0xa4, 0x63, 0x44, 0x64, 0x44, 0x64, 0x44, 0x54
.byte 0xc4, 0x54, 0xc2, 0x54, 0x44, 0x54, 0xc2, 0x54, 0xc4, 0x44, 0x42, 0x54, 0x44, 0x44, 0x42, 0x54
.byte 0x44, 0x44, 0x42, 0x54, 0xa4, 0x53, 0xa4, 0x63, 0xa4, 0x73, 0xa6, 0x8b, 0x26, 0x8b, 0x26, 0x8b
.byte 0x26, 0x9b, 0x26, 0x8b, 0xa6, 0x8b, 0x46, 0x74, 0xc8, 0x74, 0xc6, 0x74, 0xc8, 0x8c, 0x48, 0x8d
.byte 0xc8, 0x9c, 0x4a, 0x9d, 0x4a, 0xad, 0x4a, 0xad, 0x4a, 0xad, 0xcc, 0xbd, 0xcc, 0xcd, 0xce, 0xcd
.byte 0x6e, 0xde, 0xce, 0xcd, 0xce, 0xcd, 0xce, 0xdd, 0xce, 0xcd, 0x51, 0xbd, 0xd3, 0xac, 0xb5, 0x8b
.byte 0xb5, 0x73, 0xb1, 0x73, 0xae, 0x73, 0xac, 0x73, 0x31, 0x63, 0x33, 0x63, 0x35, 0x53, 0x33, 0x63
.byte 0xb3, 0x73, 0xae, 0x8b, 0xc8, 0xbc, 0xc6, 0xbc, 0x44, 0xcd, 0xc4, 0xcd, 0xc4, 0xdd, 0xc4, 0xcd
.byte 0xc4, 0xdd, 0xc4, 0xcd, 0x46, 0xdd, 0xc6, 0xdd, 0xc6, 0xdd, 0xc6, 0xdd, 0x6a, 0xde, 0xec, 0xee
.byte 0x6e, 0xde, 0xea, 0xde, 0x6a, 0xde, 0x6a, 0xce, 0x68, 0xde, 0x6a, 0xde, 0x6a, 0xde, 0x6c, 0xde
.byte 0x6e, 0xee, 0xee, 0xee, 0x6c, 0xde, 0x6c, 0xee, 0xcc, 0xdd, 0x4e, 0xcd, 0x55, 0xbc, 0xb9, 0xbb
.byte 0xb9, 0xab, 0x55, 0xbc, 0xd3, 0xcc, 0xd1, 0xcc, 0xce, 0xcc, 0xd1, 0xcc, 0xce, 0xcd, 0x6a, 0xee
.byte 0x64, 0x66, 0x64, 0x66, 0x64, 0x66, 0x64, 0x66, 0x64, 0x66, 0x64, 0x66, 0x64, 0x66, 0xc4, 0x55
.byte 0x64, 0x66, 0xc4, 0x55, 0xc2, 0x65, 0x44, 0x55, 0x44, 0x55, 0x42, 0x45, 0xc4, 0x54, 0xc2, 0x44
.byte 0x42, 0x44, 0xa4, 0x33, 0x22, 0x43, 0x22, 0x53, 0x24, 0x73, 0x26, 0x8b, 0x26, 0x9b, 0xa8, 0xab
.byte 0x26, 0xab, 0xa8, 0xab, 0xa6, 0xab, 0xa6, 0xab, 0x26, 0x9b, 0x26, 0x9b, 0x26, 0x8b, 0x26, 0x8b
.byte 0x26, 0x8b, 0x26, 0x9b, 0x26, 0x8b, 0xa6, 0x8b, 0x26, 0x9b, 0xa6, 0x9b, 0xa8, 0xab, 0xa8, 0xbb
.byte 0x48, 0xbc, 0x48, 0xbc, 0x48, 0xbc, 0x48, 0xbc, 0xa8, 0xbb, 0xa6, 0x9b, 0x46, 0x74, 0x44, 0x64
.byte 0x44, 0x65, 0xc4, 0x65, 0x64, 0x66, 0xe4, 0x76, 0x64, 0x76, 0x64, 0x76, 0x64, 0x66, 0x64, 0x76
.byte 0x64, 0x76, 0xe4, 0x76, 0x66, 0x76, 0x64, 0x76, 0x64, 0x66, 0x64, 0x66, 0x64, 0x66, 0x64, 0x66
.byte 0x64, 0x76, 0x64, 0x66, 0x64, 0x66, 0x64, 0x66, 0xc4, 0x65, 0x64, 0x66, 0xc4, 0x65, 0x64, 0x66
.byte 0x64, 0x66, 0x64, 0x66, 0xc4, 0x65, 0xc2, 0x55, 0x44, 0x55, 0xc2, 0x44, 0xc4, 0x54, 0x42, 0x54
.byte 0x44, 0x54, 0xc2, 0x54, 0x44, 0x55, 0xc2, 0x54, 0xc4, 0x54, 0xc2, 0x54, 0x44, 0x54, 0x44, 0x54
.byte 0xa4, 0x63, 0xa4, 0x73, 0xa6, 0x73, 0xa4, 0x63, 0x44, 0x64, 0x42, 0x44, 0xc2, 0x54, 0x44, 0x45
.byte 0xc2, 0x54, 0xc2, 0x44, 0xc2, 0x44, 0x44, 0x44, 0x42, 0x44, 0xa2, 0x43, 0x24, 0x53, 0x22, 0x53
.byte 0x24, 0x63, 0x24, 0x73, 0xa6, 0x8b, 0xa8, 0x9b, 0xa8, 0xab, 0xa6, 0xab, 0x48, 0xac, 0xa6, 0xab
.byte 0x48, 0xac, 0xa8, 0xab, 0xa8, 0xab, 0xa8, 0xab, 0xa6, 0x9b, 0xa8, 0x9b, 0xa6, 0xab, 0xa6, 0xab
.byte 0xa8, 0xab, 0xa6, 0xab, 0xa8, 0xab, 0xa6, 0xab, 0xa8, 0xab, 0x26, 0xab, 0xa8, 0x9b, 0x26, 0xab
.byte 0x28, 0x9b, 0x26, 0x9b, 0x26, 0x8b, 0xa4, 0x73, 0xa4, 0x63, 0xa4, 0x53, 0x24, 0x73, 0x26, 0x8b
.byte 0xa6, 0x9b, 0x28, 0xab, 0xa6, 0xab, 0xa8, 0xab, 0xa6, 0xab, 0x28, 0xab, 0xa6, 0xab, 0xa8, 0xab
.byte 0x26, 0x9b, 0xa6, 0x8b, 0x26, 0x73, 0xa4, 0x73, 0xa4, 0x63, 0x44, 0x54, 0x44, 0x54, 0xc4, 0x54
.byte 0xc2, 0x54, 0x44, 0x45, 0xc4, 0x54, 0xc2, 0x44, 0xc4, 0x54, 0xc2, 0x44, 0xc4, 0x44, 0xc2, 0x44
.byte 0x42, 0x44, 0x44, 0x44, 0x44, 0x54, 0xa4, 0x53, 0x44, 0x54, 0xa6, 0x73, 0x46, 0x74, 0xa8, 0x9b
.byte 0x48, 0x9c, 0x48, 0x9c, 0x48, 0xac, 0xca, 0x9c, 0xc8, 0xac, 0x4a, 0xad, 0x4a, 0xad, 0x4c, 0xad
.byte 0xcc, 0xbd, 0xcc, 0xbd, 0xcc, 0xcd, 0x4c, 0xbd, 0xcc, 0xcd, 0xcc, 0xcd, 0xce, 0xcd, 0xce, 0xcd
.byte 0xcc, 0xcd, 0x6e, 0xde, 0xcc, 0xcd, 0x6e, 0xde, 0xce, 0xcd, 0xce, 0xcd, 0x51, 0xbd, 0x53, 0x9c
.byte 0x51, 0x8c, 0x4e, 0x74, 0x4c, 0x74, 0xac, 0x73, 0x31, 0x63, 0x33, 0x53, 0x33, 0x63, 0xb3, 0x73
.byte 0x4e, 0x8c, 0xca, 0xac, 0x48, 0xbd, 0x44, 0xcd, 0x44, 0xcd, 0xc2, 0xdd, 0xc4, 0xcd, 0xc2, 0xdd
.byte 0xc4, 0xdd, 0xc6, 0xdd, 0x66, 0xde, 0xc6, 0xdd, 0x66, 0xde, 0x68, 0xee, 0x6c, 0xde, 0xee, 0xee
.byte 0xee, 0xde, 0x6a, 0xde, 0x68, 0xde, 0x6a, 0xde, 0x6a, 0xde, 0x6c, 0xde, 0xee, 0xde, 0x6e, 0xde
.byte 0xee, 0xde, 0x6e, 0xde, 0xce, 0xdd, 0xce, 0xdd, 0x51, 0xcd, 0xd5, 0xcc, 0xd7, 0xbc, 0x57, 0xbc
.byte 0xd9, 0xbc, 0xd9, 0xcc, 0xd5, 0xcc, 0xd5, 0xbc, 0x57, 0xbc, 0x53, 0xbc, 0x51, 0xcd, 0xcc, 0xdd
.byte 0x64, 0x66, 0x64, 0x66, 0x64, 0x66, 0x64, 0x66, 0x64, 0x66, 0x64, 0x66, 0xc2, 0x55, 0x64, 0x66
.byte 0xc4, 0x65, 0x62, 0x56, 0xc4, 0x55, 0x44, 0x55, 0x42, 0x55, 0xc4, 0x54, 0xc2, 0x54, 0xc4, 0x44
.byte 0x42, 0x44, 0xa2, 0x43, 0x22, 0x43, 0x24, 0x53, 0x24, 0x63, 0x26, 0x8b, 0xa6, 0xab, 0xa8, 0xab
.byte 0xa6, 0xab, 0xa8, 0xab, 0x28, 0xbb, 0xa6, 0xab, 0x28, 0xab, 0xa6, 0xab, 0x26, 0x9b, 0xa6, 0xab
.byte 0x28, 0xab, 0xa6, 0xab, 0xa6, 0xab, 0x28, 0xab, 0xa6, 0xab, 0xa8, 0xab, 0xa8, 0xbb, 0x48, 0xbc
.byte 0x48, 0xbc, 0x4a, 0xcc, 0x4a, 0xcc, 0x48, 0xcc, 0x4a, 0xbc, 0x48, 0xac, 0xa6, 0x8b, 0x44, 0x64
.byte 0x44, 0x65, 0xc2, 0x65, 0xc4, 0x65, 0x64, 0x66, 0x64, 0x66, 0xc4, 0x65, 0x64, 0x66, 0x64, 0x66
.byte 0x64, 0x66, 0x64, 0x76, 0x64, 0x66, 0x64, 0x66, 0x64, 0x66, 0xc4, 0x65, 0x64, 0x66, 0x64, 0x66
.byte 0x64, 0x66, 0x64, 0x66, 0x64, 0x66, 0xc4, 0x65, 0xc4, 0x55, 0xc2, 0x55, 0xc4, 0x65, 0xc2, 0x55
.byte 0xc4, 0x65, 0xc4, 0x65, 0xc4, 0x55, 0xc4, 0x55, 0x42, 0x55, 0xc4, 0x54, 0x42, 0x44, 0x44, 0x54
.byte 0x42, 0x54, 0x44, 0x54, 0x42, 0x54, 0x44, 0x54, 0x44, 0x54, 0x44, 0x64, 0x44, 0x54, 0xa2, 0x63
.byte 0xa4, 0x63, 0xa6, 0x8b, 0x24, 0x8b, 0xa4, 0x73, 0x44, 0x54, 0x44, 0x54, 0x42, 0x55, 0xc4, 0x44
.byte 0x42, 0x55, 0xc4, 0x44, 0xc2, 0x44, 0x42, 0x44, 0x42, 0x44, 0xa2, 0x43, 0x24, 0x53, 0x24, 0x63
.byte 0x26, 0x8b, 0xa8, 0x9b, 0xa8, 0xab, 0x48, 0xbc, 0x4a, 0xbc, 0x4a, 0xcc, 0x4a, 0xbc, 0x4a, 0xcc
.byte 0x4a, 0xbc, 0x4a, 0xcc, 0x4a, 0xbc, 0x48, 0xbc, 0x48, 0xbc, 0xa8, 0xab, 0xa8, 0xbb, 0xa8, 0xab
.byte 0xa8, 0xab, 0xa8, 0xbb, 0xa8, 0xab, 0xa8, 0xbb, 0xa6, 0xab, 0xa8, 0xab, 0x26, 0xab, 0xa8, 0xab
.byte 0x26, 0x9b, 0x28, 0x9b, 0xa6, 0x8b, 0x24, 0x73, 0xa4, 0x53, 0xa4, 0x63, 0x24, 0x63, 0x24, 0x8b
.byte 0x26, 0x9b, 0xa8, 0x9b, 0xa6, 0xab, 0x28, 0xab, 0xa8, 0xab, 0xa6, 0x9b, 0x26, 0x9b, 0xa6, 0x9b
.byte 0x26, 0x8b, 0xa6, 0x8b, 0x26, 0x73, 0xa4, 0x73, 0xa4, 0x63, 0x44, 0x64, 0xc4, 0x54, 0xc2, 0x54
.byte 0x44, 0x55, 0xc2, 0x44, 0x44, 0x55, 0x42, 0x45, 0x44, 0x55, 0xc4, 0x54, 0xc2, 0x44, 0xc2, 0x44
.byte 0x44, 0x44, 0x42, 0x44, 0xc2, 0x44, 0x44, 0x54, 0x46, 0x64, 0xc6, 0x74, 0x48, 0x9c, 0xca, 0xac
.byte 0xca, 0xac, 0xca, 0xbc, 0x4c, 0xbd, 0x4c, 0xbd, 0xcc, 0xbd, 0xcc, 0xbd, 0xcc, 0xcd, 0xcc, 0xcd
.byte 0xcc, 0xcd, 0xce, 0xcd, 0xcc, 0xcd, 0x6e, 0xce, 0xcc, 0xcd, 0xce, 0xcd, 0xcc, 0xdd, 0x6e, 0xce
.byte 0xce, 0xdd, 0xce, 0xcd, 0xce, 0xdd, 0xce, 0xcd, 0xce, 0xdd, 0xcc, 0xcd, 0x4e, 0xbd, 0x4e, 0xad
.byte 0xce, 0x9c, 0xcc, 0x8c, 0x4c, 0x8c, 0xae, 0x73, 0x31, 0x63, 0xb3, 0x63, 0xb1, 0x63, 0xce, 0x8c
.byte 0x4a, 0xad, 0xc8, 0xcd, 0xc6, 0xdd, 0xc6, 0xdd, 0xc4, 0xcd, 0xc4, 0xdd, 0xc4, 0xcd, 0xc6, 0xdd
.byte 0x68, 0xde, 0x6a, 0xde, 0x6a, 0xee, 0x6a, 0xde, 0x68, 0xee, 0x6a, 0xde, 0xee, 0xee, 0xee, 0xde
.byte 0x6e, 0xee, 0xea, 0xde, 0x6a, 0xde, 0x6a, 0xde, 0xec, 0xde, 0xf1, 0xde, 0x71, 0xee, 0xee, 0xde
.byte 0x6c, 0xde, 0xcc, 0xdd, 0xcc, 0xcd, 0xd3, 0xbc, 0xd5, 0xbc, 0x57, 0xbc, 0xd7, 0xbc, 0xd9, 0xbc
.byte 0xd7, 0xcc, 0x57, 0xcd, 0x59, 0xcd, 0xd9, 0xcc, 0x57, 0xbc, 0x55, 0xbc, 0xd1, 0xbc, 0xcc, 0xdd
.byte 0xc4, 0x65, 0x64, 0x66, 0xc4, 0x55, 0x64, 0x66, 0xc4, 0x65, 0x64, 0x56, 0xc4, 0x65, 0x62, 0x56
.byte 0xc4, 0x55, 0xc4, 0x55, 0xc4, 0x55, 0x42, 0x55, 0x44, 0x55, 0xc2, 0x44, 0xc4, 0x44, 0x42, 0x44
.byte 0x42, 0x44, 0xa2, 0x43, 0x22, 0x43, 0x24, 0x53, 0x24, 0x73, 0x26, 0x8b, 0xa6, 0xab, 0x28, 0xab
.byte 0xa6, 0xab, 0x28, 0xab, 0xa6, 0xab, 0xa8, 0xab, 0xa6, 0xab, 0xa8, 0xab, 0x26, 0xab, 0xa8, 0xab
.byte 0xa6, 0xab, 0xa6, 0xab, 0x28, 0xab, 0xa6, 0xab, 0xa6, 0xab, 0xa8, 0xbb, 0x48, 0xbc, 0x4a, 0xbc
.byte 0x4a, 0xcc, 0xca, 0xcc, 0x4a, 0xcc, 0xca, 0xcc, 0x4a, 0xbc, 0x48, 0xac, 0x46, 0x9c, 0x46, 0x74
.byte 0x44, 0x64, 0x44, 0x55, 0xc4, 0x65, 0xc4, 0x65, 0xc4, 0x65, 0xc4, 0x55, 0xc2, 0x55, 0xc4, 0x65
.byte 0xc4, 0x55, 0x64, 0x66, 0xc4, 0x65, 0xc2, 0x55, 0xc4, 0x65, 0xc4, 0x55, 0xc2, 0x65, 0xc4, 0x65
.byte 0x64, 0x66, 0xc4, 0x65, 0xc4, 0x65, 0xc4, 0x55, 0xc2, 0x65, 0x44, 0x55, 0xc4, 0x55, 0x44, 0x55
.byte 0xc4, 0x55, 0x42, 0x55, 0xc4, 0x55, 0x42, 0x55, 0xc4, 0x54, 0xc2, 0x44, 0x44, 0x54, 0xa4, 0x63
.byte 0xa4, 0x63, 0xa4, 0x53, 0x44, 0x54, 0xa4, 0x63, 0xa4, 0x73, 0xa4, 0x73, 0xa6, 0x73, 0xa6, 0x73
.byte 0xa6, 0x8b, 0x26, 0x8b, 0x26, 0x8b, 0xa6, 0x8b, 0x44, 0x64, 0x42, 0x54, 0xc4, 0x44, 0xc2, 0x54
.byte 0xc4, 0x44, 0x42, 0x54, 0x44, 0x44, 0x42, 0x44, 0xa2, 0x43, 0x24, 0x43, 0x24, 0x63, 0xa6, 0x8b
.byte 0xa8, 0x9b, 0x48, 0xbc, 0x4a, 0xbc, 0x4a, 0xcc, 0x4a, 0xcc, 0xca, 0xcc, 0x4a, 0xcc, 0xca, 0xcc
.byte 0x4a, 0xcc, 0xca, 0xcc, 0xca, 0xcc, 0x4a, 0xcc, 0x4a, 0xcc, 0x4a, 0xcc, 0x48, 0xbc, 0xa8, 0xbb
.byte 0xa8, 0xbb, 0xa8, 0xbb, 0x48, 0xbc, 0xa8, 0xab, 0xa6, 0xab, 0xa8, 0xab, 0x26, 0xab, 0xa8, 0x9b
.byte 0x26, 0x9b, 0x26, 0x8b, 0x26, 0x73, 0xa4, 0x63, 0xa4, 0x63, 0xa4, 0x53, 0x24, 0x63, 0x26, 0x73
.byte 0x26, 0x9b, 0x26, 0x9b, 0xa6, 0xab, 0xa6, 0x9b, 0xa6, 0x9b, 0xa6, 0x9b, 0xa6, 0x8b, 0xa6, 0x73
.byte 0xa4, 0x73, 0xa4, 0x73, 0xa4, 0x73, 0xa4, 0x63, 0x44, 0x64, 0x44, 0x54, 0xc4, 0x54, 0xc2, 0x54
.byte 0x44, 0x45, 0x42, 0x55, 0xc4, 0x44, 0x42, 0x55, 0xc4, 0x44, 0xc2, 0x44, 0xc2, 0x44, 0xc4, 0x44
.byte 0x42, 0x44, 0xc4, 0x54, 0x44, 0x54, 0xc4, 0x64, 0xc8, 0x74, 0x48, 0x9d, 0x4a, 0xad, 0xcc, 0xbd
.byte 0x4c, 0xcd, 0xcc, 0xcd, 0xcc, 0xcd, 0xcc, 0xcd, 0xce, 0xcd, 0xcc, 0xdd, 0xce, 0xcd, 0xcc, 0xcd
.byte 0x6e, 0xce, 0xce, 0xcd, 0xcc, 0xdd, 0xce, 0xcd, 0xce, 0xdd, 0xce, 0xcd, 0x6e, 0xde, 0xce, 0xcd
.byte 0x6e, 0xde, 0xce, 0xcd, 0x6e, 0xde, 0xce, 0xcd, 0x6c, 0xce, 0xce, 0xcd, 0xcc, 0xcd, 0xcc, 0xad
.byte 0x4c, 0xad, 0xcc, 0x9c, 0xcc, 0x8c, 0x4e, 0x74, 0xb1, 0x73, 0xb1, 0x63, 0xce, 0x8c, 0x4c, 0xad
.byte 0xca, 0xcd, 0xc8, 0xdd, 0x66, 0xde, 0xc6, 0xdd, 0x64, 0xde, 0xc4, 0xdd, 0xc6, 0xdd, 0x68, 0xde
.byte 0x6e, 0xde, 0xf1, 0xee, 0xf3, 0xee, 0xf1, 0xee, 0xee, 0xee, 0xee, 0xde, 0xf1, 0xee, 0x6e, 0xde
.byte 0x6c, 0xce, 0x68, 0xde, 0x6a, 0xde, 0x6c, 0xde, 0xee, 0xee, 0x71, 0xee, 0xf1, 0xde, 0x6e, 0xde
.byte 0x6c, 0xde, 0xca, 0xcd, 0x4e, 0xcd, 0x53, 0xbc, 0xb7, 0xab, 0xb9, 0xab, 0xb9, 0xab, 0xd7, 0xbc
.byte 0x57, 0xcd, 0xd7, 0xcd, 0x57, 0xcd, 0x59, 0xcd, 0x59, 0xbc, 0x55, 0xbc, 0x4e, 0xcd, 0xcc, 0xdd
.byte 0xc4, 0x55, 0xc4, 0x55, 0xc4, 0x55, 0x62, 0x66, 0xc4, 0x55, 0x62, 0x66, 0x64, 0x56, 0xc4, 0x55
.byte 0xc4, 0x65, 0xc4, 0x55, 0x42, 0x55, 0x44, 0x55, 0x42, 0x45, 0xc4, 0x54, 0xc2, 0x44, 0xa2, 0x43
.byte 0xa2, 0x33, 0xa2, 0x33, 0x22, 0x43, 0x24, 0x63, 0x24, 0x73, 0x26, 0x9b, 0xa8, 0xab, 0xa6, 0xab
.byte 0xa8, 0xab, 0xa6, 0xab, 0xa8, 0xab, 0xa6, 0xab, 0x28, 0xab, 0xa6, 0xab, 0xa8, 0xab, 0xa6, 0xab
.byte 0x28, 0xab, 0xa8, 0xab, 0xa6, 0xab, 0xa8, 0xab, 0xa8, 0xab, 0xa8, 0xbb, 0x48, 0xbc, 0x4a, 0xcc
.byte 0xca, 0xcc, 0x4a, 0xcc, 0xca, 0xcc, 0xca, 0xcc, 0x4a, 0xcc, 0x48, 0xbc, 0x48, 0x9c, 0x46, 0x8c
.byte 0x44, 0x64, 0xc4, 0x64, 0x44, 0x55, 0x42, 0x55, 0x44, 0x55, 0x42, 0x55, 0x44, 0x55, 0xc4, 0x65
.byte 0xc2, 0x55, 0xc4, 0x55, 0xc2, 0x55, 0xc4, 0x55, 0xc4, 0x55, 0x42, 0x55, 0xc4, 0x65, 0x44, 0x55
.byte 0xc2, 0x65, 0xc4, 0x65, 0x44, 0x55, 0xc2, 0x55, 0x44, 0x55, 0x42, 0x55, 0x44, 0x55, 0x42, 0x55
.byte 0x42, 0x55, 0x44, 0x55, 0x42, 0x55, 0x44, 0x55, 0xc2, 0x44, 0xc2, 0x54, 0x44, 0x54, 0xa4, 0x63
.byte 0x24, 0x63, 0xa4, 0x63, 0xa4, 0x73, 0xa6, 0x73, 0x26, 0x8b, 0xa6, 0x9b, 0xa6, 0x9b, 0xa6, 0x9b
.byte 0xa6, 0x9b, 0xa8, 0x9b, 0xa6, 0x9b, 0xa4, 0x73, 0xa4, 0x63, 0x44, 0x54, 0xc2, 0x54, 0xc2, 0x44
.byte 0xc2, 0x44, 0x42, 0x44, 0x42, 0x44, 0xa2, 0x43, 0xa4, 0x43, 0x22, 0x53, 0xa4, 0x73, 0xa6, 0x9b
.byte 0x48, 0xbc, 0x4a, 0xcc, 0xca, 0xcc, 0xca, 0xcc, 0xca, 0xcc, 0xcc, 0xcc, 0xca, 0xdc, 0xca, 0xcc
.byte 0x4c, 0xcc, 0xca, 0xcc, 0x4a, 0xcc, 0xca, 0xcc, 0x4a, 0xcc, 0xca, 0xcc, 0x4a, 0xbc, 0x48, 0xbc
.byte 0xa8, 0xbb, 0x48, 0xbc, 0xaa, 0xbb, 0xa8, 0xbb, 0xa8, 0xab, 0xa6, 0xab, 0x28, 0xab, 0xa6, 0x9b
.byte 0x26, 0x9b, 0xa6, 0x8b, 0xa4, 0x73, 0xa4, 0x53, 0x44, 0x54, 0xa2, 0x53, 0xa4, 0x63, 0x24, 0x73
.byte 0x26, 0x8b, 0xa6, 0x9b, 0x26, 0x8b, 0xa6, 0x8b, 0xa4, 0x73, 0xa4, 0x73, 0x44, 0x64, 0xa4, 0x63
.byte 0x44, 0x64, 0xa4, 0x53, 0x44, 0x54, 0x44, 0x54, 0x42, 0x64, 0xc4, 0x54, 0xc2, 0x54, 0x44, 0x45
.byte 0x42, 0x55, 0xc4, 0x54, 0x42, 0x45, 0xc4, 0x54, 0xc2, 0x44, 0xc4, 0x54, 0x44, 0x44, 0xc2, 0x44
.byte 0x44, 0x54, 0xc4, 0x54, 0xc6, 0x74, 0xc8, 0x8c, 0x4a, 0xad, 0xcc, 0xbd, 0xce, 0xcd, 0xce, 0xcd
.byte 0xce, 0xcd, 0xcc, 0xcd, 0x6e, 0xde, 0xce, 0xcd, 0xcc, 0xcd, 0x6e, 0xce, 0xcc, 0xcd, 0xce, 0xdd
.byte 0xce, 0xcd, 0xcc, 0xdd, 0xce, 0xcd, 0x6e, 0xce, 0xce, 0xcd, 0x6e, 0xde, 0x6e, 0xce, 0xd1, 0xdd
.byte 0x6e, 0xde, 0x6e, 0xde, 0xce, 0xcd, 0x6e, 0xde, 0xce, 0xcd, 0xcc, 0xcd, 0xcc, 0xbd, 0x4a, 0xbd
.byte 0x4c, 0xad, 0xcc, 0x9d, 0x4c, 0x9d, 0x4e, 0x8d, 0xd1, 0x74, 0xce, 0x74, 0x4c, 0x9d, 0xca, 0xbd
.byte 0x68, 0xce, 0x68, 0xee, 0x68, 0xde, 0x66, 0xee, 0x66, 0xde, 0xc6, 0xdd, 0x66, 0xde, 0x6c, 0xde
.byte 0xf3, 0xee, 0x75, 0xef, 0x75, 0xdf, 0xf5, 0xee, 0xf3, 0xee, 0xf3, 0xee, 0xf3, 0xde, 0xee, 0xde
.byte 0x6a, 0xde, 0x68, 0xde, 0x68, 0xde, 0x6a, 0xee, 0x6c, 0xde, 0xee, 0xde, 0xee, 0xde, 0x6e, 0xde
.byte 0x6a, 0xde, 0x4c, 0xcd, 0xd1, 0xbc, 0xb5, 0xab, 0x39, 0xab, 0x3b, 0x9b, 0xb9, 0xab, 0x59, 0xbc
.byte 0x55, 0xbd, 0xd7, 0xcd, 0xd9, 0xdd, 0xd9, 0xcc, 0xd9, 0xbc, 0x55, 0xbc, 0xd1, 0xbc, 0xcc, 0xdd
.byte 0x44, 0x55, 0x44, 0x55, 0xc2, 0x55, 0xc4, 0x55, 0xc4, 0x55, 0x64, 0x66, 0xc4, 0x55, 0xc2, 0x65
.byte 0xc4, 0x55, 0xc2, 0x55, 0x44, 0x55, 0x44, 0x55, 0x42, 0x55, 0xc4, 0x44, 0x42, 0x44, 0x42, 0x44
.byte 0xa2, 0x33, 0x22, 0x43, 0x22, 0x43, 0x24, 0x53, 0x24, 0x8b, 0xa6, 0x9b, 0x26, 0xab, 0xa8, 0xab
.byte 0x26, 0xab, 0xa8, 0xab, 0x26, 0xab, 0xa8, 0xbb, 0xa8, 0xab, 0xa6, 0xab, 0x28, 0xbb, 0xa6, 0xab
.byte 0xa8, 0xab, 0xa6, 0xab, 0x28, 0xab, 0xa8, 0xab, 0xa6, 0xbb, 0xa8, 0xbb, 0x4a, 0xbc, 0xca, 0xcc
.byte 0x4a, 0xcc, 0xcc, 0xdc, 0xca, 0xcc, 0x4a, 0xdc, 0xca, 0xcc, 0x4a, 0xbc, 0xa8, 0xbb, 0xa6, 0x9b
.byte 0x46, 0x74, 0x44, 0x64, 0xc4, 0x64, 0xc4, 0x54, 0xc4, 0x64, 0x44, 0x54, 0xc4, 0x54, 0x42, 0x55
.byte 0x44, 0x55, 0x44, 0x55, 0x42, 0x55, 0x44, 0x55, 0x42, 0x55, 0x44, 0x55, 0xc4, 0x54, 0x44, 0x65
.byte 0xc4, 0x54, 0x44, 0x55, 0x44, 0x55, 0x42, 0x55, 0x44, 0x45, 0x44, 0x55, 0xc2, 0x44, 0xc4, 0x54
.byte 0xc4, 0x44, 0xc2, 0x44, 0xc4, 0x54, 0xc2, 0x44, 0xc4, 0x54, 0x42, 0x54, 0x44, 0x54, 0xa4, 0x63
.byte 0xa4, 0x73, 0xa4, 0x73, 0xa6, 0x8b, 0xa6, 0x9b, 0xa8, 0x9b, 0xa8, 0xab, 0xa8, 0xab, 0x48, 0xbc
.byte 0xa8, 0xab, 0xa8, 0xab, 0xa6, 0xab, 0xa6, 0x8b, 0xa4, 0x63, 0x44, 0x54, 0x42, 0x44, 0xc4, 0x54
.byte 0xc2, 0x44, 0x44, 0x44, 0xa2, 0x43, 0xa2, 0x43, 0x22, 0x43, 0x24, 0x53, 0x26, 0x73, 0xa8, 0xab
.byte 0x4a, 0xbc, 0xca, 0xcc, 0x4a, 0xcc, 0xca, 0xcc, 0x4a, 0xcc, 0xca, 0xdc, 0x4a, 0xcc, 0xca, 0xcc
.byte 0xca, 0xdc, 0xca, 0xcc, 0xca, 0xdc, 0xca, 0xcc, 0xca, 0xcc, 0x4a, 0xcc, 0x4a, 0xcc, 0x48, 0xbc
.byte 0x48, 0xbc, 0x4a, 0xbc, 0x48, 0xbc, 0xa8, 0xbb, 0xa8, 0xbb, 0xa6, 0xab, 0xa8, 0xab, 0x26, 0xab
.byte 0xa6, 0x8b, 0x26, 0x8b, 0xa4, 0x63, 0x44, 0x54, 0x42, 0x54, 0x44, 0x44, 0xa4, 0x53, 0xa4, 0x63
.byte 0x24, 0x73, 0x26, 0x73, 0xa4, 0x73, 0x44, 0x64, 0x44, 0x64, 0x44, 0x54, 0x42, 0x54, 0x44, 0x54
.byte 0x42, 0x54, 0xc4, 0x44, 0xc2, 0x54, 0xc4, 0x54, 0xc4, 0x54, 0xc4, 0x44, 0x44, 0x55, 0x42, 0x55
.byte 0xc4, 0x44, 0xc2, 0x44, 0xc4, 0x54, 0xc4, 0x54, 0xc4, 0x54, 0xc4, 0x54, 0xc4, 0x64, 0x46, 0x64
.byte 0xc6, 0x64, 0x48, 0x8d, 0x4a, 0x9d, 0xcc, 0xad, 0xcc, 0xbd, 0xce, 0xcd, 0x6e, 0xde, 0xce, 0xdd
.byte 0x6e, 0xce, 0xce, 0xdd, 0xcc, 0xcd, 0xce, 0xcd, 0xcc, 0xdd, 0xce, 0xcd, 0xce, 0xdd, 0xce, 0xcd
.byte 0x6e, 0xde, 0xce, 0xcd, 0x6e, 0xde, 0xce, 0xdd, 0x6e, 0xde, 0x6e, 0xde, 0xce, 0xdd, 0x6e, 0xde
.byte 0xce, 0xdd, 0x6e, 0xce, 0xce, 0xdd, 0x6e, 0xce, 0xce, 0xdd, 0xce, 0xcd, 0xcc, 0xbd, 0xca, 0xbd
.byte 0xca, 0xbd, 0xcc, 0xad, 0xd1, 0xbd, 0xd3, 0xad, 0x51, 0x9d, 0x51, 0x8d, 0xcc, 0x9d, 0xca, 0xbd
.byte 0x66, 0xce, 0x66, 0xee, 0x66, 0xde, 0x66, 0xee, 0x66, 0xde, 0x66, 0xde, 0x6a, 0xee, 0xee, 0xde
.byte 0xf3, 0xee, 0xf5, 0xde, 0xf5, 0xde, 0xf5, 0xde, 0x77, 0xef, 0xf5, 0xde, 0xf1, 0xde, 0x6c, 0xde
.byte 0x6a, 0xce, 0x66, 0xde, 0x68, 0xde, 0x68, 0xde, 0x6a, 0xde, 0xec, 0xde, 0x6c, 0xde, 0x6c, 0xde
.byte 0xce, 0xcd, 0x51, 0xbd, 0x53, 0xbc, 0x59, 0xac, 0xbb, 0xab, 0xbb, 0xab, 0xbb, 0xab, 0x5b, 0xbc
.byte 0xd9, 0xbc, 0x59, 0xcd, 0x59, 0xcd, 0xd9, 0xbc, 0xb9, 0xbb, 0x55, 0xac, 0xd3, 0xbc, 0xce, 0xcd
.byte 0xc4, 0x54, 0x42, 0x55, 0x44, 0x55, 0x44, 0x55, 0xc4, 0x55, 0xc2, 0x55, 0xc4, 0x55, 0xc4, 0x55
.byte 0xc4, 0x55, 0x44, 0x55, 0x42, 0x55, 0x44, 0x55, 0xc2, 0x44, 0xc4, 0x44, 0xc2, 0x44, 0xa2, 0x43
.byte 0xa2, 0x33, 0x22, 0x33, 0x22, 0x43, 0x24, 0x63, 0x24, 0x73, 0x26, 0x9b, 0xa8, 0xab, 0xa6, 0xab
.byte 0xa8, 0xab, 0xa6, 0xab, 0xa8, 0xab, 0xa6, 0xab, 0x28, 0xab, 0xa6, 0xab, 0xa8, 0xab, 0xa6, 0xab
.byte 0x28, 0xab, 0xa6, 0xbb, 0xa8, 0xab, 0xa6, 0xab, 0xa8, 0xab, 0x48, 0xbc, 0x4a, 0xcc, 0xca, 0xcc
.byte 0xca, 0xcc, 0xca, 0xcc, 0xca, 0xcc, 0x4c, 0xcc, 0xca, 0xcc, 0x4a, 0xcc, 0x48, 0xac, 0xa8, 0x9b
.byte 0xa6, 0x8b, 0xa4, 0x73, 0x44, 0x64, 0xa4, 0x63, 0xa4, 0x73, 0x44, 0x64, 0x44, 0x64, 0x44, 0x64
.byte 0xc4, 0x64, 0x42, 0x54, 0xc4, 0x54, 0x44, 0x45, 0xc2, 0x54, 0xc2, 0x54, 0xc4, 0x54, 0xc2, 0x54
.byte 0xc4, 0x64, 0xc4, 0x54, 0xc2, 0x54, 0xc2, 0x44, 0xc4, 0x54, 0xc2, 0x44, 0xc2, 0x44, 0x42, 0x54
.byte 0x42, 0x54, 0x42, 0x54, 0x44, 0x54, 0x42, 0x54, 0x44, 0x54, 0x44, 0x54, 0xa4, 0x63, 0xa4, 0x63
.byte 0xa6, 0x73, 0xa6, 0x8b, 0xa8, 0x9b, 0xa8, 0xab, 0x48, 0xbc, 0x48, 0xbc, 0x4a, 0xcc, 0x4a, 0xbc
.byte 0x48, 0xcc, 0x4a, 0xbc, 0xa6, 0x9b, 0xa6, 0x8b, 0xa4, 0x73, 0x42, 0x54, 0xc4, 0x54, 0xc2, 0x44
.byte 0x42, 0x44, 0x42, 0x44, 0xa2, 0x43, 0x22, 0x43, 0x24, 0x53, 0x24, 0x63, 0xa6, 0x8b, 0x48, 0xac
.byte 0x4a, 0xbc, 0xca, 0xcc, 0xcc, 0xdc, 0xca, 0xcc, 0xca, 0xdc, 0xcc, 0xcc, 0xca, 0xcc, 0xca, 0xdc
.byte 0x4c, 0xcc, 0xca, 0xcc, 0x4a, 0xcc, 0xcc, 0xdc, 0x4a, 0xcc, 0xca, 0xcc, 0x4a, 0xcc, 0x48, 0xbc
.byte 0x4a, 0xbc, 0x48, 0xbc, 0x4a, 0xcc, 0x48, 0xbc, 0xa8, 0xab, 0xa8, 0xab, 0x28, 0xab, 0xa6, 0x9b
.byte 0x26, 0x9b, 0xa6, 0x73, 0xa4, 0x63, 0x44, 0x54, 0xc2, 0x54, 0xc4, 0x44, 0x42, 0x54, 0xa4, 0x53
.byte 0xa4, 0x63, 0xa4, 0x63, 0xa4, 0x63, 0x44, 0x54, 0x42, 0x54, 0xc4, 0x54, 0xc4, 0x54, 0x42, 0x44
.byte 0xc4, 0x44, 0x42, 0x54, 0xc2, 0x44, 0xc4, 0x54, 0xc2, 0x44, 0x42, 0x55, 0xc2, 0x44, 0xc2, 0x44
.byte 0xc4, 0x54, 0xc2, 0x54, 0xc4, 0x54, 0xc6, 0x74, 0xc6, 0x74, 0x48, 0x8d, 0xc8, 0x8c, 0x48, 0x8d
.byte 0x4a, 0x9d, 0x4a, 0xad, 0xcc, 0xbd, 0xcc, 0xcd, 0x6e, 0xde, 0x6e, 0xce, 0xce, 0xdd, 0x6e, 0xde
.byte 0xce, 0xcd, 0x6e, 0xde, 0xce, 0xcd, 0xce, 0xdd, 0x6e, 0xce, 0xce, 0xdd, 0x6e, 0xce, 0x6e, 0xde
.byte 0xce, 0xdd, 0x71, 0xce, 0x6e, 0xde, 0xce, 0xdd, 0x6e, 0xce, 0xce, 0xdd, 0x6e, 0xde, 0x6e, 0xce
.byte 0x6c, 0xde, 0xcc, 0xcd, 0xcc, 0xcd, 0xce, 0xcd, 0x71, 0xde, 0x6e, 0xce, 0xcc, 0xcd, 0xca, 0xcd
.byte 0xca, 0xcd, 0x71, 0xce, 0x73, 0xde, 0x73, 0xce, 0xd3, 0xad, 0xd1, 0x9d, 0xcc, 0x9d, 0xca, 0xbd
.byte 0xc6, 0xdd, 0x66, 0xde, 0x64, 0xee, 0x66, 0xee, 0xc6, 0xdd, 0x66, 0xee, 0x6a, 0xde, 0x6c, 0xde
.byte 0x6e, 0xde, 0x71, 0xce, 0x71, 0xce, 0xf3, 0xce, 0xf3, 0xde, 0xf5, 0xde, 0xee, 0xde, 0x6c, 0xce
.byte 0x68, 0xde, 0x68, 0xde, 0x68, 0xde, 0xc8, 0xdd, 0x6a, 0xde, 0x6a, 0xde, 0x6c, 0xde, 0x6e, 0xce
.byte 0xce, 0xcd, 0xd5, 0xbc, 0x57, 0xbc, 0x5b, 0xbc, 0xdb, 0xbc, 0xdb, 0xcc, 0xdb, 0xbc, 0xdb, 0xbc
.byte 0xdb, 0xbc, 0xdb, 0xbc, 0x59, 0xbc, 0x5b, 0xac, 0xb9, 0xab, 0xb7, 0x9b, 0xd3, 0xbc, 0xce, 0xbd
.byte 0xc2, 0x44, 0xc4, 0x44, 0x42, 0x55, 0x44, 0x55, 0x42, 0x55, 0x44, 0x55, 0xc4, 0x55, 0x42, 0x55
.byte 0x44, 0x55, 0x42, 0x55, 0xc4, 0x54, 0xc4, 0x44, 0xc2, 0x54, 0xc4, 0x44, 0x42, 0x44, 0xa2, 0x33
.byte 0xa2, 0x33, 0x22, 0x43, 0x22, 0x43, 0x24, 0x63, 0x24, 0x73, 0x26, 0x9b, 0xa8, 0xab, 0xa6, 0xab
.byte 0x28, 0xab, 0xa6, 0xab, 0x28, 0xab, 0xa6, 0xab, 0xa8, 0xab, 0xa6, 0xab, 0x28, 0xab, 0xa6, 0xab
.byte 0xa8, 0xab, 0xa6, 0xab, 0x28, 0xab, 0xa6, 0xab, 0xa8, 0xbb, 0xa8, 0xbb, 0x4a, 0xbc, 0xca, 0xdc
.byte 0xcc, 0xcc, 0xca, 0xdc, 0x4a, 0xcc, 0xca, 0xdc, 0xca, 0xcc, 0x4a, 0xcc, 0x48, 0xbc, 0xa8, 0xab
.byte 0xa6, 0x9b, 0xa6, 0x8b, 0xa6, 0x73, 0x26, 0x8b, 0xa6, 0x73, 0x26, 0x8b, 0xa6, 0x73, 0xa4, 0x73
.byte 0xa4, 0x63, 0x44, 0x64, 0x42, 0x54, 0x42, 0x54, 0xc4, 0x54, 0x44, 0x54, 0x44, 0x54, 0x44, 0x64
.byte 0x42, 0x54, 0x44, 0x54, 0xc2, 0x54, 0x44, 0x44, 0x42, 0x54, 0x42, 0x54, 0x44, 0x54, 0x44, 0x54
.byte 0x44, 0x54, 0x44, 0x54, 0x44, 0x54, 0xa4, 0x63, 0x44, 0x74, 0xa6, 0x73, 0xa6, 0x73, 0xa6, 0x8b
.byte 0xa6, 0x9b, 0x48, 0xac, 0x48, 0xbc, 0x4a, 0xbc, 0x48, 0xbc, 0x4a, 0xbc, 0xca, 0xcc, 0x4a, 0xcc
.byte 0xca, 0xcc, 0x48, 0xbc, 0x48, 0xac, 0xa6, 0x8b, 0xa4, 0x63, 0x44, 0x54, 0xc2, 0x54, 0xc2, 0x44
.byte 0xc4, 0x54, 0x42, 0x44, 0xa4, 0x53, 0x24, 0x53, 0x24, 0x73, 0x26, 0x8b, 0xa8, 0xab, 0x48, 0xbc
.byte 0x4a, 0xcc, 0xca, 0xcc, 0xca, 0xcc, 0x4a, 0xcc, 0xca, 0xcc, 0x4a, 0xdc, 0xca, 0xcc, 0x4a, 0xcc
.byte 0xca, 0xcc, 0xca, 0xdc, 0xca, 0xcc, 0xca, 0xcc, 0xca, 0xcc, 0xca, 0xcc, 0x4a, 0xcc, 0x48, 0xcc
.byte 0x4a, 0xbc, 0x48, 0xcc, 0xca, 0xbc, 0x48, 0xcc, 0xa8, 0xbb, 0xa8, 0xab, 0xa6, 0xab, 0x26, 0x9b
.byte 0x26, 0x9b, 0xa6, 0x73, 0xa4, 0x63, 0x42, 0x54, 0xc4, 0x44, 0xc2, 0x54, 0xc4, 0x44, 0x42, 0x54
.byte 0x44, 0x54, 0x42, 0x54, 0x44, 0x54, 0xc2, 0x54, 0xc4, 0x44, 0xc2, 0x54, 0xc2, 0x44, 0xc2, 0x44
.byte 0xc2, 0x54, 0xc4, 0x44, 0xc2, 0x44, 0xc4, 0x44, 0xc2, 0x54, 0xc4, 0x44, 0xc4, 0x54, 0xc4, 0x54
.byte 0xc4, 0x44, 0xc4, 0x54, 0xc6, 0x64, 0xc8, 0x8c, 0x4a, 0xad, 0x4a, 0xad, 0xcc, 0xad, 0x4a, 0xbd
.byte 0xcc, 0xbd, 0xcc, 0xcd, 0xce, 0xcd, 0x6e, 0xde, 0xce, 0xcd, 0x6e, 0xde, 0xce, 0xdd, 0x6e, 0xce
.byte 0xce, 0xdd, 0xce, 0xcd, 0x6e, 0xde, 0xce, 0xdd, 0x6e, 0xde, 0xd1, 0xdd, 0x6e, 0xde, 0xce, 0xdd
.byte 0x6e, 0xde, 0xce, 0xdd, 0x6e, 0xde, 0x6e, 0xde, 0xce, 0xdd, 0x6e, 0xde, 0x6e, 0xde, 0xcc, 0xdd
.byte 0xcc, 0xcd, 0xca, 0xcd, 0xcc, 0xbd, 0x71, 0xce, 0xf3, 0xde, 0x73, 0xde, 0x6e, 0xce, 0x6c, 0xce
.byte 0x6c, 0xce, 0x6e, 0xde, 0xf3, 0xde, 0x75, 0xce, 0xd1, 0xbd, 0xce, 0x9d, 0xce, 0xad, 0xca, 0xbd
.byte 0x66, 0xce, 0x66, 0xde, 0xc4, 0xed, 0x64, 0xde, 0x66, 0xde, 0x64, 0xee, 0x66, 0xde, 0x68, 0xde
.byte 0x6a, 0xde, 0x68, 0xbe, 0x6a, 0xbe, 0x6c, 0xce, 0x71, 0xce, 0xee, 0xde, 0x6e, 0xce, 0xca, 0xdd
.byte 0x68, 0xde, 0xca, 0xdd, 0x6c, 0xde, 0x6c, 0xee, 0x6a, 0xde, 0x6c, 0xde, 0xec, 0xde, 0x6e, 0xce
.byte 0x51, 0xbd, 0xd5, 0xbc, 0x59, 0xbc, 0xd9, 0xbc, 0x5b, 0xcd, 0xd9, 0xcd, 0x5b, 0xcd, 0xdb, 0xcc
.byte 0x5d, 0xbc, 0xbb, 0xab, 0xb9, 0xab, 0xb9, 0x9b, 0xb5, 0x9b, 0x55, 0xac, 0xd1, 0xac, 0xce, 0xbd
.byte 0x42, 0x44, 0x42, 0x44, 0xc4, 0x44, 0x42, 0x45, 0x44, 0x55, 0x44, 0x55, 0x42, 0x55, 0x44, 0x55
.byte 0x42, 0x55, 0x44, 0x55, 0xc2, 0x44, 0xc2, 0x44, 0x42, 0x44, 0x42, 0x44, 0x42, 0x44, 0xa2, 0x33
.byte 0xa2, 0x43, 0x22, 0x33, 0x24, 0x43, 0x24, 0x63, 0x24, 0x73, 0x26, 0x9b, 0xa6, 0xab, 0x28, 0xab
.byte 0xa6, 0xab, 0xa8, 0xbb, 0xa6, 0xab, 0xa8, 0xab, 0x26, 0xbb, 0xa8, 0xab, 0xa6, 0xab, 0xa8, 0xbb
.byte 0x26, 0xab, 0xa8, 0xab, 0xa6, 0xab, 0xa8, 0xab, 0xa8, 0xab, 0xa8, 0xbb, 0x48, 0xbc, 0x4a, 0xcc
.byte 0xcc, 0xdc, 0xca, 0xcc, 0xcc, 0xcc, 0xca, 0xcc, 0x4a, 0xcc, 0xca, 0xcc, 0x4a, 0xbc, 0xa8, 0xbb
.byte 0xa8, 0xab, 0xa6, 0x9b, 0x26, 0x9b, 0xa6, 0x9b, 0x26, 0x9b, 0xa6, 0x9b, 0x26, 0x9b, 0x26, 0x8b
.byte 0xa6, 0x8b, 0xa4, 0x63, 0x44, 0x64, 0x44, 0x54, 0xa4, 0x63, 0x44, 0x64, 0xa4, 0x63, 0x44, 0x64
.byte 0x44, 0x54, 0x42, 0x54, 0xa4, 0x53, 0xa4, 0x63, 0x44, 0x54, 0x44, 0x54, 0x42, 0x54, 0xa4, 0x63
.byte 0xa4, 0x63, 0xa4, 0x63, 0x44, 0x74, 0xa6, 0x8b, 0xa6, 0x8b, 0xa8, 0x9b, 0x46, 0xac, 0x48, 0xac
.byte 0x48, 0xac, 0x4a, 0xbc, 0x4a, 0xbc, 0x48, 0xcc, 0x4a, 0xbc, 0x48, 0xcc, 0xca, 0xcc, 0x4a, 0xcc
.byte 0xca, 0xcc, 0x4a, 0xcc, 0x48, 0xac, 0xa6, 0x8b, 0x44, 0x64, 0x44, 0x54, 0xc2, 0x54, 0xc4, 0x54
.byte 0xc2, 0x44, 0x42, 0x54, 0xa4, 0x53, 0xa4, 0x73, 0xa6, 0x8b, 0xa8, 0xab, 0x48, 0xbc, 0x4a, 0xcc
.byte 0xca, 0xcc, 0x4a, 0xdc, 0xca, 0xcc, 0xca, 0xdc, 0xca, 0xcc, 0xcc, 0xcc, 0xca, 0xcc, 0xca, 0xcc
.byte 0xcc, 0xdc, 0xca, 0xcc, 0x4a, 0xcc, 0xcc, 0xdc, 0xca, 0xcc, 0x4a, 0xcc, 0x4a, 0xcc, 0x4a, 0xbc
.byte 0x48, 0xcc, 0x4a, 0xbc, 0x4a, 0xcc, 0x48, 0xbc, 0x4a, 0xbc, 0xa8, 0xab, 0xa6, 0xab, 0xa8, 0xab
.byte 0x26, 0x8b, 0xa4, 0x73, 0xa4, 0x63, 0xc4, 0x54, 0xc2, 0x54, 0x44, 0x45, 0xc2, 0x54, 0x44, 0x44
.byte 0x42, 0x54, 0x44, 0x44, 0xc2, 0x44, 0x44, 0x44, 0xc2, 0x44, 0xc4, 0x54, 0xc4, 0x44, 0x44, 0x54
.byte 0xc4, 0x44, 0x42, 0x44, 0xc4, 0x44, 0xc2, 0x54, 0x44, 0x44, 0xc4, 0x54, 0xc4, 0x64, 0xc6, 0x64
.byte 0x44, 0x64, 0xc6, 0x74, 0xc8, 0x8c, 0x4a, 0xad, 0xcc, 0xbd, 0xcc, 0xcd, 0xcc, 0xcd, 0xcc, 0xcd
.byte 0xce, 0xcd, 0xce, 0xcd, 0x6e, 0xde, 0xce, 0xcd, 0x6e, 0xde, 0xce, 0xcd, 0x6e, 0xde, 0x6e, 0xde
.byte 0x6e, 0xde, 0x6e, 0xde, 0x6e, 0xde, 0x71, 0xde, 0x6e, 0xde, 0x6e, 0xde, 0x6e, 0xde, 0x6e, 0xce
.byte 0x6e, 0xde, 0x6e, 0xce, 0x6e, 0xde, 0xce, 0xcd, 0x6e, 0xde, 0x6e, 0xde, 0xcc, 0xcd, 0xcc, 0xcd
.byte 0xca, 0xcd, 0xca, 0xcd, 0xcc, 0xcd, 0x73, 0xde, 0xf5, 0xde, 0xf5, 0xde, 0x6e, 0xce, 0xca, 0xcd
.byte 0x6a, 0xde, 0xee, 0xee, 0x71, 0xde, 0x71, 0xde, 0x6e, 0xbe, 0xd1, 0x9d, 0xce, 0xbd, 0x6c, 0xbe
.byte 0x6a, 0xde, 0xc6, 0xdd, 0x66, 0xee, 0x64, 0xde, 0xc4, 0xed, 0x64, 0xde, 0xc6, 0xdd, 0xc4, 0xdd
.byte 0xc6, 0xcd, 0xc6, 0xcd, 0xc8, 0xcd, 0x6a, 0xce, 0x6e, 0xde, 0xce, 0xdd, 0xce, 0xdd, 0x6a, 0xde
.byte 0x6a, 0xde, 0x6c, 0xee, 0xce, 0xdd, 0x71, 0xee, 0xd1, 0xed, 0x6e, 0xde, 0x6c, 0xce, 0x6e, 0xce
.byte 0x53, 0xbd, 0xd5, 0xbc, 0x59, 0xac, 0x59, 0xcd, 0xd7, 0xcd, 0xd7, 0xdd, 0xd9, 0xcd, 0x59, 0xcd
.byte 0xdb, 0xbc, 0xbb, 0xab, 0x39, 0x9b, 0xb7, 0x9b, 0x53, 0xac, 0xd1, 0xac, 0xce, 0xbd, 0xce, 0xcd
.byte 0xa2, 0x33, 0xa2, 0x43, 0x42, 0x44, 0x42, 0x44, 0xc4, 0x44, 0xc2, 0x54, 0xc4, 0x44, 0x44, 0x55
.byte 0xc2, 0x44, 0xc4, 0x44, 0x42, 0x44, 0x44, 0x44, 0xa2, 0x43, 0x42, 0x34, 0xa2, 0x43, 0xa2, 0x33
.byte 0x22, 0x33, 0x22, 0x43, 0x22, 0x53, 0x24, 0x63, 0x26, 0x8b, 0x26, 0x9b, 0xa6, 0xab, 0xa8, 0xab
.byte 0xa6, 0xab, 0xa8, 0xab, 0x26, 0xab, 0xa8, 0xab, 0xa6, 0xab, 0xa8, 0xab, 0x26, 0xab, 0xa8, 0xab
.byte 0xa6, 0xab, 0xa8, 0xab, 0x26, 0xab, 0xa8, 0xbb, 0xa6, 0xab, 0xa8, 0xbb, 0x4a, 0xbc, 0xca, 0xcc
.byte 0xca, 0xcc, 0xca, 0xcc, 0xca, 0xdc, 0x4a, 0xcc, 0xca, 0xdc, 0x4a, 0xcc, 0xca, 0xcc, 0x4a, 0xcc
.byte 0x48, 0xbc, 0xa8, 0xab, 0xa8, 0xab, 0x28, 0x9b, 0xa8, 0xab, 0x26, 0x9b, 0x28, 0x9b, 0xa6, 0x9b
.byte 0x26, 0x8b, 0xa6, 0x73, 0xa4, 0x63, 0xa4, 0x63, 0x44, 0x8c, 0xa6, 0x8b, 0xa6, 0x8b, 0x46, 0x8c
.byte 0xa4, 0x63, 0xa4, 0x63, 0xa4, 0x63, 0xa4, 0x73, 0xa4, 0x73, 0xa4, 0x73, 0x46, 0x74, 0xa6, 0x73
.byte 0x46, 0x8c, 0x46, 0x9c, 0x48, 0x9c, 0x48, 0x9c, 0x48, 0xac, 0x48, 0xbc, 0x4a, 0xbc, 0x4a, 0xcc
.byte 0xca, 0xcc, 0x4a, 0xcc, 0xca, 0xcc, 0x4a, 0xbc, 0x48, 0xcc, 0x4a, 0xcc, 0x4a, 0xcc, 0xca, 0xcc
.byte 0xca, 0xcc, 0x4a, 0xcc, 0x48, 0xbc, 0x46, 0x9c, 0xa6, 0x73, 0x42, 0x54, 0xc4, 0x54, 0xc2, 0x44
.byte 0xc4, 0x54, 0xa4, 0x53, 0xa4, 0x73, 0xa6, 0x8b, 0xa8, 0xab, 0x4a, 0xbc, 0x4a, 0xcc, 0xca, 0xcc
.byte 0xca, 0xcc, 0xcc, 0xcc, 0xca, 0xcc, 0x4c, 0xcc, 0xca, 0xdc, 0xca, 0xcc, 0x4a, 0xdc, 0xca, 0xcc
.byte 0x4a, 0xcc, 0xca, 0xdc, 0xca, 0xcc, 0xca, 0xcc, 0x4a, 0xcc, 0xca, 0xdc, 0xca, 0xcc, 0x4a, 0xcc
.byte 0x48, 0xbc, 0x4a, 0xcc, 0xca, 0xcc, 0x4a, 0xcc, 0x48, 0xbc, 0xa8, 0xbb, 0xa8, 0xab, 0x26, 0x9b
.byte 0xa6, 0x8b, 0x26, 0x73, 0x44, 0x54, 0x42, 0x54, 0xc2, 0x44, 0xc4, 0x54, 0xc2, 0x44, 0xc2, 0x44
.byte 0x42, 0x44, 0x42, 0x44, 0x44, 0x54, 0xc2, 0x54, 0xc4, 0x54, 0xc4, 0x54, 0xc4, 0x64, 0xc4, 0x64
.byte 0xc4, 0x54, 0xc4, 0x64, 0x44, 0x54, 0xc4, 0x54, 0xc4, 0x64, 0xc6, 0x74, 0x48, 0x8d, 0x48, 0x8d
.byte 0x48, 0x8d, 0x48, 0x8d, 0x4a, 0x9d, 0xcc, 0xbd, 0xcc, 0xcd, 0xce, 0xcd, 0xcc, 0xcd, 0xce, 0xdd
.byte 0x6c, 0xde, 0xce, 0xcd, 0x6e, 0xde, 0xce, 0xdd, 0x6e, 0xde, 0x6e, 0xde, 0x6e, 0xde, 0x71, 0xde
.byte 0x6e, 0xde, 0x71, 0xee, 0xee, 0xde, 0x71, 0xde, 0x6e, 0xde, 0x6e, 0xde, 0x6e, 0xce, 0xcc, 0xcd
.byte 0x6c, 0xbe, 0xce, 0xcd, 0x6e, 0xce, 0x6e, 0xde, 0x6e, 0xde, 0xce, 0xcd, 0xcc, 0xdd, 0xcc, 0xcd
.byte 0xc8, 0xcd, 0xca, 0xcd, 0x6c, 0xce, 0xf3, 0xde, 0xf5, 0xde, 0xf3, 0xde, 0x6c, 0xce, 0x6a, 0xce
.byte 0x6a, 0xce, 0x6a, 0xde, 0xec, 0xde, 0x6c, 0xde, 0x6e, 0xce, 0x71, 0xbe, 0x73, 0xbe, 0x71, 0xce
.byte 0xec, 0xde, 0x68, 0xee, 0x68, 0xde, 0x66, 0xee, 0xc6, 0xdd, 0x64, 0xee, 0xc4, 0xdd, 0x64, 0xde
.byte 0xc4, 0xdd, 0xc6, 0xcd, 0xca, 0xdd, 0xcc, 0xdd, 0xd1, 0xdd, 0xd1, 0xdd, 0x51, 0xdd, 0x4e, 0xdd
.byte 0xce, 0xdd, 0xce, 0xdd, 0xd3, 0xed, 0xd5, 0xed, 0x73, 0xde, 0x73, 0xde, 0x6e, 0xde, 0xce, 0xcd
.byte 0x51, 0xbd, 0x57, 0xac, 0x59, 0xbc, 0xd9, 0xbc, 0xd7, 0xdd, 0x75, 0xce, 0xd7, 0xdd, 0x5b, 0xcd
.byte 0x5b, 0xbc, 0xb9, 0xab, 0x37, 0x9b, 0x53, 0xac, 0xd1, 0xac, 0xcc, 0xad, 0xcc, 0xbd, 0x6c, 0xbe
.byte 0xa2, 0x33, 0x22, 0x33, 0xa2, 0x33, 0xa2, 0x43, 0x42, 0x34, 0x42, 0x44, 0xc2, 0x44, 0xc2, 0x44
.byte 0xc4, 0x44, 0xc2, 0x44, 0x42, 0x44, 0xa2, 0x33, 0xa2, 0x43, 0x22, 0x43, 0x22, 0x33, 0x22, 0x43
.byte 0x22, 0x43, 0x24, 0x53, 0x24, 0x63, 0x24, 0x73, 0x26, 0x9b, 0x26, 0x9b, 0xa6, 0xab, 0x28, 0xab
.byte 0xa6, 0xab, 0x28, 0xab, 0xa6, 0xab, 0xa8, 0xab, 0x26, 0xab, 0xa8, 0xab, 0xa8, 0xab, 0xa6, 0xab
.byte 0x28, 0xab, 0xa6, 0xab, 0xa8, 0xab, 0xa6, 0xab, 0x28, 0xab, 0xa8, 0xbb, 0x48, 0xbc, 0x4a, 0xcc
.byte 0xcc, 0xcc, 0xca, 0xdc, 0x4c, 0xcc, 0xca, 0xcc, 0xca, 0xcc, 0xca, 0xcc, 0x4c, 0xcc, 0xca, 0xcc
.byte 0x4a, 0xcc, 0xa8, 0xab, 0xa8, 0xbb, 0xa8, 0xab, 0xa8, 0xbb, 0xa8, 0xab, 0xa8, 0xab, 0x26, 0xab
.byte 0xa6, 0x9b, 0x26, 0x8b, 0xa6, 0x8b, 0xa6, 0x8b, 0xa6, 0x9b, 0x48, 0xac, 0x48, 0xac, 0xa8, 0x9b
.byte 0xa6, 0x8b, 0xa6, 0x8b, 0x26, 0x73, 0xa6, 0x8b, 0xa6, 0x8b, 0xa6, 0x9b, 0xa6, 0x8b, 0x46, 0x9c
.byte 0x48, 0xac, 0x48, 0xac, 0x48, 0xbc, 0x4a, 0xbc, 0xca, 0xcc, 0x4a, 0xcc, 0xca, 0xcc, 0x4a, 0xcc
.byte 0xca, 0xcc, 0x4a, 0xdc, 0xca, 0xcc, 0x4a, 0xcc, 0x48, 0xbc, 0x4a, 0xbc, 0xca, 0xcc, 0x4a, 0xcc
.byte 0xca, 0xcc, 0x4a, 0xcc, 0x48, 0xbc, 0xa6, 0x9b, 0x44, 0x74, 0x44, 0x64, 0xc4, 0x44, 0xc2, 0x54
.byte 0x44, 0x44, 0x42, 0x64, 0xa6, 0x73, 0xa6, 0x9b, 0x48, 0xbc, 0x4a, 0xcc, 0xca, 0xcc, 0x4a, 0xcc
.byte 0xca, 0xcc, 0x4a, 0xdc, 0xca, 0xcc, 0xca, 0xdc, 0xca, 0xcc, 0x4a, 0xcc, 0xcc, 0xcc, 0xca, 0xdc
.byte 0xca, 0xcc, 0xcc, 0xcc, 0x4a, 0xcc, 0xca, 0xdc, 0xca, 0xcc, 0xca, 0xcc, 0x4a, 0xcc, 0x4a, 0xcc
.byte 0x48, 0xbc, 0x4a, 0xcc, 0xca, 0xcc, 0x4a, 0xcc, 0x48, 0xbc, 0xa8, 0xbb, 0xa8, 0xab, 0xa6, 0x9b
.byte 0xa6, 0x9b, 0xa4, 0x73, 0x44, 0x64, 0x44, 0x54, 0xc4, 0x54, 0xc2, 0x44, 0x44, 0x54, 0xc4, 0x54
.byte 0x44, 0x54, 0xc4, 0x54, 0xc4, 0x54, 0xc6, 0x64, 0xc6, 0x74, 0x46, 0x8d, 0xc8, 0x8c, 0xc8, 0x8c
.byte 0x48, 0x8d, 0xc8, 0x8c, 0x46, 0x75, 0xc8, 0x74, 0x46, 0x75, 0x4a, 0x9d, 0xcc, 0xbd, 0xcc, 0xbd
.byte 0xcc, 0xbd, 0x4c, 0xbd, 0xcc, 0xbd, 0xcc, 0xcd, 0xce, 0xcd, 0x6e, 0xde, 0xce, 0xdd, 0x6e, 0xce
.byte 0xce, 0xdd, 0x6e, 0xce, 0x6e, 0xde, 0x6e, 0xde, 0x6e, 0xde, 0x6e, 0xde, 0x71, 0xee, 0x6e, 0xde
.byte 0xf1, 0xde, 0x6e, 0xde, 0x71, 0xde, 0x6e, 0xde, 0x6e, 0xde, 0x6e, 0xce, 0x6c, 0xbe, 0xca, 0xad
.byte 0xca, 0xad, 0x6c, 0xbe, 0xcc, 0xcd, 0x6e, 0xce, 0xce, 0xdd, 0x6c, 0xce, 0xcc, 0xcd, 0xca, 0xbd
.byte 0xca, 0xcd, 0xcc, 0xcd, 0xee, 0xde, 0xf1, 0xee, 0xf1, 0xee, 0xee, 0xde, 0x6a, 0xce, 0x68, 0xce
.byte 0x68, 0xde, 0x68, 0xde, 0xea, 0xee, 0x6c, 0xde, 0xf1, 0xce, 0xf3, 0xce, 0xf7, 0xde, 0xf3, 0xde
.byte 0xf1, 0xee, 0xec, 0xde, 0x6a, 0xee, 0x68, 0xee, 0x68, 0xde, 0x64, 0xde, 0xc4, 0xed, 0xc4, 0xdd
.byte 0xc6, 0xdd, 0xc8, 0xdd, 0xce, 0xdd, 0xd1, 0xdd, 0xd3, 0xed, 0x55, 0xdd, 0x55, 0xed, 0x51, 0xdd
.byte 0x4e, 0xdd, 0xce, 0xed, 0x53, 0xed, 0xd7, 0xed, 0x55, 0xed, 0xd3, 0xdd, 0xd1, 0xdd, 0xd1, 0xcd
.byte 0xd3, 0xac, 0x57, 0xac, 0x59, 0xac, 0xd9, 0xbc, 0x59, 0xbd, 0xd7, 0xcd, 0xd7, 0xcd, 0xd9, 0xbc
.byte 0x57, 0xbc, 0x57, 0x9c, 0xb5, 0x9b, 0xce, 0x9c, 0x4c, 0xad, 0xcc, 0xbd, 0x6a, 0xbe, 0x6c, 0xce
.byte 0x22, 0x43, 0xa2, 0x43, 0x22, 0x43, 0xa2, 0x33, 0xa2, 0x43, 0x44, 0x44, 0x42, 0x44, 0x44, 0x44
.byte 0x42, 0x44, 0xa2, 0x43, 0xa2, 0x43, 0x22, 0x43, 0x22, 0x43, 0x24, 0x43, 0x22, 0x43, 0x22, 0x43
.byte 0x22, 0x53, 0x24, 0x63, 0x26, 0x8b, 0x26, 0x9b, 0xa6, 0x9b, 0xa6, 0xab, 0xa8, 0xab, 0xa6, 0xab
.byte 0xa8, 0xab, 0xa8, 0xab, 0xa6, 0xbb, 0xa8, 0xab, 0xa6, 0xab, 0xa8, 0xbb, 0x26, 0xab, 0xa8, 0xab
.byte 0xa8, 0xbb, 0xa6, 0xab, 0x28, 0xab, 0xa6, 0xab, 0xa8, 0xab, 0xa8, 0xab, 0x48, 0xbc, 0x4a, 0xcc
.byte 0xca, 0xcc, 0xca, 0xdc, 0xca, 0xcc, 0xca, 0xcc, 0xca, 0xdc, 0x4a, 0xcc, 0xca, 0xdc, 0x4a, 0xcc
.byte 0xca, 0xcc, 0x4a, 0xcc, 0x48, 0xbc, 0x4a, 0xbc, 0x48, 0xbc, 0x48, 0xbc, 0xa8, 0xab, 0xa8, 0xab
.byte 0x26, 0xab, 0xa6, 0x9b, 0x26, 0x9b, 0xa8, 0xab, 0xa8, 0xab, 0x4a, 0xbc, 0x4a, 0xcc, 0x48, 0xbc
.byte 0x48, 0xac, 0xa6, 0x9b, 0xa6, 0x9b, 0x26, 0x9b, 0xa6, 0xab, 0xa8, 0x9b, 0xa8, 0xab, 0x48, 0xbc
.byte 0x4a, 0xbc, 0x4a, 0xcc, 0xca, 0xcc, 0x4a, 0xcc, 0xca, 0xcc, 0xca, 0xcc, 0x4c, 0xdc, 0xca, 0xcc
.byte 0xca, 0xcc, 0xca, 0xcc, 0x4a, 0xcc, 0x4a, 0xcc, 0x48, 0xbc, 0x4a, 0xcc, 0x48, 0xcc, 0x4a, 0xcc
.byte 0xca, 0xcc, 0xca, 0xcc, 0x4a, 0xbc, 0x46, 0x9c, 0xa6, 0x73, 0x44, 0x54, 0x42, 0x54, 0x42, 0x54
.byte 0x44, 0x54, 0xa4, 0x63, 0xa6, 0x73, 0x48, 0xac, 0x4a, 0xbc, 0x4a, 0xcc, 0xca, 0xdc, 0xca, 0xcc
.byte 0xca, 0xdc, 0xca, 0xcc, 0xca, 0xcc, 0x4a, 0xcc, 0xca, 0xcc, 0xca, 0xdc, 0xca, 0xcc, 0xca, 0xcc
.byte 0x4a, 0xdc, 0xca, 0xcc, 0xca, 0xdc, 0xcc, 0xcc, 0x4a, 0xdc, 0xca, 0xcc, 0x4a, 0xcc, 0xca, 0xcc
.byte 0x4a, 0xbc, 0x48, 0xcc, 0x4a, 0xbc, 0x4a, 0xcc, 0x4a, 0xbc, 0x48, 0xbc, 0x48, 0xac, 0xa8, 0xab
.byte 0xa8, 0x9b, 0x46, 0x8c, 0x46, 0x64, 0x44, 0x64, 0xc4, 0x54, 0xc4, 0x64, 0xc4, 0x54, 0xc6, 0x64
.byte 0xc6, 0x74, 0xc6, 0x74, 0x46, 0x75, 0xc8, 0x8c, 0x4a, 0x9d, 0x4a, 0xad, 0xcc, 0xbd, 0xcc, 0xbd
.byte 0xcc, 0xad, 0xca, 0xad, 0x4a, 0xad, 0xca, 0xad, 0xcc, 0xad, 0xcc, 0xbd, 0x6e, 0xce, 0x6e, 0xde
.byte 0x6e, 0xde, 0x6e, 0xce, 0xce, 0xdd, 0x6e, 0xde, 0x6e, 0xde, 0x71, 0xde, 0x6e, 0xde, 0x6e, 0xde
.byte 0x6e, 0xce, 0xce, 0xcd, 0x6c, 0xce, 0x6e, 0xce, 0x6e, 0xde, 0xf1, 0xde, 0xf1, 0xde, 0xf1, 0xde
.byte 0x6e, 0xde, 0xee, 0xce, 0x6e, 0xde, 0x6e, 0xce, 0x6e, 0xce, 0xcc, 0xbd, 0xca, 0x9d, 0xc8, 0x9d
.byte 0xca, 0x9d, 0xca, 0xad, 0x6e, 0xce, 0x6e, 0xde, 0xce, 0xcd, 0xcc, 0xcd, 0xcc, 0xbd, 0xcc, 0xcd
.byte 0x6c, 0xce, 0x6c, 0xde, 0x6c, 0xde, 0xee, 0xee, 0xee, 0xde, 0x6c, 0xde, 0x6a, 0xde, 0x68, 0xce
.byte 0x68, 0xce, 0x68, 0xde, 0x6a, 0xde, 0xec, 0xde, 0xf1, 0xee, 0xf5, 0xde, 0xf7, 0xee, 0xf7, 0xde
.byte 0xf1, 0xde, 0x6c, 0xee, 0x68, 0xde, 0x68, 0xee, 0x68, 0xde, 0x66, 0xee, 0x66, 0xde, 0x66, 0xde
.byte 0xc8, 0xdd, 0xca, 0xdd, 0xce, 0xdd, 0xd5, 0xed, 0x55, 0xed, 0x57, 0xed, 0xd5, 0xdc, 0xd3, 0xdc
.byte 0x4e, 0xdd, 0x51, 0xdd, 0x53, 0xdd, 0xd5, 0xec, 0x55, 0xdd, 0x53, 0xdd, 0x53, 0xcd, 0x51, 0xbd
.byte 0xd1, 0xac, 0xb5, 0xab, 0xb9, 0x9b, 0x59, 0xac, 0x59, 0xbc, 0xd9, 0xbc, 0xd7, 0xbc, 0xd7, 0xac
.byte 0x53, 0xac, 0x53, 0xac, 0xce, 0xac, 0xcc, 0xac, 0x4a, 0xad, 0xc8, 0xad, 0xca, 0xbd, 0x6c, 0xce
.byte 0x22, 0x63, 0x24, 0x53, 0x24, 0x53, 0x22, 0x53, 0x22, 0x43, 0xa2, 0x43, 0xa2, 0x43, 0xa2, 0x43
.byte 0xa2, 0x33, 0xa2, 0x33, 0x22, 0x43, 0x24, 0x43, 0x22, 0x63, 0x24, 0x63, 0x24, 0x53, 0xa2, 0x52
.byte 0x24, 0x53, 0x24, 0x73, 0x26, 0x9b, 0xa6, 0x9b, 0x28, 0xab, 0xa6, 0xab, 0x28, 0xab, 0xa6, 0xab
.byte 0x28, 0xab, 0xa6, 0xab, 0x28, 0xab, 0xa6, 0xab, 0x28, 0xab, 0xa6, 0xab, 0xa8, 0xab, 0xa6, 0xab
.byte 0x28, 0xab, 0xa6, 0xab, 0xa8, 0xab, 0xa8, 0xbb, 0xa6, 0xab, 0xa8, 0xbb, 0xa8, 0xbb, 0xca, 0xcc
.byte 0xca, 0xcc, 0xcc, 0xcc, 0xca, 0xdc, 0x4a, 0xcc, 0xca, 0xcc, 0xcc, 0xcc, 0xca, 0xcc, 0xca, 0xcc
.byte 0x4a, 0xcc, 0xca, 0xcc, 0x4a, 0xcc, 0xca, 0xcc, 0x4a, 0xcc, 0x48, 0xbc, 0xa8, 0xbb, 0xa8, 0xab
.byte 0xa6, 0xab, 0xa6, 0xab, 0xa6, 0xab, 0xa8, 0xab, 0x48, 0xbc, 0x4a, 0xcc, 0xca, 0xcc, 0x4a, 0xcc
.byte 0x48, 0xbc, 0xa8, 0xab, 0xa6, 0xab, 0x28, 0xab, 0xa6, 0xab, 0xa8, 0xab, 0xa8, 0xbb, 0x48, 0xbc
.byte 0xca, 0xcc, 0xca, 0xcc, 0xca, 0xcc, 0xca, 0xcc, 0x4a, 0xdc, 0xca, 0xcc, 0xca, 0xcc, 0xca, 0xcc
.byte 0x4a, 0xcc, 0xca, 0xdc, 0x4a, 0xcc, 0x4a, 0xbc, 0x48, 0xbc, 0x4a, 0xbc, 0x4a, 0xcc, 0xca, 0xcc
.byte 0xca, 0xcc, 0x4a, 0xcc, 0x48, 0xbc, 0xa8, 0x9b, 0xa4, 0x8b, 0xa4, 0x63, 0x42, 0x54, 0x44, 0x44
.byte 0x44, 0x54, 0xa4, 0x63, 0xa6, 0x8b, 0x48, 0xac, 0x48, 0xbc, 0xca, 0xcc, 0x4a, 0xcc, 0xcc, 0xcc
.byte 0xca, 0xcc, 0xcc, 0xcc, 0x4a, 0xdc, 0xcc, 0xcc, 0xca, 0xdc, 0xcc, 0xcc, 0x4a, 0xdc, 0xca, 0xcc
.byte 0xcc, 0xcc, 0xca, 0xcc, 0x4a, 0xcc, 0xca, 0xcc, 0xca, 0xcc, 0xca, 0xcc, 0x4a, 0xcc, 0x4a, 0xbc
.byte 0x48, 0xcc, 0x4a, 0xbc, 0xca, 0xcc, 0xca, 0xbc, 0x4a, 0xbc, 0xca, 0xbc, 0x4a, 0xbc, 0xc8, 0xac
.byte 0xca, 0xac, 0xc8, 0xac, 0xc8, 0x8c, 0xc8, 0x8c, 0xc6, 0x74, 0xc6, 0x74, 0x48, 0x8d, 0xc8, 0x9c
.byte 0x4a, 0x9d, 0x4a, 0xad, 0x4a, 0xad, 0xca, 0xbd, 0xcc, 0xbd, 0x6e, 0xce, 0x6e, 0xde, 0x6e, 0xce
.byte 0x6e, 0xde, 0x6e, 0xde, 0x6e, 0xce, 0x6e, 0xce, 0x6e, 0xce, 0x6e, 0xde, 0x6e, 0xde, 0xf1, 0xde
.byte 0x71, 0xee, 0xee, 0xde, 0x71, 0xee, 0x6e, 0xde, 0x71, 0xee, 0xee, 0xde, 0x71, 0xde, 0x6e, 0xde
.byte 0x6e, 0xbe, 0x6a, 0xbe, 0xca, 0xad, 0x6c, 0xae, 0x6c, 0xbe, 0x6e, 0xde, 0x6e, 0xde, 0x6e, 0xde
.byte 0x6e, 0xce, 0x6c, 0xbe, 0x6a, 0xae, 0x6c, 0xbe, 0xca, 0xad, 0xc8, 0x9d, 0xc8, 0x8d, 0x48, 0x75
.byte 0xc8, 0x9d, 0x6c, 0xbe, 0x6e, 0xce, 0xce, 0xcd, 0x6c, 0xce, 0xcc, 0xcd, 0xce, 0xcd, 0x6e, 0xce
.byte 0x71, 0xde, 0x6e, 0xde, 0xec, 0xde, 0xee, 0xee, 0xee, 0xee, 0x6e, 0xde, 0xea, 0xee, 0x6a, 0xde
.byte 0x68, 0xde, 0x68, 0xde, 0x68, 0xde, 0xec, 0xde, 0xf1, 0xee, 0xf5, 0xee, 0xf7, 0xde, 0xf5, 0xee
.byte 0xf1, 0xde, 0x6c, 0xce, 0x68, 0xde, 0x68, 0xde, 0x68, 0xee, 0x6a, 0xee, 0x6a, 0xee, 0x6a, 0xde
.byte 0x6a, 0xde, 0xca, 0xdd, 0xd1, 0xdd, 0x53, 0xdd, 0x55, 0xdd, 0xd5, 0xdc, 0x51, 0xbc, 0xce, 0xbc
.byte 0x4c, 0xcd, 0x4e, 0xcd, 0x51, 0xdd, 0x53, 0xdd, 0x53, 0xcd, 0x51, 0xcd, 0x51, 0xcd, 0x4e, 0xbd
.byte 0xd1, 0xbc, 0x53, 0x9c, 0xb3, 0x9b, 0xb5, 0x9b, 0x57, 0xac, 0x59, 0xac, 0xb7, 0x9b, 0x53, 0xac
.byte 0x51, 0x9c, 0xcc, 0xac, 0x4a, 0xad, 0x4a, 0x9d, 0x48, 0x9d, 0x48, 0xad, 0xc8, 0xbd, 0x6c, 0xce
.byte 0x26, 0x73, 0x24, 0x73, 0x24, 0x73, 0x24, 0x73, 0x24, 0x53, 0x22, 0x43, 0x22, 0x43, 0xa2, 0x33
.byte 0x22, 0x33, 0x22, 0x43, 0x22, 0x43, 0x24, 0x53, 0xa4, 0x62, 0x26, 0x73, 0xa4, 0x72, 0x24, 0x63
.byte 0x24, 0x73, 0x26, 0x8b, 0x26, 0x9b, 0x28, 0xab, 0xa6, 0xab, 0xa8, 0xab, 0xa6, 0xab, 0xa8, 0xbb
.byte 0xa6, 0xab, 0xa8, 0xab, 0xa6, 0xab, 0xa8, 0xab, 0xa6, 0xab, 0xa8, 0xab, 0x26, 0xab, 0xa8, 0xab
.byte 0xa6, 0xab, 0xa8, 0xab, 0x26, 0xab, 0xa6, 0xab, 0xa8, 0xab, 0xa8, 0xab, 0x48, 0xbc, 0x4a, 0xcc
.byte 0xcc, 0xcc, 0xcc, 0xdc, 0xcc, 0xcc, 0xcc, 0xdc, 0xca, 0xcc, 0x4a, 0xcc, 0xca, 0xdc, 0xca, 0xcc
.byte 0x4a, 0xcc, 0xca, 0xcc, 0x4c, 0xcc, 0xca, 0xcc, 0x4a, 0xcc, 0x4a, 0xbc, 0xa8, 0xbb, 0xa8, 0xab
.byte 0xa6, 0xab, 0xa8, 0xab, 0xa8, 0xab, 0xa8, 0xbb, 0x48, 0xbc, 0xca, 0xcc, 0xcc, 0xcc, 0x4a, 0xcc
.byte 0x4a, 0xcc, 0x48, 0xbc, 0xa8, 0xab, 0xa8, 0xab, 0xa6, 0xab, 0xa8, 0xbb, 0xa8, 0xab, 0x4a, 0xbc
.byte 0x4a, 0xcc, 0xca, 0xcc, 0x4a, 0xdc, 0xca, 0xcc, 0xca, 0xcc, 0xcc, 0xdc, 0x4a, 0xcc, 0xca, 0xdc
.byte 0xcc, 0xcc, 0xca, 0xcc, 0xca, 0xcc, 0x4a, 0xcc, 0x48, 0xbc, 0xa8, 0xbb, 0x4a, 0xcc, 0xca, 0xcc
.byte 0x4a, 0xcc, 0xca, 0xcc, 0x48, 0xcc, 0x48, 0xac, 0xa6, 0x8b, 0xa4, 0x63, 0xa4, 0x63, 0xa4, 0x53
.byte 0xa2, 0x63, 0xa4, 0x63, 0xa6, 0x8b, 0xa8, 0xab, 0x4a, 0xbc, 0xca, 0xcc, 0xca, 0xcc, 0x4a, 0xdc
.byte 0xca, 0xcc, 0x4a, 0xdc, 0xca, 0xcc, 0xca, 0xcc, 0xca, 0xcc, 0x4a, 0xcc, 0xca, 0xcc, 0xca, 0xcc
.byte 0x4a, 0xcc, 0xca, 0xcc, 0xca, 0xcc, 0x4a, 0xcc, 0xca, 0xcc, 0x4a, 0xcc, 0x4a, 0xbc, 0xca, 0xcc
.byte 0xca, 0xbc, 0xca, 0xbc, 0xca, 0xbc, 0xca, 0xcc, 0x4c, 0xbd, 0x4a, 0xcd, 0x4c, 0xcd, 0x4c, 0xcd
.byte 0x4c, 0xbd, 0x4c, 0xbd, 0x4a, 0xad, 0x4a, 0xad, 0x4a, 0x9d, 0xca, 0x9c, 0x4a, 0xad, 0x4a, 0xad
.byte 0xcc, 0xbd, 0xcc, 0xbd, 0xce, 0xcd, 0x6e, 0xce, 0x6e, 0xde, 0x6e, 0xde, 0xf1, 0xde, 0x6e, 0xee
.byte 0xf1, 0xee, 0x71, 0xde, 0x71, 0xde, 0xee, 0xee, 0xf1, 0xde, 0x71, 0xee, 0xf1, 0xde, 0xf1, 0xee
.byte 0xf1, 0xde, 0x71, 0xee, 0xf1, 0xde, 0xf1, 0xee, 0xf1, 0xde, 0x71, 0xee, 0x71, 0xde, 0x6e, 0xde
.byte 0x6c, 0xbe, 0xc8, 0x9d, 0xc8, 0x8d, 0xc8, 0x8d, 0xca, 0xad, 0x6c, 0xbe, 0x6e, 0xbe, 0x6c, 0xce
.byte 0x6c, 0xae, 0xca, 0x9d, 0xc8, 0x9d, 0xc8, 0x8d, 0xc8, 0x8d, 0x48, 0x75, 0x46, 0x75, 0x46, 0x75
.byte 0xc8, 0x9d, 0xcc, 0xbd, 0x6c, 0xbe, 0x6c, 0xce, 0xcc, 0xcd, 0xcc, 0xbd, 0x71, 0xce, 0x73, 0xde
.byte 0xf3, 0xde, 0xee, 0xde, 0x6e, 0xde, 0xee, 0xee, 0xf1, 0xee, 0xf1, 0xee, 0x6e, 0xde, 0xea, 0xde
.byte 0x6a, 0xde, 0x68, 0xde, 0x68, 0xde, 0xea, 0xde, 0xee, 0xee, 0xf3, 0xde, 0xf3, 0xde, 0x73, 0xce
.byte 0xce, 0xcd, 0xcc, 0xcd, 0xca, 0xcd, 0x68, 0xde, 0x6c, 0xee, 0xee, 0xee, 0xf1, 0xee, 0xf1, 0xee
.byte 0x6e, 0xde, 0xcc, 0xdd, 0x4c, 0xdd, 0x51, 0xdd, 0xd1, 0xdc, 0xd1, 0xbc, 0x4c, 0xbc, 0xca, 0xac
.byte 0xc8, 0xac, 0x48, 0xbd, 0x4c, 0xcd, 0x4c, 0xcd, 0x4e, 0xcd, 0xce, 0xbd, 0x4e, 0xcd, 0xcc, 0xcd
.byte 0x4e, 0xad, 0xcc, 0xac, 0x4e, 0x9c, 0x51, 0x8c, 0xb3, 0x9b, 0xb3, 0x8b, 0xb3, 0x9b, 0x51, 0x8c
.byte 0xcc, 0x9c, 0x4a, 0xad, 0x4a, 0x9d, 0x48, 0x9d, 0x48, 0x9d, 0x46, 0x9d, 0xc8, 0xbd, 0xca, 0xbd
.byte 0xa6, 0x9b, 0x26, 0xab, 0xa6, 0x9b, 0x26, 0x8b, 0x24, 0x63, 0x22, 0x53, 0x22, 0x43, 0x22, 0x43
.byte 0x22, 0x43, 0x22, 0x43, 0xa4, 0x52, 0x22, 0x53, 0xa4, 0x72, 0x26, 0x8b, 0x26, 0x8b, 0x26, 0x8b
.byte 0x26, 0x8b, 0x26, 0x8b, 0xa6, 0xab, 0xa6, 0xab, 0xa8, 0xab, 0xa6, 0xab, 0x28, 0xab, 0xa6, 0xab
.byte 0x28, 0xab, 0xa6, 0xab, 0x28, 0xbb, 0xa6, 0xab, 0x28, 0xab, 0xa6, 0xbb, 0xa8, 0xab, 0xa6, 0xab
.byte 0x28, 0xbb, 0xa6, 0xab, 0xa8, 0xab, 0xa8, 0xab, 0xa8, 0xab, 0xa8, 0xbb, 0x4a, 0xbc, 0x4a, 0xbc
.byte 0x4c, 0xcd, 0x4e, 0xdd, 0x4c, 0xdd, 0xcc, 0xcc, 0xca, 0xdc, 0xca, 0xcc, 0xcc, 0xcc, 0x4a, 0xdc
.byte 0xca, 0xcc, 0xca, 0xdc, 0xca, 0xcc, 0xca, 0xcc, 0x4a, 0xcc, 0x48, 0xcc, 0x48, 0xbc, 0xa8, 0xab
.byte 0xa8, 0xab, 0xa8, 0xbb, 0xa6, 0xab, 0xa8, 0xbb, 0x4a, 0xbc, 0xca, 0xcc, 0xca, 0xdc, 0xca, 0xcc
.byte 0x4a, 0xcc, 0x48, 0xbc, 0xa8, 0xbb, 0xa6, 0xab, 0xa8, 0xab, 0xa8, 0xab, 0xa8, 0xbb, 0x48, 0xbc
.byte 0x4a, 0xcc, 0xca, 0xcc, 0xca, 0xcc, 0xcc, 0xdc, 0x4a, 0xcc, 0xca, 0xcc, 0xca, 0xcc, 0xca, 0xcc
.byte 0x4a, 0xdc, 0xca, 0xcc, 0x4a, 0xcc, 0x4a, 0xcc, 0x48, 0xbc, 0x4a, 0xbc, 0x48, 0xbc, 0x4a, 0xcc
.byte 0xca, 0xcc, 0x4a, 0xcc, 0x4a, 0xbc, 0xa8, 0xab, 0xa6, 0x9b, 0xa4, 0x73, 0xa4, 0x63, 0xa4, 0x63
.byte 0x26, 0x73, 0xa6, 0x8b, 0xa8, 0xab, 0x48, 0xac, 0x4a, 0xcc, 0x4a, 0xcc, 0xca, 0xcc, 0xca, 0xcc
.byte 0xca, 0xcc, 0xca, 0xcc, 0xca, 0xcc, 0xca, 0xcc, 0x4a, 0xcc, 0xca, 0xcc, 0xca, 0xcc, 0x4a, 0xcc
.byte 0xca, 0xcc, 0x4a, 0xcc, 0xca, 0xcc, 0xca, 0xbc, 0xca, 0xcc, 0xca, 0xbc, 0xca, 0xcc, 0xca, 0xbc
.byte 0x4c, 0xcd, 0x4c, 0xcd, 0x4c, 0xcd, 0xcc, 0xcd, 0x4c, 0xcd, 0xcc, 0xcd, 0xce, 0xcd, 0xcc, 0xcd
.byte 0xcc, 0xcd, 0xcc, 0xcd, 0xcc, 0xcd, 0xcc, 0xcd, 0xcc, 0xbd, 0xcc, 0xbd, 0xcc, 0xcd, 0xcc, 0xcd
.byte 0xcc, 0xcd, 0x6e, 0xde, 0x6e, 0xde, 0x71, 0xde, 0x6e, 0xee, 0xf1, 0xde, 0x71, 0xee, 0xf1, 0xee
.byte 0xf1, 0xde, 0xf1, 0xee, 0xf1, 0xee, 0xf1, 0xee, 0x71, 0xde, 0xf1, 0xee, 0xf1, 0xee, 0x71, 0xee
.byte 0xf1, 0xee, 0xf1, 0xee, 0x71, 0xee, 0xf1, 0xee, 0x71, 0xee, 0xf1, 0xee, 0xf1, 0xde, 0x6e, 0xde
.byte 0x6c, 0xbe, 0xc8, 0x8d, 0xc6, 0x65, 0xc4, 0x65, 0xc6, 0x75, 0xc8, 0x9d, 0xca, 0xad, 0x6a, 0x9e
.byte 0xc8, 0x9d, 0xc8, 0x8d, 0x46, 0x75, 0x46, 0x65, 0x44, 0x65, 0x44, 0x65, 0x44, 0x55, 0x46, 0x75
.byte 0xc8, 0x8d, 0xca, 0xad, 0xca, 0xbd, 0xca, 0xcd, 0xca, 0xcd, 0xcc, 0xcd, 0x71, 0xde, 0x73, 0xde
.byte 0xf1, 0xde, 0x6e, 0xde, 0x6c, 0xde, 0xf3, 0xee, 0x73, 0xee, 0xf3, 0xde, 0xee, 0xde, 0x6a, 0xde
.byte 0x68, 0xde, 0x68, 0xde, 0x68, 0xce, 0x68, 0xde, 0x6a, 0xde, 0x6c, 0xde, 0x6e, 0xce, 0xce, 0xbd
.byte 0xd1, 0xbd, 0x4c, 0xbd, 0x4a, 0xcd, 0xca, 0xcd, 0x6e, 0xde, 0xf3, 0xee, 0x77, 0xef, 0xf5, 0xee
.byte 0xf1, 0xee, 0x6e, 0xde, 0xcc, 0xcd, 0xca, 0xcc, 0xca, 0xbc, 0xca, 0xbc, 0xc6, 0x9c, 0xc6, 0x9c
.byte 0xc4, 0x9c, 0x46, 0xad, 0x46, 0xbd, 0xc8, 0xbd, 0xca, 0xcd, 0xca, 0xcd, 0x6c, 0xce, 0xcc, 0xbd
.byte 0xca, 0xbd, 0x4c, 0xad, 0x4a, 0x9d, 0xca, 0x9c, 0x4c, 0x8c, 0x4e, 0x8c, 0xac, 0x8b, 0xcc, 0x9c
.byte 0xca, 0x9c, 0x48, 0x9d, 0x48, 0x9d, 0xc6, 0x8c, 0xc6, 0x9c, 0x46, 0x9d, 0x48, 0x9d, 0xc8, 0xad
.byte 0xa8, 0xab, 0xa8, 0xab, 0xa8, 0xab, 0xa6, 0x9b, 0x24, 0x73, 0x24, 0x63, 0x24, 0x53, 0x24, 0x53
.byte 0x24, 0x63, 0x22, 0x53, 0xa4, 0x62, 0x24, 0x63, 0x26, 0x8b, 0x26, 0x8b, 0x26, 0x9b, 0x26, 0x9b
.byte 0xa6, 0x9b, 0x28, 0x9b, 0xa6, 0xab, 0x28, 0xab, 0xa6, 0xab, 0x28, 0xab, 0xa6, 0xab, 0xa8, 0xab
.byte 0xa6, 0xab, 0xa8, 0xab, 0xa6, 0xab, 0xa8, 0xab, 0xa6, 0xab, 0xa8, 0xab, 0x26, 0xab, 0xa8, 0xab
.byte 0xa6, 0xab, 0xa8, 0xab, 0xa8, 0xbb, 0xa8, 0xab, 0x4a, 0xbc, 0x4a, 0xbc, 0x4a, 0xbc, 0xcc, 0xcc
.byte 0x51, 0xdd, 0xd1, 0xdd, 0x51, 0xcd, 0x4e, 0xdd, 0xcc, 0xcc, 0xcc, 0xdc, 0xca, 0xcc, 0xca, 0xcc
.byte 0xcc, 0xcc, 0xca, 0xcc, 0x4a, 0xcc, 0xca, 0xdc, 0x4a, 0xcc, 0x4a, 0xbc, 0x48, 0xbc, 0xa8, 0xbb
.byte 0xa8, 0xbb, 0xa8, 0xab, 0xa8, 0xbb, 0xa8, 0xab, 0x48, 0xcc, 0x4a, 0xcc, 0xcc, 0xcc, 0xca, 0xcc
.byte 0x4a, 0xcc, 0x4a, 0xbc, 0xa8, 0xbb, 0xa8, 0xab, 0xa6, 0xab, 0xa6, 0xab, 0xa8, 0xbb, 0x4a, 0xbc
.byte 0x4a, 0xcc, 0xca, 0xcc, 0x4a, 0xcc, 0xca, 0xcc, 0xca, 0xcc, 0xca, 0xdc, 0x4a, 0xcc, 0xca, 0xdc
.byte 0xcc, 0xcc, 0xca, 0xcc, 0x4a, 0xcc, 0x48, 0xcc, 0x48, 0xbc, 0xa8, 0xbb, 0x48, 0xbc, 0x4a, 0xcc
.byte 0xca, 0xcc, 0x4a, 0xcc, 0x48, 0xbc, 0x48, 0xbc, 0xa6, 0x9b, 0x26, 0x8b, 0xa6, 0x73, 0x24, 0x73
.byte 0xa6, 0x8b, 0xa6, 0x9b, 0xa8, 0xab, 0x48, 0xbc, 0x4a, 0xcc, 0xca, 0xcc, 0xca, 0xcc, 0x4a, 0xcc
.byte 0xca, 0xcc, 0x4a, 0xcc, 0xca, 0xcc, 0x4a, 0xcc, 0xca, 0xcc, 0x4a, 0xcc, 0x4a, 0xcc, 0xca, 0xbc
.byte 0xca, 0xcc, 0x4a, 0xbc, 0xca, 0xcc, 0xca, 0xbc, 0xca, 0xcc, 0xcc, 0xbc, 0x4c, 0xcd, 0x4c, 0xcd
.byte 0xcc, 0xcd, 0xcc, 0xcd, 0xce, 0xcd, 0xcc, 0xcd, 0xce, 0xcd, 0xce, 0xcd, 0xcc, 0xcd, 0xce, 0xdd
.byte 0x6e, 0xce, 0xcc, 0xcd, 0x6e, 0xde, 0xcc, 0xcd, 0xcc, 0xcd, 0xcc, 0xcd, 0xce, 0xcd, 0xce, 0xcd
.byte 0x6e, 0xde, 0xce, 0xdd, 0x6e, 0xde, 0x71, 0xee, 0xf1, 0xde, 0xf1, 0xee, 0xf1, 0xee, 0xf1, 0xde
.byte 0xf1, 0xee, 0x71, 0xee, 0xf1, 0xde, 0x71, 0xee, 0xf1, 0xee, 0x71, 0xee, 0xf1, 0xde, 0xf1, 0xee
.byte 0x71, 0xee, 0xf1, 0xee, 0xf1, 0xde, 0xf1, 0xee, 0xf1, 0xee, 0xf1, 0xee, 0x71, 0xde, 0x6e, 0xde
.byte 0x6a, 0xae, 0x48, 0x8d, 0x44, 0x65, 0x44, 0x55, 0x44, 0x65, 0x46, 0x65, 0xc6, 0x75, 0x46, 0x75
.byte 0xc6, 0x75, 0x46, 0x75, 0x44, 0x65, 0x44, 0x55, 0xc4, 0x54, 0xc4, 0x54, 0x44, 0x65, 0x46, 0x75
.byte 0xc8, 0x8d, 0xca, 0xad, 0xca, 0xbd, 0xca, 0xbd, 0xca, 0xcd, 0xcc, 0xcd, 0x6e, 0xce, 0x6e, 0xde
.byte 0x6c, 0xde, 0x6a, 0xde, 0x6c, 0xde, 0xf1, 0xee, 0xf5, 0xee, 0xf3, 0xee, 0x6e, 0xde, 0xea, 0xde
.byte 0x68, 0xde, 0x68, 0xde, 0x66, 0xde, 0x68, 0xde, 0x68, 0xde, 0x6a, 0xde, 0xcc, 0xdd, 0xd1, 0xcd
.byte 0x51, 0xbd, 0x51, 0xcd, 0x4c, 0xcd, 0xcc, 0xcd, 0x6e, 0xde, 0xf3, 0xde, 0xf7, 0xee, 0xf5, 0xee
.byte 0xf3, 0xde, 0x6c, 0xce, 0x48, 0xbd, 0x48, 0xcd, 0x46, 0xbd, 0xc6, 0xbc, 0xc4, 0xac, 0x44, 0x9d
.byte 0x42, 0x9d, 0x44, 0xad, 0x44, 0xad, 0xc4, 0xbd, 0xc8, 0xad, 0xc8, 0xbd, 0x6a, 0xce, 0x6a, 0xbe
.byte 0xca, 0xbd, 0xc8, 0xad, 0x48, 0x9d, 0xc8, 0x8c, 0xc8, 0x8c, 0x48, 0x74, 0xc8, 0x8c, 0xc8, 0x8c
.byte 0x48, 0x9d, 0x48, 0x9d, 0xc8, 0x8c, 0xc6, 0x8c, 0xc6, 0x74, 0xc6, 0x8c, 0x46, 0x9d, 0x48, 0x9d
.byte 0xa8, 0xab, 0x48, 0xbc, 0xa8, 0xbb, 0xa8, 0x9b, 0x26, 0x9b, 0x24, 0x73, 0x24, 0x63, 0x24, 0x73
.byte 0x26, 0x73, 0x26, 0x8b, 0x26, 0x73, 0x26, 0x8b, 0x26, 0x8b, 0x26, 0x9b, 0x28, 0x9b, 0x26, 0x9b
.byte 0x26, 0xab, 0x26, 0x9b, 0xa8, 0xab, 0xa6, 0xab, 0xa8, 0xab, 0xa6, 0xab, 0xa8, 0xab, 0xa6, 0xab
.byte 0x28, 0xab, 0xa6, 0xab, 0x28, 0xab, 0xa6, 0xab, 0x28, 0xab, 0xa6, 0xab, 0xa8, 0xab, 0xa6, 0xab
.byte 0x28, 0xab, 0xa6, 0xab, 0xa8, 0xab, 0x4a, 0xac, 0x4c, 0xbc, 0xcc, 0xbc, 0xcc, 0xbc, 0x4e, 0xcd
.byte 0xd1, 0xcd, 0xd3, 0xdd, 0xd1, 0xdd, 0x51, 0xdd, 0x4e, 0xcd, 0xcc, 0xdc, 0xca, 0xcc, 0x4a, 0xcc
.byte 0xca, 0xdc, 0x4a, 0xcc, 0xca, 0xdc, 0xca, 0xcc, 0x4a, 0xcc, 0xca, 0xcc, 0xa8, 0xbb, 0x48, 0xbc
.byte 0xa8, 0xbb, 0x48, 0xbc, 0xa8, 0xbb, 0x48, 0xbc, 0x4a, 0xbc, 0xca, 0xcc, 0xca, 0xdc, 0x4a, 0xcc
.byte 0xca, 0xcc, 0x48, 0xcc, 0xa8, 0xbb, 0xa8, 0xab, 0xa8, 0xbb, 0xa8, 0xab, 0xa8, 0xbb, 0x48, 0xbc
.byte 0x4a, 0xcc, 0xca, 0xcc, 0xca, 0xdc, 0x4a, 0xcc, 0xcc, 0xdc, 0x4a, 0xcc, 0xcc, 0xcc, 0xca, 0xcc
.byte 0xca, 0xcc, 0x4a, 0xdc, 0xca, 0xcc, 0x4a, 0xbc, 0x48, 0xbc, 0xa8, 0xbb, 0x48, 0xbc, 0x4a, 0xbc
.byte 0x4a, 0xbc, 0x4a, 0xcc, 0x48, 0xbc, 0xa8, 0xab, 0xa6, 0xab, 0xa6, 0x9b, 0xa6, 0x8b, 0x26, 0x9b
.byte 0xa8, 0x9b, 0xa8, 0xab, 0x48, 0xac, 0x4a, 0xbc, 0x4a, 0xcc, 0xca, 0xcc, 0x4a, 0xcc, 0xca, 0xcc
.byte 0x4a, 0xcc, 0xca, 0xcc, 0x4a, 0xcc, 0xca, 0xbc, 0xca, 0xcc, 0xca, 0xbc, 0xca, 0xbc, 0xca, 0xcc
.byte 0xcc, 0xbc, 0x4a, 0xcd, 0x4c, 0xbd, 0x4c, 0xcd, 0x4c, 0xcd, 0xcc, 0xcd, 0x4c, 0xcd, 0xcc, 0xcd
.byte 0xce, 0xdd, 0xce, 0xdd, 0x6e, 0xde, 0xce, 0xdd, 0x6e, 0xde, 0x6e, 0xde, 0x6e, 0xde, 0xce, 0xdd
.byte 0x6e, 0xde, 0xce, 0xdd, 0xce, 0xcd, 0xce, 0xdd, 0xce, 0xcd, 0xce, 0xdd, 0x6e, 0xde, 0x6e, 0xde
.byte 0x6e, 0xde, 0x71, 0xde, 0xee, 0xde, 0x71, 0xde, 0xf1, 0xee, 0x71, 0xde, 0x6e, 0xee, 0x71, 0xde
.byte 0x71, 0xee, 0x6e, 0xde, 0x71, 0xde, 0xee, 0xee, 0x71, 0xde, 0xf1, 0xee, 0x71, 0xee, 0xf1, 0xee
.byte 0xf1, 0xde, 0xf1, 0xee, 0xf1, 0xee, 0xf1, 0xee, 0x71, 0xde, 0x6e, 0xde, 0x6e, 0xce, 0x6c, 0xbe
.byte 0xca, 0xad, 0xc6, 0x75, 0x44, 0x65, 0xc4, 0x54, 0xc4, 0x44, 0x44, 0x65, 0x44, 0x65, 0xc6, 0x75
.byte 0xc6, 0x75, 0x46, 0x65, 0x44, 0x65, 0xc4, 0x64, 0x44, 0x55, 0xc4, 0x54, 0x46, 0x75, 0x46, 0x8d
.byte 0xca, 0xad, 0xca, 0xad, 0xca, 0xbd, 0xca, 0xcd, 0xca, 0xbd, 0xca, 0xcd, 0xcc, 0xcd, 0x6a, 0xde
.byte 0x6a, 0xde, 0x6a, 0xde, 0x6c, 0xee, 0x71, 0xde, 0x71, 0xee, 0x6e, 0xde, 0x6c, 0xde, 0x6a, 0xde
.byte 0x68, 0xde, 0x66, 0xde, 0x66, 0xde, 0x66, 0xde, 0x66, 0xde, 0xca, 0xdd, 0xce, 0xdd, 0xd3, 0xdd
.byte 0x55, 0xdd, 0xd3, 0xcc, 0xce, 0xbc, 0x4c, 0xbd, 0xcc, 0xcd, 0xf3, 0xde, 0x73, 0xde, 0xf3, 0xce
.byte 0xce, 0xbd, 0xca, 0xbd, 0xc6, 0xbd, 0x44, 0xad, 0x44, 0xbd, 0x42, 0xad, 0x44, 0xad, 0x44, 0x9d
.byte 0x44, 0x9d, 0x44, 0xad, 0x44, 0xad, 0xc4, 0xad, 0xc4, 0xbd, 0xc6, 0xbd, 0xc6, 0xbd, 0xc8, 0xbd
.byte 0xc8, 0xad, 0xc8, 0xad, 0x48, 0x9d, 0x46, 0x9d, 0x46, 0x8d, 0xc6, 0x8c, 0xc6, 0x8c, 0xc8, 0x8c
.byte 0x48, 0x9d, 0x48, 0x8d, 0xc6, 0x8c, 0x46, 0x74, 0xc6, 0x8c, 0xc6, 0x8c, 0xc6, 0x9c, 0xc6, 0x9c
.byte 0x48, 0xbc, 0x48, 0xbc, 0xa8, 0xbb, 0xa8, 0xab, 0xa6, 0x9b, 0x26, 0x8b, 0x26, 0x9b, 0x26, 0x8b
.byte 0x26, 0x9b, 0x26, 0x8b, 0x26, 0x9b, 0x26, 0x8b, 0x26, 0x9b, 0x26, 0x9b, 0xa6, 0x9b, 0x28, 0x9b
.byte 0x26, 0x9b, 0xa8, 0xab, 0xa6, 0xab, 0x28, 0xab, 0xa6, 0xab, 0x28, 0xab, 0xa6, 0xab, 0x28, 0xab
.byte 0xa6, 0xab, 0xa8, 0xab, 0xa6, 0xab, 0xa8, 0xab, 0xa8, 0xab, 0xa6, 0xab, 0x28, 0xab, 0xa6, 0x9b
.byte 0xa6, 0x9b, 0xa6, 0x9b, 0xa8, 0xab, 0x4a, 0xbc, 0xca, 0xbc, 0xcc, 0xbc, 0x4e, 0xbd, 0x4e, 0xcd
.byte 0xd1, 0xcd, 0xd1, 0xcd, 0xd1, 0xdd, 0xd1, 0xcd, 0x4e, 0xdd, 0xcc, 0xcc, 0xcc, 0xcc, 0xca, 0xdc
.byte 0xcc, 0xcc, 0xca, 0xcc, 0xca, 0xcc, 0xcc, 0xcc, 0x4a, 0xcc, 0x4a, 0xcc, 0x48, 0xbc, 0x4a, 0xbc
.byte 0x48, 0xbc, 0x4a, 0xbc, 0xa8, 0xbb, 0x48, 0xbc, 0x4a, 0xcc, 0xca, 0xcc, 0xcc, 0xcc, 0xca, 0xdc
.byte 0xca, 0xcc, 0x4a, 0xbc, 0xa8, 0xbb, 0xa6, 0xab, 0xa8, 0xab, 0xa6, 0xab, 0xa8, 0xbb, 0x48, 0xbc
.byte 0x4a, 0xbc, 0x4a, 0xcc, 0xca, 0xcc, 0xca, 0xcc, 0xca, 0xcc, 0xca, 0xcc, 0xca, 0xdc, 0xca, 0xcc
.byte 0x4a, 0xdc, 0xca, 0xcc, 0xca, 0xcc, 0x4a, 0xcc, 0xa8, 0xbb, 0xa8, 0xab, 0xa8, 0xbb, 0x48, 0xbc
.byte 0xa8, 0xbb, 0x48, 0xbc, 0xa8, 0xbb, 0xa8, 0xab, 0xa8, 0xab, 0xa6, 0xab, 0xa8, 0x9b, 0x48, 0xac
.byte 0x48, 0xac, 0x4a, 0xbc, 0x4a, 0xbc, 0xca, 0xbc, 0x4a, 0xcc, 0xca, 0xbc, 0x4a, 0xcc, 0xca, 0xbc
.byte 0xca, 0xbc, 0xca, 0xbc, 0xca, 0xbc, 0xcc, 0xcc, 0xca, 0xbc, 0x4c, 0xcd, 0x4c, 0xcd, 0x4c, 0xcd
.byte 0x4c, 0xcd, 0xcc, 0xcd, 0x4c, 0xcd, 0xce, 0xcd, 0xcc, 0xcd, 0xce, 0xdd, 0x6e, 0xce, 0xce, 0xdd
.byte 0x6e, 0xde, 0x6e, 0xde, 0x6e, 0xde, 0x6e, 0xde, 0x71, 0xde, 0x6e, 0xee, 0x71, 0xde, 0x6e, 0xde
.byte 0x71, 0xde, 0x6e, 0xde, 0x6e, 0xde, 0x6e, 0xde, 0x6e, 0xde, 0x6e, 0xde, 0x6e, 0xde, 0x6e, 0xde
.byte 0x6e, 0xde, 0x71, 0xde, 0x6e, 0xde, 0x71, 0xee, 0x6e, 0xde, 0x71, 0xde, 0x71, 0xde, 0x71, 0xde
.byte 0x6e, 0xde, 0x71, 0xde, 0x6e, 0xde, 0x71, 0xde, 0x71, 0xee, 0xf1, 0xde, 0xf1, 0xee, 0xf1, 0xde
.byte 0x71, 0xee, 0xf1, 0xee, 0x71, 0xee, 0x6e, 0xde, 0x71, 0xde, 0x6e, 0xde, 0xcc, 0xcd, 0xca, 0xad
.byte 0xc8, 0x8d, 0x46, 0x75, 0x44, 0x55, 0xc4, 0x54, 0x42, 0x55, 0x44, 0x55, 0x46, 0x65, 0xc6, 0x75
.byte 0xc8, 0x8d, 0xc8, 0x8d, 0xc8, 0x8d, 0x46, 0x75, 0x48, 0x75, 0x48, 0x8d, 0xc8, 0x8d, 0xca, 0x9d
.byte 0x4a, 0xad, 0xca, 0xbd, 0x4c, 0xbd, 0xca, 0xbd, 0x4a, 0xbd, 0xc8, 0xbd, 0xca, 0xcd, 0x68, 0xde
.byte 0x68, 0xde, 0x6a, 0xee, 0xec, 0xee, 0x6c, 0xee, 0x6e, 0xde, 0x6c, 0xee, 0x6a, 0xde, 0x6a, 0xde
.byte 0x68, 0xde, 0x66, 0xde, 0x66, 0xde, 0x64, 0xde, 0xc6, 0xdd, 0xca, 0xdd, 0xce, 0xed, 0xd5, 0xed
.byte 0x57, 0xdd, 0xd3, 0xcc, 0xce, 0xbc, 0xca, 0xbc, 0xca, 0xbd, 0x6c, 0xce, 0x6c, 0xce, 0xcc, 0xbd
.byte 0xca, 0xad, 0x46, 0x9d, 0x46, 0x9d, 0x44, 0xad, 0x42, 0xbd, 0x44, 0xbd, 0x42, 0xad, 0x44, 0xad
.byte 0x42, 0xad, 0x44, 0xad, 0x42, 0xad, 0x44, 0xad, 0x44, 0xad, 0x44, 0xbd, 0xc4, 0xbd, 0x44, 0xad
.byte 0xc6, 0xad, 0x46, 0xad, 0x46, 0x9d, 0x46, 0x9d, 0xc6, 0x9c, 0xc6, 0x8c, 0xc6, 0x8c, 0x48, 0x8d
.byte 0xc8, 0x9c, 0x46, 0x8d, 0x46, 0x8c, 0xc4, 0x74, 0xc4, 0x8c, 0xc4, 0x9c, 0x44, 0x9d, 0x46, 0xad
.byte 0xca, 0xcc, 0x4a, 0xcc, 0x48, 0xbc, 0xa8, 0xab, 0xa6, 0xab, 0x28, 0xab, 0xa6, 0x9b, 0x26, 0x9b
.byte 0xa8, 0xab, 0x26, 0x9b, 0x26, 0x9b, 0x28, 0x9b, 0x26, 0x9b, 0x26, 0x9b, 0x28, 0x9b, 0x26, 0x9b
.byte 0xa8, 0xab, 0x26, 0xab, 0x28, 0xab, 0xa6, 0xab, 0xa8, 0xab, 0xa6, 0xab, 0xa8, 0xab, 0xa6, 0xab
.byte 0xa8, 0xab, 0xa6, 0xab, 0x28, 0xab, 0xa8, 0xab, 0x26, 0xab, 0xa6, 0x9b, 0xa6, 0x9b, 0xa6, 0x8b
.byte 0xa6, 0x8b, 0xa6, 0x9b, 0xa8, 0x9b, 0xa8, 0xab, 0x4a, 0xbc, 0xcc, 0xbc, 0x4c, 0xbd, 0x4e, 0xcd
.byte 0xce, 0xcd, 0xce, 0xcd, 0xce, 0xcd, 0x4e, 0xcd, 0x4e, 0xdd, 0x4c, 0xcd, 0xcc, 0xdc, 0xca, 0xcc
.byte 0xca, 0xcc, 0x4a, 0xdc, 0xca, 0xcc, 0x4a, 0xcc, 0xca, 0xcc, 0x4a, 0xcc, 0x48, 0xbc, 0x48, 0xcc
.byte 0x4a, 0xbc, 0x48, 0xcc, 0xa8, 0xbb, 0x4a, 0xbc, 0x4a, 0xcc, 0xca, 0xcc, 0x4a, 0xdc, 0xca, 0xcc
.byte 0x4a, 0xcc, 0x4a, 0xcc, 0xa8, 0xbb, 0xa8, 0xab, 0xa6, 0xab, 0xa8, 0xab, 0xa8, 0xab, 0xa8, 0xbb
.byte 0x4a, 0xcc, 0xca, 0xcc, 0xca, 0xcc, 0xca, 0xdc, 0x4a, 0xcc, 0xca, 0xdc, 0xca, 0xcc, 0x4a, 0xcc
.byte 0xca, 0xcc, 0xca, 0xcc, 0x4a, 0xcc, 0x4a, 0xcc, 0x48, 0xbc, 0xa8, 0xab, 0xa8, 0xab, 0xa8, 0xbb
.byte 0x48, 0xac, 0x48, 0xbc, 0xa8, 0xab, 0x48, 0xac, 0x48, 0xac, 0x48, 0xac, 0x4a, 0xbc, 0xca, 0xbc
.byte 0xca, 0xbc, 0x4a, 0xbd, 0xca, 0xbc, 0xca, 0xcc, 0xca, 0xbc, 0xca, 0xbc, 0xca, 0xbc, 0xca, 0xcc
.byte 0x4c, 0xbd, 0xcc, 0xcc, 0x4a, 0xcd, 0x4c, 0xcd, 0xcc, 0xcd, 0xcc, 0xcd, 0x4c, 0xcd, 0xce, 0xcd
.byte 0xcc, 0xcd, 0xce, 0xdd, 0x6e, 0xde, 0xce, 0xdd, 0x6e, 0xde, 0x6e, 0xde, 0x6e, 0xde, 0x71, 0xde
.byte 0x6e, 0xde, 0xf1, 0xde, 0x6e, 0xee, 0xf1, 0xde, 0xf1, 0xee, 0x6e, 0xde, 0xf1, 0xee, 0x6e, 0xde
.byte 0xf1, 0xee, 0x6e, 0xde, 0x71, 0xee, 0xee, 0xde, 0x71, 0xde, 0x6e, 0xde, 0x71, 0xee, 0x6e, 0xde
.byte 0x71, 0xde, 0x6e, 0xee, 0x71, 0xde, 0x6e, 0xde, 0x71, 0xde, 0x6e, 0xde, 0x6e, 0xde, 0x6e, 0xde
.byte 0x6e, 0xde, 0xce, 0xcd, 0x6e, 0xde, 0x71, 0xde, 0x6e, 0xde, 0x71, 0xde, 0x6e, 0xee, 0x71, 0xde
.byte 0x71, 0xee, 0x6e, 0xde, 0x71, 0xde, 0x6e, 0xde, 0x6e, 0xde, 0x6e, 0xce, 0xca, 0xbd, 0xc8, 0x9d
.byte 0x46, 0x8d, 0x46, 0x65, 0x44, 0x55, 0xc2, 0x54, 0x44, 0x55, 0x46, 0x65, 0xc8, 0x8d, 0xca, 0xad
.byte 0x6c, 0xbe, 0x6c, 0xbe, 0xcc, 0xad, 0xca, 0xad, 0xcc, 0xad, 0xce, 0xad, 0xcc, 0xbd, 0x4c, 0xad
.byte 0x4a, 0xad, 0x48, 0xbd, 0x48, 0xad, 0x48, 0xbd, 0x48, 0xad, 0x46, 0xbd, 0xc6, 0xcd, 0x66, 0xde
.byte 0x68, 0xde, 0x68, 0xee, 0x6a, 0xde, 0x6a, 0xee, 0x6a, 0xde, 0xc8, 0xdd, 0x6a, 0xee, 0x68, 0xde
.byte 0x66, 0xde, 0xc6, 0xdd, 0xc4, 0xdd, 0xc4, 0xdd, 0xc6, 0xdd, 0xca, 0xdd, 0x4e, 0xdd, 0x53, 0xed
.byte 0x55, 0xdd, 0xd3, 0xdc, 0xce, 0xbc, 0xc8, 0xac, 0x48, 0xbd, 0xc8, 0xbd, 0xc8, 0xbd, 0xc6, 0xad
.byte 0x46, 0xad, 0x48, 0x9d, 0xc6, 0xad, 0x44, 0xad, 0x44, 0xad, 0xc2, 0xad, 0x42, 0xad, 0x42, 0xad
.byte 0x44, 0xad, 0x42, 0xbd, 0x44, 0xad, 0x42, 0xad, 0x44, 0xbd, 0x42, 0xad, 0x44, 0xad, 0x44, 0xad
.byte 0x44, 0xad, 0x44, 0xad, 0x44, 0x9d, 0x44, 0xad, 0x46, 0x9d, 0x46, 0x9d, 0xc6, 0x8c, 0x46, 0x9d
.byte 0x48, 0x9d, 0xc6, 0x8c, 0xc6, 0x8c, 0xc4, 0x8c, 0xc4, 0xac, 0x44, 0xad, 0x46, 0xad, 0xc6, 0xbd
.byte 0x4a, 0xcc, 0x4a, 0xcc, 0x48, 0xbc, 0xa8, 0xbb, 0xa8, 0xab, 0xa6, 0xab, 0xa8, 0xab, 0x26, 0xab
.byte 0xa8, 0x9b, 0x26, 0xab, 0xa8, 0x9b, 0x26, 0x9b, 0x26, 0xab, 0x28, 0x9b, 0xa6, 0x9b, 0x26, 0xab
.byte 0x26, 0x9b, 0xa8, 0xab, 0xa6, 0xab, 0xa8, 0xab, 0xa6, 0xab, 0xa6, 0x9b, 0xa8, 0x9b, 0xa6, 0x9b
.byte 0xa8, 0x9b, 0xa6, 0x9b, 0xa6, 0xab, 0xa6, 0x9b, 0xa6, 0xab, 0xa6, 0x8b, 0xa6, 0x8b, 0xa4, 0x73
.byte 0xa6, 0x8b, 0x48, 0x8c, 0x48, 0xac, 0x4a, 0xac, 0x4a, 0xbc, 0xca, 0xbc, 0xcc, 0xbc, 0x4e, 0xcd
.byte 0xcc, 0xcd, 0x4c, 0xcd, 0xcc, 0xcd, 0x4e, 0xcd, 0x4c, 0xcd, 0x4e, 0xcd, 0x4e, 0xdd, 0xcc, 0xcc
.byte 0xcc, 0xdc, 0xca, 0xcc, 0xcc, 0xcc, 0xca, 0xdc, 0xca, 0xcc, 0x4a, 0xcc, 0x4a, 0xcc, 0x4a, 0xbc
.byte 0x48, 0xcc, 0x48, 0xbc, 0x4a, 0xbc, 0xa8, 0xbb, 0xca, 0xcc, 0xca, 0xcc, 0xcc, 0xdc, 0xca, 0xcc
.byte 0xca, 0xcc, 0x48, 0xcc, 0x48, 0xbc, 0xa8, 0xab, 0xa8, 0xbb, 0xa6, 0xab, 0xa8, 0xbb, 0x48, 0xbc
.byte 0x4a, 0xbc, 0xca, 0xcc, 0x4a, 0xcc, 0xca, 0xcc, 0xca, 0xcc, 0x4a, 0xcc, 0xca, 0xcc, 0xca, 0xcc
.byte 0xca, 0xcc, 0xca, 0xcc, 0x4a, 0xcc, 0x48, 0xbc, 0x48, 0xbc, 0x48, 0xac, 0x48, 0xbc, 0x48, 0xac
.byte 0x4a, 0xbc, 0x48, 0xbc, 0xca, 0xbc, 0x4a, 0xbc, 0xca, 0xbc, 0xca, 0xbc, 0x4c, 0xbd, 0x4c, 0xcd
.byte 0xcc, 0xcd, 0x4c, 0xcd, 0x4c, 0xcd, 0x4c, 0xbd, 0x4c, 0xcd, 0x4c, 0xcd, 0x4c, 0xcd, 0x4c, 0xcd
.byte 0xcc, 0xcd, 0xcc, 0xcd, 0xce, 0xcd, 0xcc, 0xcd, 0xcc, 0xcd, 0xce, 0xdd, 0x6e, 0xde, 0x6e, 0xde
.byte 0x6e, 0xde, 0x6e, 0xde, 0x6e, 0xde, 0x6e, 0xde, 0x71, 0xee, 0x6e, 0xde, 0xf1, 0xde, 0x71, 0xee
.byte 0xf1, 0xde, 0x71, 0xee, 0xf1, 0xee, 0xf1, 0xee, 0x71, 0xde, 0xf1, 0xee, 0xf1, 0xee, 0x71, 0xde
.byte 0xf1, 0xee, 0x71, 0xde, 0x6e, 0xde, 0x71, 0xee, 0x6e, 0xde, 0x71, 0xde, 0x6e, 0xde, 0x71, 0xde
.byte 0x71, 0xde, 0x6e, 0xde, 0x71, 0xde, 0x6e, 0xde, 0x71, 0xde, 0x6e, 0xde, 0x71, 0xce, 0xce, 0xdd
.byte 0x6e, 0xde, 0xce, 0xdd, 0x6e, 0xde, 0x6e, 0xde, 0x71, 0xde, 0x6e, 0xde, 0x71, 0xde, 0x6e, 0xde
.byte 0x6e, 0xde, 0x6e, 0xde, 0x71, 0xde, 0x6e, 0xde, 0x6e, 0xde, 0xce, 0xcd, 0x6c, 0xbe, 0xca, 0xad
.byte 0xc8, 0x8d, 0xc6, 0x8d, 0x46, 0x65, 0x44, 0x65, 0x44, 0x55, 0x46, 0x75, 0x68, 0x9e, 0x6c, 0xbe
.byte 0x6e, 0xce, 0xee, 0xde, 0x6e, 0xce, 0x71, 0xce, 0x73, 0xde, 0x73, 0xce, 0x71, 0xce, 0xcc, 0xbd
.byte 0x48, 0xad, 0x48, 0xad, 0x46, 0xad, 0x46, 0xad, 0x46, 0xbd, 0x46, 0xbd, 0xc6, 0xcd, 0x64, 0xde
.byte 0x66, 0xde, 0x68, 0xee, 0x68, 0xee, 0x68, 0xde, 0x66, 0xee, 0x66, 0xde, 0x68, 0xde, 0xc6, 0xdd
.byte 0x66, 0xde, 0xc4, 0xdd, 0xc4, 0xcd, 0xc4, 0xcd, 0x44, 0xcd, 0xc8, 0xcd, 0x4a, 0xcd, 0x51, 0xdd
.byte 0x51, 0xdd, 0xce, 0xcc, 0xcc, 0xbc, 0xc8, 0xac, 0x44, 0xad, 0xc6, 0xad, 0xc4, 0xbd, 0x46, 0xad
.byte 0xc6, 0xbd, 0x48, 0xad, 0xc8, 0xbd, 0x46, 0xbd, 0x44, 0xbd, 0x42, 0xbd, 0x44, 0xbd, 0xc4, 0xad
.byte 0x44, 0xbd, 0x42, 0xad, 0x42, 0xbd, 0x42, 0xbd, 0x42, 0xbd, 0x44, 0xbd, 0x42, 0xad, 0xc2, 0xac
.byte 0x42, 0xad, 0xc4, 0x9c, 0x42, 0xad, 0x44, 0x9d, 0x42, 0xad, 0xc4, 0xac, 0x44, 0x9d, 0x46, 0x9d
.byte 0x46, 0x9d, 0xc6, 0x9c, 0xc4, 0x9c, 0x44, 0x9d, 0x44, 0xad, 0x44, 0xbd, 0xc6, 0xbd, 0x46, 0xbd
.byte 0xca, 0xcc, 0x4a, 0xcc, 0x48, 0xbc, 0xa8, 0xbb, 0xa8, 0xab, 0xa6, 0xab, 0x28, 0xab, 0xa6, 0xab
.byte 0x28, 0xab, 0x26, 0x9b, 0x26, 0x9b, 0x28, 0x9b, 0x26, 0x9b, 0x26, 0x9b, 0x28, 0x9b, 0x26, 0x9b
.byte 0xa8, 0x9b, 0xa8, 0xab, 0xa8, 0xab, 0x4a, 0xac, 0xa8, 0xab, 0xa8, 0x9b, 0x48, 0x9c, 0xa8, 0x8b
.byte 0x48, 0x9c, 0xa8, 0x9b, 0xa6, 0x9b, 0xa6, 0x9b, 0xa6, 0x8b, 0xa4, 0x73, 0xa4, 0x73, 0x46, 0x74
.byte 0x48, 0x8c, 0xcc, 0x9c, 0xcc, 0xbc, 0xcc, 0xbc, 0xcc, 0xbc, 0xce, 0xbc, 0x4e, 0xcd, 0x4c, 0xbd
.byte 0x4c, 0xcd, 0xcc, 0xcd, 0xce, 0xcd, 0x4e, 0xcd, 0xd1, 0xdd, 0x51, 0xdd, 0x4e, 0xdd, 0x4e, 0xcd
.byte 0xce, 0xdc, 0xcc, 0xcc, 0xca, 0xdc, 0x4a, 0xcc, 0xca, 0xdc, 0x4a, 0xcc, 0xca, 0xbc, 0x48, 0xcc
.byte 0x4a, 0xcc, 0x4a, 0xbc, 0x48, 0xbc, 0x48, 0xbc, 0x4a, 0xcc, 0xcc, 0xcc, 0xca, 0xdc, 0xca, 0xcc
.byte 0x4a, 0xcc, 0x4a, 0xbc, 0xa8, 0xbb, 0xa8, 0xab, 0xa6, 0xab, 0x26, 0xab, 0xa8, 0xab, 0xa8, 0xbb
.byte 0x48, 0xbc, 0x4a, 0xcc, 0xca, 0xcc, 0x4a, 0xcc, 0xca, 0xcc, 0xca, 0xcc, 0x4a, 0xcc, 0xca, 0xcc
.byte 0x4a, 0xcc, 0x4a, 0xcc, 0x4a, 0xbc, 0x4a, 0xbc, 0xc8, 0xbc, 0x4a, 0xbc, 0xca, 0xbc, 0xca, 0xbc
.byte 0xcc, 0xbc, 0x4c, 0xcd, 0x4c, 0xbd, 0x4c, 0xcd, 0x4c, 0xcd, 0xcc, 0xcd, 0xcc, 0xcd, 0xce, 0xcd
.byte 0xcc, 0xcd, 0xce, 0xcd, 0xcc, 0xdd, 0xcc, 0xcd, 0xcc, 0xcd, 0xce, 0xcd, 0xcc, 0xcd, 0xcc, 0xcd
.byte 0xce, 0xcd, 0xcc, 0xdd, 0xcc, 0xcd, 0xce, 0xcd, 0xce, 0xdd, 0x6e, 0xde, 0x6e, 0xde, 0x6e, 0xde
.byte 0x71, 0xee, 0x6e, 0xde, 0xf1, 0xde, 0x71, 0xee, 0xf1, 0xde, 0x71, 0xee, 0xf1, 0xee, 0x71, 0xee
.byte 0xf1, 0xee, 0xf1, 0xee, 0x71, 0xee, 0xf1, 0xde, 0xf1, 0xee, 0x71, 0xee, 0xf1, 0xde, 0x71, 0xee
.byte 0x6e, 0xde, 0x71, 0xee, 0x6e, 0xde, 0x71, 0xde, 0x6e, 0xde, 0x71, 0xde, 0x6e, 0xee, 0x71, 0xde
.byte 0x6e, 0xde, 0x6e, 0xde, 0x71, 0xde, 0x6e, 0xde, 0xce, 0xdd, 0x6e, 0xde, 0xce, 0xdd, 0x6e, 0xde
.byte 0x6e, 0xde, 0x6e, 0xde, 0x71, 0xde, 0x6e, 0xde, 0x71, 0xde, 0xee, 0xde, 0x71, 0xde, 0x6e, 0xde
.byte 0x71, 0xde, 0x6e, 0xde, 0x6e, 0xde, 0x6e, 0xde, 0x6e, 0xde, 0x6e, 0xde, 0x6e, 0xce, 0x6c, 0xbe
.byte 0xcc, 0xbd, 0x6a, 0x9e, 0xc8, 0x8d, 0xc6, 0x75, 0xc6, 0x75, 0xc8, 0x8d, 0xcc, 0xad, 0x6e, 0xce
.byte 0xf1, 0xde, 0x71, 0xde, 0x71, 0xde, 0x73, 0xde, 0xf5, 0xde, 0xf7, 0xde, 0x73, 0xde, 0xcc, 0xbd
.byte 0xc8, 0xbd, 0x46, 0xbd, 0x44, 0xbd, 0x44, 0xbd, 0x44, 0xbd, 0xc4, 0xcd, 0xc4, 0xcd, 0xc4, 0xdd
.byte 0x64, 0xde, 0xc4, 0xdd, 0x66, 0xde, 0xc4, 0xdd, 0x66, 0xde, 0xc4, 0xdd, 0xc4, 0xdd, 0x64, 0xde
.byte 0xc4, 0xdd, 0xc4, 0xcd, 0xc2, 0xcd, 0x44, 0xbd, 0xc4, 0xbd, 0x46, 0xcd, 0x48, 0xcd, 0xc8, 0xcd
.byte 0x4a, 0xdd, 0x4a, 0xcd, 0x46, 0xbd, 0x44, 0xad, 0x44, 0xad, 0x44, 0xad, 0x44, 0xbd, 0x46, 0xbd
.byte 0xc6, 0xbd, 0xc8, 0xcd, 0xca, 0xbd, 0xc6, 0xbd, 0x44, 0xbd, 0x44, 0xbd, 0x44, 0xbd, 0x46, 0xbd
.byte 0x46, 0xbd, 0x44, 0xbd, 0x44, 0xad, 0x42, 0xbd, 0xc4, 0xac, 0x42, 0xad, 0x42, 0xad, 0xc4, 0xac
.byte 0x42, 0x9d, 0xc2, 0xac, 0x44, 0xad, 0xc2, 0xac, 0x44, 0xad, 0xc2, 0x9c, 0x44, 0xad, 0xc6, 0xac
.byte 0x44, 0xad, 0x46, 0xad, 0xc4, 0xac, 0x44, 0xad, 0x42, 0xbd, 0x44, 0xbd, 0x44, 0xbd, 0x46, 0xbd
.byte 0xca, 0xcc, 0x4a, 0xcc, 0x48, 0xbc, 0xa8, 0xbb, 0xa8, 0xab, 0xa6, 0xab, 0xa8, 0xab, 0x26, 0xab
.byte 0xa8, 0x9b, 0x26, 0x9b, 0xa8, 0x9b, 0x26, 0xab, 0xa8, 0x9b, 0x26, 0x9b, 0x26, 0x9b, 0x28, 0xab
.byte 0xa8, 0xab, 0x4a, 0xac, 0x4c, 0xbc, 0x4a, 0xbc, 0x4a, 0xac, 0x4a, 0xac, 0xca, 0x9c, 0xcc, 0x9c
.byte 0xca, 0x8c, 0x46, 0x8c, 0xa6, 0x73, 0xa6, 0x8b, 0xa4, 0x73, 0xa4, 0x63, 0x46, 0x74, 0x48, 0x74
.byte 0xcc, 0x9c, 0x51, 0xbd, 0x51, 0xcd, 0x51, 0xbd, 0x51, 0xcd, 0x4e, 0xcd, 0x4e, 0xbd, 0xcc, 0xbc
.byte 0x4c, 0xcd, 0x4e, 0xcd, 0xce, 0xdd, 0xd1, 0xcd, 0xd1, 0xdd, 0x51, 0xcd, 0x51, 0xdd, 0x51, 0xdd
.byte 0x4e, 0xdd, 0xce, 0xcc, 0xca, 0xcc, 0xcc, 0xcc, 0xca, 0xcc, 0x4a, 0xcc, 0x4a, 0xcc, 0xca, 0xcc
.byte 0x4a, 0xbc, 0x48, 0xcc, 0x4a, 0xbc, 0x48, 0xcc, 0xca, 0xcc, 0xca, 0xcc, 0xcc, 0xdc, 0xca, 0xcc
.byte 0x4a, 0xcc, 0x4a, 0xcc, 0x48, 0xbc, 0xa8, 0xab, 0xa6, 0xab, 0xa8, 0xab, 0xa8, 0xab, 0xa8, 0xbb
.byte 0x48, 0xbc, 0x4a, 0xbc, 0x4a, 0xcc, 0xca, 0xcc, 0x4a, 0xcc, 0x4a, 0xbc, 0xca, 0xcc, 0x4a, 0xbc
.byte 0xca, 0xcc, 0xca, 0xbc, 0xca, 0xbc, 0xca, 0xcc, 0xcc, 0xbc, 0x4c, 0xcd, 0x4c, 0xcd, 0xcc, 0xcd
.byte 0xcc, 0xcd, 0xcc, 0xcd, 0xcc, 0xcd, 0xcc, 0xcd, 0xce, 0xcd, 0xcc, 0xdd, 0xcc, 0xcd, 0xcc, 0xcd
.byte 0xce, 0xdd, 0xcc, 0xcd, 0xce, 0xcd, 0xcc, 0xcd, 0xce, 0xdd, 0xcc, 0xcd, 0xce, 0xcd, 0xce, 0xdd
.byte 0xcc, 0xcd, 0xce, 0xcd, 0xce, 0xcd, 0x6e, 0xde, 0x6e, 0xde, 0x6e, 0xde, 0x71, 0xde, 0xf1, 0xde
.byte 0xf1, 0xee, 0xf1, 0xde, 0x71, 0xee, 0xf1, 0xee, 0xf1, 0xee, 0xf1, 0xde, 0xf1, 0xee, 0xf1, 0xee
.byte 0xf1, 0xde, 0x71, 0xee, 0xf1, 0xde, 0x71, 0xee, 0xf1, 0xee, 0x71, 0xde, 0xf1, 0xee, 0x6e, 0xde
.byte 0x71, 0xde, 0x71, 0xde, 0x6e, 0xde, 0x71, 0xde, 0x6e, 0xde, 0x71, 0xde, 0x6e, 0xde, 0x71, 0xde
.byte 0x6e, 0xee, 0x71, 0xde, 0x6e, 0xde, 0x6e, 0xde, 0xce, 0xdd, 0x6e, 0xde, 0x6e, 0xde, 0x6e, 0xde
.byte 0x71, 0xde, 0xf1, 0xee, 0x6e, 0xde, 0x71, 0xee, 0x6e, 0xde, 0x6e, 0xde, 0x6e, 0xde, 0x6e, 0xde
.byte 0x6e, 0xde, 0x6e, 0xde, 0x71, 0xde, 0x6e, 0xde, 0x71, 0xde, 0x6e, 0xde, 0xf1, 0xde, 0x6e, 0xde
.byte 0x6e, 0xce, 0x6e, 0xce, 0x6a, 0xae, 0xca, 0x9d, 0xc8, 0x9d, 0x6a, 0xae, 0x6e, 0xce, 0x71, 0xde
.byte 0x73, 0xde, 0x71, 0xde, 0x71, 0xde, 0x71, 0xde, 0x73, 0xde, 0x75, 0xde, 0x73, 0xce, 0xcc, 0xcd
.byte 0xc6, 0xcd, 0xc6, 0xcd, 0xc4, 0xcd, 0xc4, 0xcd, 0x44, 0xcd, 0xc4, 0xcd, 0xc2, 0xdd, 0xc4, 0xdd
.byte 0xc4, 0xdd, 0xc4, 0xdd, 0x64, 0xde, 0xc4, 0xdd, 0xc4, 0xdd, 0x62, 0xde, 0xc4, 0xdd, 0xc4, 0xdd
.byte 0xc2, 0xdd, 0xc4, 0xcd, 0x42, 0xcd, 0x44, 0xbd, 0x44, 0xbd, 0x44, 0xbd, 0x46, 0xbd, 0x46, 0xbd
.byte 0x46, 0xbd, 0x44, 0xbd, 0x44, 0xbd, 0x44, 0xad, 0x42, 0xad, 0x44, 0xad, 0xc4, 0xbd, 0xc6, 0xbd
.byte 0xc8, 0xcd, 0xc8, 0xbd, 0xc6, 0xcd, 0x46, 0xbd, 0xc4, 0xbd, 0x44, 0xcd, 0xc6, 0xbd, 0x48, 0xbd
.byte 0xc6, 0xcd, 0x46, 0xbd, 0x42, 0xbd, 0x42, 0xad, 0x42, 0xad, 0xc2, 0xac, 0x42, 0xad, 0xc2, 0xac
.byte 0x42, 0xad, 0xc2, 0x9c, 0x42, 0xad, 0xc2, 0x9c, 0x42, 0xad, 0x44, 0xad, 0x44, 0xad, 0x44, 0xad
.byte 0x46, 0xad, 0x44, 0xad, 0x44, 0xad, 0x44, 0xbd, 0x42, 0xad, 0x44, 0xbd, 0x44, 0xbd, 0x46, 0xbd
.byte 0xca, 0xcc, 0x4a, 0xcc, 0x48, 0xbc, 0xa8, 0xbb, 0xa6, 0xab, 0xa8, 0xab, 0x26, 0xab, 0xa8, 0xab
.byte 0x26, 0xab, 0x26, 0x9b, 0x28, 0x9b, 0x26, 0x9b, 0x26, 0x9b, 0x28, 0xab, 0xa8, 0x9b, 0xa8, 0x9b
.byte 0xa8, 0xab, 0x4c, 0xbc, 0xce, 0xbc, 0x4e, 0xcd, 0xcc, 0xbc, 0x4c, 0xac, 0xcc, 0xac, 0xcc, 0xac
.byte 0xca, 0x9c, 0xc8, 0x74, 0x46, 0x74, 0x44, 0x74, 0xa4, 0x63, 0x44, 0x64, 0x44, 0x64, 0x48, 0x8c
.byte 0x4c, 0xad, 0xd1, 0xbd, 0xd1, 0xbd, 0xd3, 0xcd, 0xd1, 0xcd, 0xd1, 0xbd, 0x4c, 0xbd, 0x4c, 0xbd
.byte 0x4c, 0xbd, 0xce, 0xcd, 0xd1, 0xdd, 0xce, 0xdd, 0x4e, 0xcd, 0x4e, 0xcd, 0x51, 0xdd, 0x51, 0xcd
.byte 0x4e, 0xcd, 0xce, 0xdc, 0xcc, 0xcc, 0xca, 0xcc, 0x4a, 0xcc, 0xca, 0xcc, 0x4a, 0xcc, 0xca, 0xcc
.byte 0x4a, 0xcc, 0x4a, 0xcc, 0x48, 0xbc, 0x4a, 0xbc, 0x4a, 0xcc, 0xca, 0xcc, 0xcc, 0xdc, 0xca, 0xcc
.byte 0x4a, 0xcc, 0x48, 0xbc, 0xa8, 0xbb, 0xa8, 0xab, 0xa8, 0xab, 0x48, 0xac, 0x48, 0xac, 0x48, 0xbc
.byte 0x4a, 0xbc, 0xca, 0xbc, 0xca, 0xbc, 0x4a, 0xbc, 0xca, 0xbc, 0xca, 0xcc, 0x4a, 0xbc, 0xca, 0xbc
.byte 0xca, 0xbc, 0xca, 0xbc, 0xcc, 0xcc, 0x4a, 0xbd, 0x4c, 0xcd, 0xcc, 0xcd, 0xce, 0xcd, 0xcc, 0xcd
.byte 0xce, 0xcd, 0xcc, 0xdd, 0xcc, 0xcd, 0xce, 0xdd, 0xcc, 0xcd, 0xce, 0xcd, 0xce, 0xcd, 0xce, 0xdd
.byte 0x6e, 0xce, 0xce, 0xdd, 0x6e, 0xde, 0x6e, 0xde, 0xce, 0xdd, 0x6e, 0xde, 0x6e, 0xde, 0x6e, 0xde
.byte 0xce, 0xdd, 0x6e, 0xde, 0xce, 0xdd, 0x6e, 0xde, 0x6e, 0xde, 0x71, 0xee, 0xf1, 0xee, 0xf1, 0xee
.byte 0x71, 0xee, 0xf1, 0xee, 0xf1, 0xee, 0xf1, 0xee, 0x71, 0xde, 0xf1, 0xee, 0x6e, 0xee, 0x71, 0xde
.byte 0x71, 0xee, 0x71, 0xde, 0xee, 0xee, 0x71, 0xde, 0xf1, 0xee, 0x6e, 0xde, 0x71, 0xee, 0x71, 0xde
.byte 0x6e, 0xee, 0x6e, 0xde, 0x71, 0xde, 0x6e, 0xee, 0x71, 0xde, 0x6e, 0xee, 0x71, 0xde, 0x6e, 0xde
.byte 0x71, 0xde, 0x6e, 0xde, 0x71, 0xde, 0x6e, 0xde, 0x6e, 0xde, 0x6e, 0xde, 0x71, 0xde, 0x71, 0xde
.byte 0xf1, 0xee, 0x71, 0xee, 0xf1, 0xde, 0xee, 0xde, 0x6e, 0xce, 0x6e, 0xce, 0x6e, 0xce, 0x6e, 0xce
.byte 0x6e, 0xde, 0x71, 0xde, 0xf1, 0xde, 0x71, 0xee, 0xf1, 0xee, 0xf1, 0xee, 0x71, 0xee, 0xf1, 0xde
.byte 0xf1, 0xee, 0x6e, 0xde, 0x6e, 0xce, 0x6c, 0xbe, 0x6c, 0xbe, 0x6e, 0xce, 0x71, 0xce, 0xf3, 0xde
.byte 0xf5, 0xee, 0x75, 0xde, 0x71, 0xce, 0xce, 0xcd, 0x6e, 0xce, 0x71, 0xde, 0x71, 0xde, 0x6a, 0xce
.byte 0xc8, 0xcd, 0xc6, 0xcd, 0x64, 0xde, 0xc4, 0xdd, 0xc4, 0xdd, 0xc2, 0xcd, 0xc4, 0xcd, 0xc4, 0xdd
.byte 0xc2, 0xcd, 0xc4, 0xdd, 0xc4, 0xdd, 0xc4, 0xcd, 0xc2, 0xdd, 0xc4, 0xdd, 0xc4, 0xdd, 0xc2, 0xdd
.byte 0xc4, 0xcd, 0xc4, 0xcd, 0x42, 0xbd, 0x44, 0xbd, 0xc6, 0xbd, 0x46, 0xbd, 0xc6, 0xbd, 0x44, 0xbd
.byte 0x44, 0xbd, 0x42, 0xbd, 0x42, 0xad, 0xc4, 0xbc, 0x42, 0xad, 0x44, 0xad, 0x46, 0xbd, 0xc6, 0xcd
.byte 0xc8, 0xcd, 0xc6, 0xcd, 0xc4, 0xcd, 0x44, 0xbd, 0x42, 0xbd, 0x44, 0xbd, 0x44, 0xbd, 0xc6, 0xbd
.byte 0x46, 0xbd, 0x44, 0xbd, 0x44, 0xad, 0x42, 0xad, 0xc2, 0xac, 0x42, 0xad, 0xc2, 0xac, 0x42, 0xad
.byte 0xc2, 0x9c, 0x42, 0xad, 0xc2, 0xac, 0xc2, 0xac, 0x42, 0xad, 0xc4, 0xac, 0x46, 0xad, 0x46, 0xad
.byte 0xc6, 0xbd, 0x46, 0xbd, 0x46, 0xbd, 0x44, 0xbd, 0x42, 0xbd, 0x44, 0xbd, 0x44, 0xad, 0x44, 0xbd
.byte 0x4a, 0xcc, 0x4a, 0xbc, 0x48, 0xbc, 0xa8, 0xbb, 0xa8, 0xab, 0xa6, 0xab, 0xa8, 0xab, 0x26, 0xab
.byte 0xa8, 0x9b, 0x26, 0xab, 0x28, 0x9b, 0x26, 0x9b, 0x28, 0x9b, 0xa8, 0x9b, 0xa8, 0xab, 0xaa, 0xab
.byte 0x4c, 0xac, 0xcc, 0xbc, 0x4e, 0xbd, 0x4e, 0xbd, 0xca, 0xbc, 0xca, 0xac, 0xcc, 0xbc, 0x4c, 0xad
.byte 0x4a, 0x9d, 0xca, 0x8c, 0xc6, 0x74, 0x46, 0x74, 0x44, 0x64, 0x44, 0x64, 0xa6, 0x73, 0x46, 0x8c
.byte 0xca, 0x9c, 0x4c, 0xad, 0xd1, 0xad, 0xd1, 0xbd, 0xd1, 0xcd, 0x4e, 0xbd, 0x4c, 0xbd, 0xcc, 0xbc
.byte 0xcc, 0xbc, 0x4c, 0xcd, 0x4e, 0xcd, 0xce, 0xcd, 0x4c, 0xcd, 0x4e, 0xcd, 0x4e, 0xcd, 0x4e, 0xbd
.byte 0x4c, 0xcd, 0xcc, 0xbc, 0xca, 0xcc, 0xca, 0xcc, 0xca, 0xcc, 0xca, 0xcc, 0x4a, 0xcc, 0xc8, 0xcc
.byte 0x4a, 0xcc, 0xca, 0xbc, 0x48, 0xcc, 0x4a, 0xbc, 0xca, 0xcc, 0xcc, 0xdc, 0xca, 0xcc, 0xca, 0xcc
.byte 0xca, 0xcc, 0x4a, 0xcc, 0x48, 0xbc, 0xa8, 0xab, 0x48, 0xbc, 0x4a, 0xbc, 0xca, 0xbc, 0xca, 0xbc
.byte 0x4a, 0xbd, 0xcc, 0xcc, 0xca, 0xbc, 0x4c, 0xcd, 0xcc, 0xcc, 0x4a, 0xbd, 0x4c, 0xcd, 0x4c, 0xcd
.byte 0x4c, 0xcd, 0x4c, 0xcd, 0xcc, 0xcd, 0xcc, 0xcd, 0xcc, 0xcd, 0xcc, 0xdd, 0xcc, 0xcd, 0xce, 0xdd
.byte 0xcc, 0xcd, 0x6e, 0xce, 0xce, 0xdd, 0xce, 0xcd, 0x6e, 0xde, 0x6e, 0xde, 0x6e, 0xde, 0x6e, 0xde
.byte 0x6e, 0xde, 0x6e, 0xde, 0x6e, 0xde, 0x71, 0xde, 0x6e, 0xde, 0x71, 0xde, 0x6e, 0xde, 0x6e, 0xde
.byte 0x6e, 0xde, 0x6e, 0xde, 0x6e, 0xde, 0x6e, 0xde, 0x71, 0xde, 0xf1, 0xee, 0x71, 0xde, 0xf1, 0xee
.byte 0xf1, 0xee, 0x71, 0xde, 0xf1, 0xee, 0x71, 0xde, 0xf1, 0xee, 0x71, 0xee, 0xf1, 0xde, 0x71, 0xde
.byte 0xee, 0xee, 0x71, 0xde, 0xf1, 0xee, 0x71, 0xee, 0xf1, 0xde, 0x71, 0xee, 0xf1, 0xde, 0x6e, 0xde
.byte 0x71, 0xde, 0xf1, 0xde, 0x6e, 0xde, 0x71, 0xde, 0x6e, 0xde, 0x71, 0xde, 0x6e, 0xde, 0x71, 0xee
.byte 0x6e, 0xde, 0x71, 0xde, 0x6e, 0xde, 0x6e, 0xde, 0x71, 0xde, 0x6e, 0xde, 0x71, 0xee, 0xf1, 0xee
.byte 0xf1, 0xee, 0xf1, 0xde, 0xf1, 0xee, 0x6e, 0xce, 0x6c, 0xbe, 0x6a, 0xae, 0x6a, 0xae, 0x6c, 0xbe
.byte 0x6e, 0xce, 0x6e, 0xde, 0xf1, 0xde, 0x71, 0xee, 0xf1, 0xde, 0x71, 0xee, 0xf1, 0xde, 0xf1, 0xee
.byte 0x71, 0xee, 0xf1, 0xde, 0x71, 0xde, 0xee, 0xde, 0x6e, 0xde, 0xf1, 0xde, 0xf3, 0xee, 0xf7, 0xee
.byte 0xf7, 0xee, 0x75, 0xde, 0x6e, 0xce, 0xcc, 0xcd, 0xcc, 0xcd, 0x71, 0xde, 0x71, 0xce, 0x6c, 0xde
.byte 0x6a, 0xce, 0x66, 0xde, 0xc6, 0xdd, 0x64, 0xde, 0xc4, 0xcd, 0xc2, 0xcd, 0xc4, 0xcd, 0xc2, 0xcd
.byte 0x42, 0xcd, 0xc4, 0xcd, 0xc2, 0xcd, 0xc2, 0xdd, 0xc4, 0xdd, 0xc4, 0xdd, 0xc2, 0xcd, 0xc4, 0xcd
.byte 0xc2, 0xcd, 0x42, 0xcd, 0x42, 0xbd, 0x44, 0xbd, 0x46, 0xbd, 0x46, 0xbd, 0x44, 0xbd, 0x44, 0xbd
.byte 0x42, 0xbd, 0x44, 0xad, 0xc2, 0xac, 0x42, 0xad, 0x42, 0xad, 0xc4, 0xac, 0x44, 0xad, 0x48, 0xbd
.byte 0xc8, 0xcd, 0xc6, 0xcd, 0x44, 0xbd, 0x42, 0xcd, 0xc4, 0xbd, 0x44, 0xbd, 0x44, 0xbd, 0x44, 0xbd
.byte 0x44, 0xad, 0x44, 0xad, 0xc2, 0xac, 0x42, 0xad, 0xc2, 0xac, 0xc2, 0xac, 0x42, 0x9d, 0xc2, 0xac
.byte 0x42, 0xad, 0xc2, 0xac, 0x42, 0x9d, 0xc4, 0xac, 0x44, 0x9d, 0xc4, 0xac, 0x46, 0xad, 0x46, 0xbd
.byte 0x46, 0xbd, 0x46, 0xbd, 0x44, 0xbd, 0x44, 0xbd, 0x44, 0xad, 0x42, 0xbd, 0x44, 0xad, 0xc4, 0xac
.byte 0xca, 0xcc, 0x4a, 0xcc, 0xa8, 0xbb, 0xa8, 0xab, 0xa6, 0xab, 0x28, 0xab, 0xa6, 0xab, 0x28, 0xab
.byte 0xa6, 0xab, 0x28, 0x9b, 0xa6, 0xab, 0x26, 0x9b, 0xa8, 0xab, 0xaa, 0xab, 0x4c, 0xbc, 0xcc, 0xbc
.byte 0x4c, 0xbc, 0xcc, 0xbc, 0xce, 0xbc, 0xcc, 0xbc, 0xc8, 0xac, 0x4a, 0xbc, 0xca, 0xbc, 0xcc, 0xac
.byte 0x4c, 0xad, 0xcc, 0x9d, 0x4a, 0x8d, 0x48, 0x75, 0xc4, 0x64, 0x44, 0x64, 0x44, 0x64, 0x46, 0x74
.byte 0x48, 0x74, 0xca, 0x8c, 0x4c, 0xad, 0x4e, 0xbd, 0xd1, 0xcd, 0x4c, 0xbd, 0xcc, 0xac, 0xca, 0xac
.byte 0xcc, 0xcc, 0x4e, 0xcd, 0x4e, 0xcd, 0x4c, 0xcd, 0xcc, 0xbc, 0x4c, 0xbd, 0x4c, 0xbd, 0xcc, 0xac
.byte 0xca, 0xac, 0xc8, 0xac, 0x4a, 0xac, 0x48, 0xac, 0x48, 0xbc, 0x4a, 0xbc, 0x4a, 0xbc, 0xca, 0xcc
.byte 0x4a, 0xcc, 0x48, 0xcc, 0x4a, 0xbc, 0x4a, 0xcc, 0xca, 0xcc, 0xca, 0xcc, 0xcc, 0xdc, 0xca, 0xcc
.byte 0x4a, 0xcc, 0x48, 0xbc, 0x4a, 0xbc, 0xca, 0xbc, 0xca, 0xbc, 0x4c, 0xcd, 0x4c, 0xcd, 0x4c, 0xcd
.byte 0xcc, 0xcd, 0x4c, 0xcd, 0xcc, 0xcd, 0x4c, 0xcd, 0xcc, 0xcd, 0x4c, 0xcd, 0xcc, 0xcd, 0xcc, 0xcd
.byte 0xcc, 0xcd, 0xcc, 0xcd, 0xce, 0xcd, 0xcc, 0xcd, 0xce, 0xcd, 0xce, 0xcd, 0xce, 0xdd, 0xce, 0xcd
.byte 0x6e, 0xde, 0xce, 0xdd, 0x6e, 0xde, 0x6e, 0xde, 0x6e, 0xde, 0x6e, 0xde, 0x71, 0xee, 0x6e, 0xde
.byte 0x71, 0xee, 0xf1, 0xee, 0x71, 0xde, 0x71, 0xee, 0xf1, 0xde, 0x71, 0xde, 0x71, 0xee, 0x71, 0xde
.byte 0x71, 0xde, 0xee, 0xee, 0x71, 0xde, 0x6e, 0xee, 0xf1, 0xde, 0x71, 0xee, 0xf1, 0xee, 0xf1, 0xee
.byte 0x71, 0xde, 0xf1, 0xee, 0x71, 0xee, 0xf1, 0xee, 0xf1, 0xde, 0x71, 0xee, 0x71, 0xde, 0x6e, 0xee
.byte 0x71, 0xde, 0xf1, 0xde, 0x71, 0xee, 0xf1, 0xde, 0xf1, 0xee, 0x71, 0xee, 0xf1, 0xde, 0x71, 0xee
.byte 0x71, 0xde, 0x6e, 0xde, 0x71, 0xee, 0xf1, 0xde, 0x71, 0xee, 0x71, 0xde, 0xf1, 0xee, 0x71, 0xde
.byte 0x71, 0xee, 0xf1, 0xde, 0x71, 0xde, 0xf1, 0xee, 0x71, 0xde, 0xf1, 0xee, 0xf1, 0xee, 0xf1, 0xde
.byte 0xf1, 0xee, 0xf1, 0xee, 0x6e, 0xde, 0x6e, 0xbe, 0x6a, 0xae, 0xc8, 0x8d, 0xc6, 0x75, 0xc8, 0x9d
.byte 0x6a, 0xae, 0x6e, 0xce, 0x6e, 0xde, 0xf1, 0xee, 0xf1, 0xee, 0xf1, 0xee, 0xf1, 0xee, 0xf1, 0xee
.byte 0xf1, 0xde, 0xf1, 0xee, 0xf1, 0xee, 0xf1, 0xde, 0x71, 0xee, 0xf1, 0xee, 0x75, 0xde, 0xf7, 0xee
.byte 0xf7, 0xee, 0x73, 0xce, 0x6e, 0xce, 0xca, 0xbd, 0xcc, 0xcd, 0x71, 0xde, 0xf3, 0xee, 0x6e, 0xde
.byte 0xea, 0xde, 0x68, 0xce, 0x66, 0xde, 0x66, 0xde, 0xc4, 0xdd, 0xc4, 0xcd, 0x42, 0xcd, 0xc2, 0xcd
.byte 0x44, 0xbd, 0xc2, 0xbd, 0x44, 0xbd, 0xc4, 0xcd, 0xc4, 0xcd, 0xc4, 0xcd, 0xc4, 0xcd, 0x44, 0xbd
.byte 0xc4, 0xbd, 0x44, 0xbd, 0x44, 0xbd, 0x44, 0xad, 0x44, 0xad, 0x44, 0xad, 0xc4, 0xac, 0x42, 0xad
.byte 0x42, 0xad, 0xc2, 0xac, 0x42, 0xad, 0x42, 0xad, 0xc2, 0xac, 0x44, 0xad, 0x44, 0xad, 0x46, 0xbd
.byte 0x44, 0xbd, 0x44, 0xbd, 0xc4, 0xcd, 0x42, 0xbd, 0x42, 0xbd, 0x42, 0xbd, 0x44, 0xbd, 0x42, 0xad
.byte 0xc4, 0xac, 0x42, 0xad, 0xc2, 0xac, 0x42, 0x9d, 0xc2, 0xac, 0x42, 0x9d, 0xc2, 0xac, 0xc2, 0xac
.byte 0x42, 0x9d, 0xc2, 0xac, 0x44, 0xad, 0xc4, 0xac, 0xc2, 0x9c, 0xc4, 0x9c, 0x44, 0xad, 0x46, 0xad
.byte 0x44, 0xad, 0x44, 0xad, 0x44, 0xad, 0x42, 0xad, 0x42, 0xad, 0x42, 0xad, 0xc2, 0xac, 0x42, 0xad
.byte 0x4a, 0xcc, 0x4a, 0xbc, 0x48, 0xbc, 0xa8, 0xbb, 0xa6, 0xab, 0xa8, 0xab, 0xa6, 0xab, 0x28, 0xab
.byte 0xa6, 0x9b, 0x28, 0x9b, 0x26, 0x9b, 0x28, 0x9b, 0xa8, 0xab, 0x4c, 0xac, 0xce, 0xbc, 0xce, 0xbc
.byte 0x4e, 0xbd, 0xce, 0xbc, 0xce, 0xbc, 0xca, 0xbc, 0xca, 0xbc, 0xc8, 0xac, 0xca, 0xac, 0x4c, 0xbd
.byte 0xd1, 0xbd, 0x71, 0xbe, 0xce, 0x9d, 0x48, 0x8d, 0x46, 0x65, 0x46, 0x64, 0xc4, 0x64, 0x46, 0x64
.byte 0xc6, 0x74, 0xca, 0x8c, 0x4c, 0xad, 0x51, 0xbd, 0x51, 0xbd, 0xce, 0xbc, 0x4c, 0xad, 0xce, 0xbc
.byte 0x51, 0xbd, 0x51, 0xcd, 0xd1, 0xcc, 0x4c, 0xcd, 0xca, 0xac, 0xca, 0xac, 0x4a, 0x8d, 0xc8, 0x8c
.byte 0xc6, 0x8c, 0x46, 0x74, 0x46, 0x8c, 0x46, 0x8c, 0x48, 0x8c, 0x46, 0x9c, 0x48, 0xac, 0x48, 0xac
.byte 0x4a, 0xbc, 0x4a, 0xbc, 0x48, 0xbc, 0x4a, 0xcc, 0x4a, 0xcc, 0xca, 0xcc, 0xca, 0xcc, 0x4a, 0xcc
.byte 0xca, 0xcc, 0x4a, 0xbc, 0xca, 0xbc, 0xca, 0xcc, 0x4c, 0xbd, 0xcc, 0xcd, 0xcc, 0xcd, 0xce, 0xcd
.byte 0xcc, 0xcd, 0xcc, 0xcd, 0xcc, 0xcd, 0xcc, 0xcd, 0xce, 0xcd, 0xcc, 0xcd, 0xce, 0xdd, 0xce, 0xcd
.byte 0xce, 0xdd, 0x6e, 0xde, 0xce, 0xdd, 0x6e, 0xde, 0x6e, 0xde, 0x6e, 0xde, 0x6e, 0xde, 0x6e, 0xde
.byte 0x6e, 0xde, 0x71, 0xde, 0x6e, 0xde, 0x71, 0xee, 0xf1, 0xde, 0x71, 0xee, 0xf1, 0xde, 0xf1, 0xee
.byte 0xf1, 0xee, 0xf1, 0xde, 0xf1, 0xee, 0xf1, 0xee, 0xf1, 0xee, 0xf1, 0xee, 0xf1, 0xee, 0xf1, 0xee
.byte 0xf1, 0xee, 0x71, 0xde, 0xf1, 0xee, 0x71, 0xde, 0xf1, 0xee, 0x71, 0xde, 0xf1, 0xee, 0x71, 0xee
.byte 0xf1, 0xee, 0xf3, 0xee, 0xf1, 0xee, 0xf1, 0xde, 0x71, 0xee, 0xf1, 0xee, 0x71, 0xde, 0xf1, 0xee
.byte 0x6e, 0xde, 0xf1, 0xee, 0x71, 0xee, 0xf1, 0xee, 0xf1, 0xde, 0x71, 0xee, 0xf1, 0xee, 0x71, 0xde
.byte 0xf1, 0xee, 0x71, 0xde, 0xf1, 0xee, 0x71, 0xde, 0xf1, 0xee, 0xf1, 0xde, 0x71, 0xee, 0xf1, 0xee
.byte 0xf1, 0xde, 0x71, 0xee, 0xf1, 0xee, 0x71, 0xde, 0xf1, 0xee, 0xf1, 0xee, 0xf1, 0xee, 0xf1, 0xee
.byte 0xf3, 0xee, 0xf1, 0xee, 0xf1, 0xde, 0x6c, 0xce, 0x6a, 0xae, 0xc6, 0x75, 0xc6, 0x75, 0xc6, 0x75
.byte 0xc8, 0x8d, 0x6a, 0xae, 0x6e, 0xbe, 0xee, 0xde, 0xf1, 0xde, 0xf1, 0xee, 0xf1, 0xee, 0xf1, 0xee
.byte 0xf1, 0xee, 0xf1, 0xee, 0xf1, 0xee, 0x6e, 0xde, 0xf1, 0xde, 0x71, 0xde, 0xf3, 0xee, 0xf5, 0xde
.byte 0xf3, 0xde, 0x6e, 0xce, 0xcc, 0xcd, 0xca, 0xbd, 0x6c, 0xce, 0x71, 0xde, 0xf1, 0xde, 0x6e, 0xde
.byte 0x6c, 0xde, 0x68, 0xde, 0x68, 0xde, 0x66, 0xde, 0xc4, 0xdd, 0xc4, 0xcd, 0xc4, 0xcd, 0x42, 0xbd
.byte 0x42, 0xbd, 0x44, 0xbd, 0x42, 0xbd, 0x44, 0xcd, 0xc6, 0xcd, 0xc6, 0xcd, 0x44, 0xcd, 0x44, 0xbd
.byte 0x44, 0xbd, 0x44, 0xbd, 0x44, 0xbd, 0x44, 0xad, 0xc4, 0xac, 0x44, 0xad, 0x42, 0xad, 0x44, 0xad
.byte 0xc2, 0xac, 0x42, 0xad, 0x44, 0xad, 0xc2, 0xac, 0xc2, 0x9c, 0x42, 0xad, 0xc4, 0xac, 0x44, 0xad
.byte 0x44, 0xad, 0x42, 0xbd, 0x44, 0xbd, 0x42, 0xcd, 0xc2, 0xbd, 0x44, 0xbd, 0x42, 0xad, 0xc4, 0xac
.byte 0xc4, 0xac, 0x42, 0x9d, 0xc4, 0xac, 0x42, 0xad, 0xc2, 0x9c, 0xc2, 0xac, 0x42, 0x9d, 0xc2, 0xac
.byte 0x42, 0xad, 0xc2, 0xac, 0xc4, 0xac, 0xc4, 0x9c, 0xc4, 0xac, 0xc4, 0x9c, 0x44, 0xad, 0xc4, 0xac
.byte 0x42, 0xad, 0xc4, 0xac, 0xc2, 0x9c, 0x42, 0x9d, 0xc2, 0xac, 0x42, 0x9d, 0xc2, 0xac, 0x42, 0x9d
.byte 0xca, 0xcc, 0x4a, 0xcc, 0xa8, 0xbb, 0xa8, 0xab, 0xa6, 0xab, 0xa8, 0xab, 0x26, 0xab, 0xa8, 0xab
.byte 0x26, 0x9b, 0x26, 0xab, 0x28, 0x9b, 0xa6, 0xab, 0xaa, 0xab, 0x4a, 0xac, 0x4e, 0xbc, 0xce, 0xbc
.byte 0xce, 0xbc, 0x4e, 0xcd, 0x4e, 0xcd, 0xcc, 0xbc, 0xca, 0xac, 0xc8, 0xac, 0xc8, 0xac, 0xcc, 0xad
.byte 0xce, 0xbd, 0x71, 0xbe, 0xce, 0xad, 0xca, 0x8d, 0x46, 0x65, 0x46, 0x75, 0xc8, 0x74, 0x48, 0x75
.byte 0x48, 0x75, 0xcc, 0x9c, 0x4e, 0xad, 0xd3, 0xcc, 0xd3, 0xcc, 0xd1, 0xbc, 0xce, 0xbc, 0x51, 0xbd
.byte 0xd3, 0xcc, 0xd5, 0xdc, 0xd3, 0xcc, 0xd1, 0xbc, 0xcc, 0x9c, 0xc8, 0x8c, 0xc8, 0x8c, 0xc6, 0x74
.byte 0xc6, 0x64, 0xc4, 0x64, 0x44, 0x64, 0x44, 0x64, 0xa4, 0x63, 0x46, 0x74, 0xa6, 0x73, 0x46, 0x9c
.byte 0x48, 0xac, 0x48, 0xbc, 0x48, 0xac, 0x48, 0xbc, 0x4a, 0xbc, 0xca, 0xcc, 0x4a, 0xcc, 0xca, 0xcc
.byte 0x4a, 0xbc, 0xca, 0xbc, 0xca, 0xbc, 0x4c, 0xcd, 0xcc, 0xcd, 0xce, 0xdd, 0xcc, 0xcd, 0xce, 0xdd
.byte 0xcc, 0xcd, 0xce, 0xdd, 0xce, 0xcd, 0x6e, 0xde, 0x6e, 0xde, 0x6e, 0xde, 0x6e, 0xde, 0x6e, 0xde
.byte 0x6e, 0xde, 0x6e, 0xde, 0x6e, 0xde, 0x71, 0xde, 0x6e, 0xde, 0x71, 0xee, 0x6e, 0xde, 0x71, 0xee
.byte 0xf1, 0xde, 0x71, 0xee, 0x71, 0xde, 0xf1, 0xee, 0x71, 0xde, 0xf1, 0xee, 0x73, 0xee, 0xf1, 0xde
.byte 0xf1, 0xee, 0x71, 0xee, 0xf1, 0xee, 0xf1, 0xee, 0xf1, 0xee, 0x71, 0xee, 0xf1, 0xee, 0x71, 0xee
.byte 0xf1, 0xde, 0x71, 0xee, 0xf1, 0xde, 0x71, 0xee, 0xf1, 0xee, 0xf1, 0xee, 0xf1, 0xde, 0xf1, 0xee
.byte 0xf1, 0xee, 0x71, 0xee, 0xf1, 0xee, 0xf1, 0xee, 0xf1, 0xee, 0x71, 0xee, 0xf1, 0xde, 0x71, 0xee
.byte 0xf1, 0xde, 0x71, 0xee, 0xf1, 0xde, 0xf1, 0xee, 0xf1, 0xee, 0xf1, 0xee, 0xf1, 0xde, 0x71, 0xee
.byte 0xf1, 0xde, 0xf1, 0xee, 0x71, 0xee, 0xf1, 0xde, 0x71, 0xee, 0xf1, 0xee, 0xf1, 0xde, 0x71, 0xee
.byte 0xf1, 0xee, 0xf1, 0xee, 0xf1, 0xee, 0xf1, 0xee, 0xf3, 0xee, 0xf1, 0xee, 0xf3, 0xee, 0xf1, 0xee
.byte 0xf1, 0xee, 0xf1, 0xee, 0xf1, 0xde, 0x6e, 0xce, 0x6a, 0xae, 0xc8, 0x8d, 0x46, 0x65, 0x44, 0x65
.byte 0x46, 0x75, 0xc6, 0x8d, 0xca, 0xad, 0x6c, 0xbe, 0xee, 0xde, 0x71, 0xde, 0xf1, 0xee, 0xf1, 0xee
.byte 0xf1, 0xee, 0x71, 0xde, 0x6e, 0xde, 0x6e, 0xde, 0x6e, 0xde, 0x71, 0xde, 0xf3, 0xde, 0x73, 0xde
.byte 0x71, 0xde, 0x6a, 0xce, 0x6a, 0xce, 0x68, 0xce, 0x6c, 0xce, 0x6e, 0xde, 0xee, 0xee, 0x6c, 0xde
.byte 0xea, 0xde, 0x68, 0xde, 0x68, 0xde, 0x66, 0xde, 0xc6, 0xdd, 0x64, 0xde, 0xc4, 0xcd, 0x42, 0xcd
.byte 0x44, 0xbd, 0x42, 0xbd, 0x42, 0xbd, 0xc4, 0xbd, 0xc6, 0xcd, 0xc6, 0xbd, 0x46, 0xbd, 0x44, 0xbd
.byte 0xc6, 0xbd, 0x48, 0xbd, 0x46, 0xad, 0x44, 0xad, 0x42, 0xad, 0xc2, 0xac, 0x42, 0xad, 0xc2, 0xac
.byte 0x42, 0xad, 0xc2, 0xac, 0x42, 0xad, 0xc2, 0x9c, 0x42, 0xad, 0xc2, 0x9c, 0x42, 0x9d, 0xc2, 0xac
.byte 0x44, 0xad, 0x42, 0xad, 0x42, 0xbd, 0x42, 0xbd, 0x44, 0xbd, 0x42, 0xbd, 0x44, 0xad, 0xc4, 0xac
.byte 0xc4, 0x9c, 0xc4, 0xac, 0xc2, 0x9c, 0xc2, 0x9c, 0xc2, 0x9c, 0x42, 0x9d, 0xc2, 0xac, 0x42, 0x9d
.byte 0xc2, 0xac, 0x42, 0xad, 0xc2, 0x9c, 0xc4, 0xac, 0xc4, 0x9c, 0xc4, 0x9c, 0xc2, 0x9c, 0xc2, 0x9c
.byte 0x42, 0x9d, 0xc2, 0x9c, 0x42, 0x9d, 0xc2, 0x9c, 0xc2, 0x9c, 0xc2, 0x9c, 0x42, 0x9d, 0xc2, 0x9c
.byte 0xca, 0xcc, 0x4a, 0xcc, 0x48, 0xbc, 0xa8, 0xab, 0xa8, 0xab, 0x26, 0xab, 0xa8, 0xab, 0xa6, 0xab
.byte 0x26, 0xab, 0xa8, 0x9b, 0x26, 0x9b, 0x28, 0x9b, 0xa8, 0x9b, 0xaa, 0xab, 0x4c, 0xac, 0x4c, 0xac
.byte 0xcc, 0xbc, 0xd1, 0xbc, 0x4e, 0xbd, 0xcc, 0xac, 0xc8, 0xac, 0xc8, 0x9c, 0x48, 0xad, 0xca, 0x9d
.byte 0xce, 0xad, 0x6e, 0xae, 0xce, 0x9d, 0x4a, 0x8d, 0xca, 0x8d, 0xca, 0x8d, 0xcc, 0x9d, 0xcc, 0x9d
.byte 0xcc, 0x8d, 0x4e, 0x9d, 0xd1, 0xac, 0xd3, 0xbc, 0xd3, 0xbc, 0xce, 0xac, 0xce, 0xac, 0xd1, 0xbc
.byte 0xd3, 0xbc, 0xd5, 0xcc, 0xd3, 0xcc, 0xd1, 0xbc, 0xce, 0xac, 0xca, 0x9c, 0xc8, 0x8c, 0xc6, 0x64
.byte 0xc4, 0x64, 0xc4, 0x54, 0xc4, 0x54, 0x42, 0x54, 0xa4, 0x53, 0xa4, 0x63, 0x46, 0x74, 0x48, 0x8c
.byte 0x48, 0x9c, 0x48, 0xac, 0x48, 0x9c, 0x48, 0xac, 0x4a, 0xbc, 0xca, 0xbc, 0xca, 0xbc, 0xca, 0xbc
.byte 0xca, 0xbc, 0x4c, 0xcd, 0x4c, 0xcd, 0xcc, 0xcd, 0xcc, 0xcd, 0xce, 0xcd, 0xcc, 0xcd, 0xce, 0xcd
.byte 0xcc, 0xdd, 0xce, 0xcd, 0x6e, 0xde, 0xce, 0xdd, 0x6e, 0xde, 0x6e, 0xde, 0x71, 0xde, 0xee, 0xde
.byte 0x71, 0xde, 0x71, 0xde, 0xf1, 0xee, 0x6e, 0xee, 0xf1, 0xde, 0x71, 0xee, 0xf1, 0xde, 0xf1, 0xee
.byte 0x71, 0xde, 0xf1, 0xee, 0xf1, 0xee, 0xf1, 0xee, 0xf1, 0xee, 0xf1, 0xee, 0xf1, 0xee, 0xf1, 0xee
.byte 0xf3, 0xee, 0xf1, 0xee, 0xf1, 0xee, 0x71, 0xee, 0xf1, 0xde, 0xf1, 0xee, 0xf1, 0xde, 0xf1, 0xee
.byte 0x71, 0xee, 0xf1, 0xee, 0xf1, 0xee, 0x71, 0xde, 0xf1, 0xee, 0xf1, 0xee, 0x71, 0xee, 0xf1, 0xee
.byte 0xf1, 0xde, 0xf1, 0xee, 0xf1, 0xde, 0x71, 0xee, 0xf1, 0xee, 0xf1, 0xde, 0x71, 0xee, 0xf1, 0xde
.byte 0x71, 0xee, 0xf1, 0xde, 0x71, 0xee, 0xf1, 0xee, 0x71, 0xde, 0xf1, 0xee, 0x71, 0xee, 0xf1, 0xee
.byte 0x71, 0xee, 0xf1, 0xee, 0xf1, 0xee, 0xf1, 0xee, 0xf1, 0xee, 0xf3, 0xee, 0xf1, 0xee, 0xf1, 0xee
.byte 0xf1, 0xee, 0xf1, 0xde, 0xf1, 0xee, 0xf1, 0xee, 0xf1, 0xee, 0xf1, 0xee, 0xf1, 0xee, 0xf1, 0xee
.byte 0xf1, 0xee, 0xf1, 0xee, 0xf1, 0xee, 0x6e, 0xce, 0x6c, 0xbe, 0xc8, 0x8d, 0xc4, 0x65, 0x44, 0x55
.byte 0xc4, 0x54, 0x46, 0x65, 0x46, 0x75, 0xc8, 0x9d, 0x6c, 0xbe, 0x6e, 0xce, 0x6e, 0xde, 0x71, 0xde
.byte 0x6e, 0xde, 0x6e, 0xde, 0xcc, 0xcd, 0xcc, 0xcd, 0xca, 0xcd, 0x6e, 0xde, 0x73, 0xde, 0x73, 0xde
.byte 0x6e, 0xce, 0x6a, 0xce, 0x68, 0xce, 0x68, 0xce, 0x6a, 0xde, 0xea, 0xde, 0x6a, 0xde, 0xea, 0xde
.byte 0x6a, 0xde, 0xe8, 0xde, 0x68, 0xde, 0x68, 0xde, 0x66, 0xee, 0xc6, 0xdd, 0xc4, 0xdd, 0xc4, 0xcd
.byte 0xc2, 0xcd, 0x42, 0xbd, 0x44, 0xbd, 0x44, 0xbd, 0x44, 0xbd, 0x44, 0xbd, 0x44, 0xbd, 0x46, 0xad
.byte 0x48, 0xbd, 0x48, 0xbd, 0x46, 0xad, 0x44, 0xad, 0xc4, 0xac, 0x42, 0x9d, 0xc2, 0xac, 0x42, 0xad
.byte 0xc2, 0x9c, 0x42, 0xad, 0xc2, 0xac, 0x42, 0xad, 0xc2, 0x9c, 0xc2, 0x9c, 0xc2, 0xac, 0x42, 0x9d
.byte 0xc2, 0xac, 0x42, 0xad, 0x42, 0xbd, 0x44, 0xbd, 0x42, 0xbd, 0x42, 0xad, 0xc4, 0xac, 0xc4, 0xac
.byte 0xc4, 0x9c, 0xc2, 0x9c, 0xc2, 0x9c, 0x42, 0x9d, 0xc2, 0x9c, 0xc2, 0xac, 0xc2, 0x9c, 0xc2, 0x9c
.byte 0x42, 0xad, 0xc2, 0x9c, 0x42, 0x9d, 0xc2, 0x9c, 0x42, 0x9d, 0xc2, 0x9c, 0xc2, 0x9c, 0xc2, 0x9c
.byte 0xc2, 0x9c, 0xc2, 0x9c, 0xc2, 0x9c, 0xc2, 0x9c, 0xc2, 0x9c, 0x42, 0x9d, 0xc2, 0x9c, 0xc2, 0x9c
.byte 0x4a, 0xbc, 0x48, 0xbc, 0xa8, 0xbb, 0xa8, 0xab, 0xa6, 0xbb, 0xa8, 0xab, 0xa6, 0xab, 0x28, 0xab
.byte 0xa6, 0x9b, 0x28, 0x9b, 0x26, 0xab, 0x28, 0x9b, 0xa6, 0xab, 0xa8, 0xab, 0xa8, 0xab, 0xaa, 0xab
.byte 0x4c, 0xac, 0x4c, 0xbc, 0xcc, 0xac, 0xc8, 0x9c, 0xc6, 0x9c, 0x46, 0x9d, 0x48, 0x8d, 0xc8, 0x9d
.byte 0xcc, 0xad, 0xce, 0xad, 0x4e, 0xad, 0x4c, 0x8d, 0x4c, 0x9d, 0x6e, 0x9e, 0x71, 0xae, 0x71, 0xae
.byte 0xce, 0xad, 0x4c, 0x8d, 0xce, 0x9c, 0x4e, 0x9c, 0x4c, 0x9c, 0x4c, 0x9c, 0xcc, 0x8c, 0xcc, 0x9c
.byte 0xd1, 0xac, 0x51, 0xac, 0x53, 0xac, 0x51, 0xac, 0xd1, 0xbc, 0xce, 0x9c, 0xcc, 0x8c, 0x48, 0x75
.byte 0x44, 0x65, 0x44, 0x65, 0xc2, 0x54, 0x44, 0x44, 0x42, 0x44, 0x44, 0x54, 0x48, 0x74, 0xc8, 0x8c
.byte 0xca, 0x9c, 0x48, 0x8c, 0x48, 0x8c, 0x48, 0x9c, 0xc8, 0xac, 0xca, 0xbc, 0xcc, 0xcc, 0x4c, 0xcd
.byte 0x4c, 0xcd, 0xcc, 0xcd, 0xcc, 0xcd, 0xcc, 0xcd, 0xce, 0xdd, 0xcc, 0xcd, 0xce, 0xdd, 0x6e, 0xde
.byte 0x6e, 0xde, 0x6e, 0xde, 0x6e, 0xde, 0x6e, 0xde, 0x71, 0xde, 0x71, 0xee, 0xf1, 0xee, 0x71, 0xee
.byte 0xf1, 0xee, 0xf1, 0xee, 0xf1, 0xee, 0xf1, 0xde, 0x71, 0xee, 0xf1, 0xee, 0x71, 0xee, 0xf1, 0xee
.byte 0xf1, 0xee, 0xf1, 0xee, 0xf1, 0xee, 0x71, 0xee, 0xf1, 0xee, 0xf1, 0xee, 0xf1, 0xee, 0xf1, 0xee
.byte 0xf1, 0xde, 0xf1, 0xee, 0xf3, 0xee, 0xf1, 0xee, 0xf1, 0xee, 0xf3, 0xee, 0x71, 0xee, 0xf1, 0xee
.byte 0x71, 0xde, 0xee, 0xee, 0x71, 0xde, 0xf1, 0xee, 0xf1, 0xee, 0xf1, 0xde, 0xf1, 0xee, 0xf1, 0xee
.byte 0xf1, 0xee, 0xf1, 0xee, 0x71, 0xee, 0xf1, 0xee, 0xf1, 0xde, 0x71, 0xee, 0xf1, 0xee, 0xf1, 0xee
.byte 0x71, 0xee, 0xf1, 0xee, 0xf1, 0xee, 0xf1, 0xee, 0xf1, 0xee, 0xf1, 0xee, 0xf1, 0xde, 0xf1, 0xee
.byte 0xf1, 0xee, 0xf1, 0xde, 0xf1, 0xee, 0xf1, 0xee, 0xf1, 0xee, 0xf1, 0xee, 0xf1, 0xee, 0xf1, 0xee
.byte 0xf3, 0xee, 0xf1, 0xee, 0xf1, 0xee, 0xf1, 0xde, 0xf1, 0xee, 0xf1, 0xee, 0x71, 0xee, 0xf1, 0xde
.byte 0xf1, 0xee, 0xf1, 0xee, 0xf1, 0xde, 0x6e, 0xce, 0x6a, 0xae, 0xc8, 0x8d, 0x46, 0x65, 0x44, 0x55
.byte 0x44, 0x55, 0x44, 0x65, 0x46, 0x65, 0xc8, 0x8d, 0xca, 0xad, 0x6c, 0xce, 0x6e, 0xce, 0x6e, 0xde
.byte 0x6e, 0xde, 0x6e, 0xde, 0xcc, 0xcd, 0xca, 0xbd, 0xca, 0xcd, 0xce, 0xcd, 0xf3, 0xde, 0xf1, 0xde
.byte 0x6e, 0xde, 0x68, 0xce, 0x68, 0xce, 0x68, 0xde, 0x6a, 0xde, 0x6a, 0xde, 0xea, 0xde, 0x68, 0xee
.byte 0xea, 0xde, 0x68, 0xee, 0xe8, 0xde, 0x6a, 0xde, 0x68, 0xde, 0xc8, 0xdd, 0xc4, 0xdd, 0xc4, 0xdd
.byte 0xc2, 0xdd, 0xc4, 0xcd, 0x42, 0xcd, 0xc4, 0xbd, 0x44, 0xbd, 0x44, 0xbd, 0x44, 0xad, 0x44, 0xad
.byte 0x46, 0xad, 0x48, 0xbd, 0x46, 0xad, 0x44, 0xad, 0xc2, 0x9c, 0xc2, 0x9c, 0x42, 0xad, 0xc2, 0x9c
.byte 0x42, 0xad, 0xc2, 0x9c, 0xc2, 0x9c, 0xc2, 0x9c, 0xc2, 0x9c, 0xc2, 0x9c, 0x42, 0x9d, 0xc2, 0xac
.byte 0xc2, 0x9c, 0x42, 0xad, 0x42, 0xad, 0x42, 0xad, 0x42, 0xad, 0xc2, 0xac, 0x44, 0xad, 0xc2, 0xac
.byte 0xc4, 0x9c, 0xc2, 0x9c, 0xc2, 0x9c, 0xc2, 0x9c, 0xc2, 0x9c, 0x42, 0x9d, 0xc2, 0x9c, 0x42, 0xad
.byte 0xc2, 0x9c, 0xc2, 0x9c, 0xc2, 0x9c, 0xc2, 0x9c, 0xc2, 0x9c, 0xc2, 0x9c, 0xc2, 0x8c, 0xc2, 0x9c
.byte 0xc2, 0x9c, 0xc2, 0x8c, 0xc2, 0x9c, 0xc2, 0x9c, 0xc2, 0x9c, 0xc2, 0x9c, 0xc2, 0x9c, 0xc2, 0x9c
.byte 0xa8, 0xbb, 0x48, 0xbc, 0xa8, 0xbb, 0xa6, 0xab, 0x28, 0xab, 0xa6, 0xab, 0xa8, 0xab, 0x26, 0xab
.byte 0xa8, 0x9b, 0x26, 0xab, 0x26, 0x9b, 0xa8, 0x9b, 0x26, 0x9b, 0xa8, 0x9b, 0x26, 0x9b, 0xa8, 0x9b
.byte 0xa8, 0x9b, 0xaa, 0x9b, 0x48, 0x8c, 0x46, 0x8c, 0xc6, 0x74, 0x46, 0x75, 0xc6, 0x8d, 0xc8, 0x9d
.byte 0xcc, 0x9d, 0x51, 0xbd, 0x51, 0xad, 0xce, 0x9c, 0x4c, 0x8d, 0xce, 0x9d, 0x71, 0xbe, 0x71, 0xae
.byte 0xcc, 0x9d, 0xca, 0x74, 0xc8, 0x74, 0x4a, 0x64, 0x48, 0x74, 0xc8, 0x64, 0xc8, 0x74, 0xc8, 0x74
.byte 0x4a, 0x74, 0x4a, 0x8c, 0x4c, 0x8c, 0x4e, 0x9c, 0xd1, 0xac, 0xd1, 0xac, 0xcc, 0x9c, 0x48, 0x75
.byte 0x46, 0x65, 0xc4, 0x65, 0x44, 0x55, 0xc2, 0x54, 0xc4, 0x54, 0xc6, 0x64, 0x4a, 0x8d, 0x4e, 0x9d
.byte 0xcc, 0xad, 0xca, 0x9c, 0x48, 0x74, 0xc8, 0x8c, 0xc8, 0x9c, 0x4a, 0xbd, 0xcc, 0xbd, 0xcc, 0xcd
.byte 0xce, 0xdd, 0xce, 0xcd, 0xce, 0xcd, 0x6e, 0xde, 0xce, 0xcd, 0xce, 0xdd, 0x6e, 0xce, 0xce, 0xdd
.byte 0x6e, 0xde, 0x71, 0xde, 0xf1, 0xee, 0xf1, 0xee, 0xf1, 0xee, 0xf1, 0xee, 0xf1, 0xde, 0xf1, 0xee
.byte 0x71, 0xee, 0xf1, 0xde, 0x71, 0xee, 0xf1, 0xee, 0xf1, 0xde, 0xf1, 0xee, 0xf1, 0xde, 0xf1, 0xee
.byte 0x71, 0xee, 0xf1, 0xee, 0xf1, 0xde, 0xf1, 0xee, 0xf1, 0xde, 0x71, 0xee, 0xf1, 0xee, 0xf1, 0xee
.byte 0xf1, 0xee, 0xf1, 0xee, 0xf1, 0xee, 0xf1, 0xee, 0xf1, 0xee, 0x71, 0xee, 0xf1, 0xee, 0x71, 0xde
.byte 0xf1, 0xee, 0x71, 0xde, 0xf1, 0xee, 0x71, 0xde, 0xf1, 0xee, 0x71, 0xee, 0xf1, 0xee, 0xf1, 0xee
.byte 0x71, 0xde, 0xf1, 0xee, 0xf1, 0xee, 0xf1, 0xde, 0x71, 0xee, 0xf1, 0xee, 0xf1, 0xde, 0x71, 0xee
.byte 0xf1, 0xde, 0xf1, 0xee, 0xf3, 0xee, 0xf1, 0xde, 0xf1, 0xee, 0xf1, 0xee, 0xf1, 0xee, 0xf3, 0xee
.byte 0xf1, 0xee, 0xf1, 0xee, 0xf1, 0xee, 0xf3, 0xde, 0xf1, 0xee, 0x71, 0xee, 0xf1, 0xde, 0xf1, 0xee
.byte 0x71, 0xee, 0xf1, 0xee, 0x73, 0xee, 0xf1, 0xee, 0x71, 0xee, 0xf1, 0xde, 0xf1, 0xee, 0xf1, 0xee
.byte 0x71, 0xee, 0xf1, 0xde, 0xee, 0xde, 0x6c, 0xce, 0x6a, 0x9e, 0xc6, 0x8d, 0xc6, 0x75, 0x46, 0x75
.byte 0xc6, 0x75, 0x46, 0x75, 0xc6, 0x75, 0xc8, 0x8d, 0xca, 0xad, 0x6c, 0xbe, 0xce, 0xdd, 0x6e, 0xde
.byte 0x6e, 0xde, 0xce, 0xcd, 0xcc, 0xcd, 0xca, 0xbd, 0xca, 0xcd, 0x6c, 0xde, 0x6e, 0xde, 0x71, 0xee
.byte 0x6c, 0xde, 0x68, 0xce, 0x68, 0xde, 0x68, 0xde, 0xea, 0xde, 0xea, 0xde, 0x6a, 0xde, 0xea, 0xee
.byte 0xe8, 0xee, 0x68, 0xde, 0x68, 0xee, 0x68, 0xee, 0x6a, 0xde, 0xc8, 0xed, 0x66, 0xde, 0xc4, 0xdd
.byte 0xc4, 0xdd, 0xc4, 0xcd, 0xc2, 0xdd, 0xc4, 0xcd, 0x42, 0xbd, 0x44, 0xbd, 0x42, 0xad, 0xc4, 0xac
.byte 0x44, 0x9d, 0x44, 0xad, 0x44, 0x9d, 0xc4, 0x9c, 0xc2, 0x9c, 0x42, 0x9d, 0xc2, 0x9c, 0xc2, 0x9c
.byte 0xc2, 0x9c, 0xc2, 0x9c, 0x42, 0xad, 0xc2, 0x9c, 0x42, 0x9d, 0xc2, 0x9c, 0xc2, 0x9c, 0x42, 0x9d
.byte 0xc4, 0x9c, 0xc2, 0xac, 0x42, 0xad, 0xc2, 0xac, 0xc2, 0x9c, 0x42, 0x9d, 0xc2, 0x9c, 0xc2, 0x9c
.byte 0xc2, 0x9c, 0x42, 0x9d, 0xc2, 0xac, 0xc2, 0x9c, 0x42, 0x9d, 0xc2, 0xac, 0xc2, 0x9c, 0xc2, 0x9c
.byte 0xc2, 0x9c, 0x42, 0x9d, 0xc2, 0x9c, 0xc2, 0x9c, 0xc2, 0x9c, 0xc2, 0x8c, 0xc2, 0x9c, 0xc2, 0x8c
.byte 0xc2, 0x9c, 0xc2, 0x9c, 0xc2, 0x9c, 0xc2, 0x8c, 0xc2, 0x9c, 0xc2, 0x9c, 0xc2, 0xac, 0x42, 0xad
.byte 0xa8, 0xbb, 0xa8, 0xab, 0xa8, 0xab, 0xa8, 0xab, 0xa8, 0xab, 0xa6, 0xab, 0x28, 0xab, 0xa6, 0xab
.byte 0x28, 0x9b, 0x26, 0x9b, 0xa8, 0xab, 0xa8, 0x9b, 0xa8, 0xab, 0xa8, 0xab, 0x48, 0x9c, 0xa8, 0x9b
.byte 0xa6, 0x8b, 0x46, 0x74, 0x44, 0x74, 0xc4, 0x64, 0xc4, 0x64, 0xc4, 0x75, 0xc6, 0x75, 0xc8, 0x8d
.byte 0x4c, 0x9d, 0x4e, 0xad, 0xd1, 0x9c, 0x4c, 0x9c, 0x4a, 0x8d, 0x4a, 0x8d, 0xcc, 0x9d, 0xcc, 0x8d
.byte 0x4a, 0x75, 0xc6, 0x64, 0x46, 0x54, 0x44, 0x44, 0x44, 0x54, 0x44, 0x54, 0xc4, 0x54, 0xc4, 0x54
.byte 0x46, 0x64, 0x46, 0x54, 0x48, 0x74, 0x4c, 0x74, 0x4c, 0x9c, 0xce, 0x8c, 0xca, 0x8c, 0x46, 0x75
.byte 0xc4, 0x65, 0x44, 0x65, 0x42, 0x55, 0x44, 0x65, 0x44, 0x65, 0xc8, 0x75, 0xcc, 0x9d, 0xce, 0xad
.byte 0xce, 0xad, 0x4c, 0x8d, 0xc8, 0x74, 0x46, 0x74, 0xc8, 0x8c, 0x4a, 0xad, 0xcc, 0xcd, 0xce, 0xcd
.byte 0x6e, 0xde, 0x6e, 0xde, 0x6e, 0xde, 0x6e, 0xde, 0x6e, 0xde, 0xce, 0xdd, 0x6e, 0xde, 0x6e, 0xde
.byte 0x71, 0xde, 0xf1, 0xee, 0xf1, 0xde, 0x71, 0xee, 0xf1, 0xde, 0x71, 0xee, 0xf1, 0xee, 0x6e, 0xde
.byte 0xf1, 0xee, 0x71, 0xee, 0xf1, 0xde, 0x71, 0xee, 0x71, 0xee, 0xf1, 0xee, 0x71, 0xee, 0xf1, 0xee
.byte 0xf1, 0xee, 0xf1, 0xee, 0x71, 0xee, 0xf1, 0xee, 0x71, 0xee, 0xf1, 0xee, 0xf1, 0xde, 0x71, 0xee
.byte 0xf1, 0xee, 0xf1, 0xee, 0xf3, 0xde, 0xf1, 0xee, 0xf1, 0xee, 0xf1, 0xee, 0xf1, 0xde, 0x71, 0xee
.byte 0xf1, 0xde, 0x71, 0xee, 0xf1, 0xde, 0x71, 0xee, 0xf1, 0xde, 0xf1, 0xee, 0x71, 0xee, 0xf1, 0xde
.byte 0xf1, 0xee, 0x71, 0xee, 0xf1, 0xde, 0x71, 0xee, 0xf1, 0xde, 0x71, 0xee, 0xf1, 0xee, 0xf1, 0xee
.byte 0xf1, 0xee, 0xf1, 0xee, 0xf1, 0xee, 0xf1, 0xee, 0xf3, 0xee, 0xf1, 0xee, 0xf1, 0xee, 0xf1, 0xee
.byte 0xf1, 0xee, 0xf3, 0xee, 0xf1, 0xee, 0xf1, 0xee, 0xf1, 0xee, 0xf1, 0xee, 0xf1, 0xee, 0xf1, 0xee
.byte 0xf1, 0xde, 0xf1, 0xee, 0xf1, 0xde, 0xf1, 0xee, 0xf1, 0xee, 0xf1, 0xee, 0xf1, 0xee, 0x71, 0xee
.byte 0xf1, 0xde, 0xf1, 0xee, 0x6e, 0xde, 0x6c, 0xbe, 0x6a, 0xae, 0xc8, 0x8d, 0xc8, 0x8d, 0x68, 0x9e
.byte 0xca, 0x9d, 0x6a, 0xae, 0xca, 0x9d, 0x6a, 0xae, 0xcc, 0xad, 0x6c, 0xce, 0x6e, 0xde, 0x6e, 0xde
.byte 0x6e, 0xde, 0x6e, 0xde, 0xcc, 0xcd, 0xca, 0xcd, 0xca, 0xbd, 0xca, 0xcd, 0x6c, 0xde, 0x6a, 0xde
.byte 0x68, 0xde, 0x66, 0xde, 0x66, 0xde, 0x68, 0xde, 0x6a, 0xde, 0x6c, 0xee, 0xea, 0xde, 0x6a, 0xee
.byte 0x68, 0xee, 0x68, 0xee, 0x68, 0xde, 0x66, 0xde, 0xc6, 0xdd, 0x66, 0xde, 0xc4, 0xdd, 0x64, 0xde
.byte 0xc2, 0xdd, 0xc4, 0xdd, 0xc2, 0xdd, 0xc4, 0xcd, 0xc2, 0xcd, 0x42, 0xbd, 0x42, 0xbd, 0x44, 0xad
.byte 0xc2, 0x9c, 0x44, 0x9d, 0xc2, 0x9c, 0xc2, 0x9c, 0xc4, 0x9c, 0xc2, 0x8c, 0xc2, 0x9c, 0xc2, 0x9c
.byte 0x42, 0x9d, 0xc2, 0xac, 0xc2, 0x9c, 0xc2, 0x9c, 0xc2, 0x9c, 0xc2, 0x9c, 0xc2, 0x9c, 0xc2, 0x8c
.byte 0x42, 0x9d, 0xc2, 0x9c, 0x42, 0x9d, 0xc4, 0x9c, 0x42, 0x9d, 0xc2, 0x9c, 0xc2, 0x9c, 0x42, 0x9d
.byte 0xc2, 0x9c, 0xc2, 0x9c, 0x42, 0x9d, 0xc2, 0xac, 0xc2, 0xac, 0xc2, 0x9c, 0xc2, 0xac, 0x42, 0x9d
.byte 0xc2, 0x9c, 0xc2, 0x9c, 0xc2, 0x9c, 0xc2, 0x9c, 0xc2, 0x8c, 0xc2, 0x9c, 0xc2, 0x8c, 0x42, 0x8c
.byte 0xc2, 0x8c, 0xc2, 0x8c, 0xc2, 0x8c, 0xc2, 0x9c, 0xc2, 0x9c, 0xc2, 0x9c, 0x42, 0xad, 0x42, 0xad
.byte 0xa8, 0xab, 0xa8, 0xab, 0x26, 0xab, 0xa8, 0xab, 0xa6, 0xab, 0x26, 0xab, 0xa8, 0xab, 0x28, 0x9b
.byte 0xa6, 0xab, 0xa8, 0xab, 0xa8, 0xab, 0x48, 0xac, 0x4a, 0xbc, 0xca, 0xac, 0x48, 0xac, 0x46, 0x8c
.byte 0x46, 0x74, 0x44, 0x64, 0x44, 0x54, 0xc4, 0x54, 0xc4, 0x54, 0x44, 0x55, 0x44, 0x65, 0x46, 0x65
.byte 0x48, 0x75, 0xcc, 0x8c, 0xcc, 0x8c, 0xca, 0x74, 0xc8, 0x64, 0xc8, 0x74, 0x48, 0x65, 0xc6, 0x64
.byte 0xc6, 0x64, 0xc4, 0x54, 0x44, 0x44, 0x42, 0x44, 0x44, 0x44, 0x42, 0x44, 0x44, 0x44, 0xc4, 0x44
.byte 0x44, 0x54, 0x44, 0x44, 0x46, 0x54, 0xa6, 0x63, 0x4a, 0x64, 0x48, 0x74, 0xc6, 0x64, 0x46, 0x55
.byte 0x44, 0x65, 0x44, 0x65, 0xc4, 0x55, 0xc4, 0x65, 0xc6, 0x75, 0xc8, 0x75, 0xca, 0x9d, 0x6e, 0xae
.byte 0xce, 0x9d, 0x4a, 0x75, 0xc6, 0x64, 0x44, 0x54, 0xc6, 0x74, 0xca, 0x9c, 0xcc, 0xbd, 0x6e, 0xce
.byte 0x6e, 0xde, 0x6e, 0xde, 0x71, 0xde, 0x6e, 0xde, 0x71, 0xde, 0x6e, 0xde, 0x6e, 0xde, 0x71, 0xde
.byte 0x6e, 0xee, 0xf1, 0xee, 0x6e, 0xde, 0xf1, 0xee, 0x6e, 0xee, 0xf1, 0xde, 0x71, 0xee, 0xf1, 0xde
.byte 0x71, 0xee, 0xee, 0xde, 0x71, 0xee, 0xee, 0xde, 0xf1, 0xee, 0xf1, 0xde, 0xf1, 0xee, 0xf1, 0xee
.byte 0xf1, 0xde, 0x71, 0xee, 0xf1, 0xee, 0xf1, 0xde, 0xf1, 0xee, 0xf1, 0xde, 0x71, 0xee, 0xf1, 0xee
.byte 0xf1, 0xee, 0xf1, 0xee, 0xf1, 0xee, 0xf1, 0xee, 0xf1, 0xde, 0xf1, 0xee, 0x71, 0xee, 0xf1, 0xde
.byte 0xf1, 0xee, 0x71, 0xde, 0xf1, 0xee, 0xf1, 0xee, 0x71, 0xee, 0xf1, 0xde, 0xf1, 0xee, 0x71, 0xde
.byte 0xf1, 0xee, 0xf1, 0xde, 0x71, 0xee, 0xf1, 0xee, 0xf1, 0xee, 0xf1, 0xee, 0xf3, 0xee, 0xf1, 0xee
.byte 0xf1, 0xee, 0xf3, 0xee, 0xf1, 0xee, 0xf1, 0xee, 0xf1, 0xee, 0xf1, 0xee, 0xf1, 0xee, 0xf3, 0xee
.byte 0xf1, 0xee, 0xf1, 0xee, 0xf1, 0xee, 0xf1, 0xee, 0x71, 0xee, 0xf1, 0xde, 0xf3, 0xee, 0x71, 0xee
.byte 0xf1, 0xee, 0xf1, 0xee, 0x71, 0xee, 0xf1, 0xee, 0x71, 0xde, 0xf1, 0xee, 0x71, 0xde, 0xf1, 0xee
.byte 0xee, 0xde, 0x71, 0xee, 0x71, 0xde, 0xee, 0xce, 0x6c, 0xbe, 0x6c, 0xbe, 0x6c, 0xbe, 0x6c, 0xbe
.byte 0x6e, 0xce, 0x6c, 0xce, 0x6e, 0xce, 0x6c, 0xce, 0x6e, 0xce, 0x6e, 0xce, 0x6e, 0xde, 0x6e, 0xde
.byte 0x71, 0xde, 0x6e, 0xde, 0xcc, 0xcd, 0xca, 0xbd, 0xc8, 0xbd, 0x48, 0xcd, 0xc6, 0xcd, 0x68, 0xde
.byte 0x64, 0xde, 0xc4, 0xdd, 0x66, 0xde, 0x66, 0xde, 0x6a, 0xde, 0x6a, 0xde, 0x6a, 0xee, 0x68, 0xde
.byte 0x6a, 0xee, 0x68, 0xde, 0x66, 0xee, 0x66, 0xde, 0xc4, 0xdd, 0x64, 0xde, 0xc4, 0xdd, 0xc4, 0xdd
.byte 0xc4, 0xdd, 0xc2, 0xdd, 0x64, 0xde, 0xc4, 0xdd, 0xc2, 0xdd, 0xc4, 0xcd, 0x42, 0xad, 0x42, 0xad
.byte 0xc4, 0xac, 0xc2, 0x9c, 0xc2, 0x9c, 0xc2, 0x9c, 0x42, 0x9d, 0xc2, 0x9c, 0xc2, 0x9c, 0xc2, 0x9c
.byte 0xc2, 0x9c, 0xc2, 0x9c, 0x42, 0x9d, 0xc2, 0x9c, 0xc2, 0x9c, 0xc2, 0x8c, 0xc4, 0x9c, 0xc2, 0x8c
.byte 0xc2, 0x9c, 0xc2, 0x9c, 0xc2, 0x9c, 0xc2, 0x8c, 0xc2, 0x9c, 0xc2, 0x8c, 0xc2, 0x9c, 0xc2, 0x8c
.byte 0xc2, 0x9c, 0xc2, 0x9c, 0xc2, 0x9c, 0xc2, 0x9c, 0x42, 0x9d, 0xc2, 0x9c, 0x42, 0x9d, 0xc2, 0x9c
.byte 0xc2, 0x9c, 0xc2, 0x9c, 0xc2, 0x9c, 0xc2, 0x9c, 0xc0, 0x8c, 0xc2, 0x8c, 0x42, 0x8c, 0xc2, 0x8c
.byte 0x42, 0x8c, 0xc2, 0x8c, 0x40, 0x8c, 0xc2, 0x8c, 0xc2, 0x9c, 0x42, 0x9d, 0xc2, 0xac, 0x44, 0xad
.byte 0xa8, 0xab, 0xa8, 0xab, 0xa6, 0xab, 0x28, 0xab, 0xa6, 0xab, 0x28, 0xab, 0xa6, 0x9b, 0xa6, 0xab
.byte 0xa8, 0xab, 0x4a, 0xac, 0xca, 0xbc, 0x4c, 0xbd, 0x4c, 0xcd, 0x4a, 0xbd, 0xca, 0x9c, 0xc8, 0x8c
.byte 0xc4, 0x64, 0x44, 0x54, 0xc4, 0x54, 0xc2, 0x54, 0xc2, 0x54, 0xc4, 0x54, 0xc2, 0x54, 0xc4, 0x54
.byte 0x46, 0x65, 0xc6, 0x64, 0x46, 0x64, 0x46, 0x64, 0xc6, 0x54, 0xc4, 0x54, 0x46, 0x54, 0xc4, 0x54
.byte 0x44, 0x44, 0x42, 0x44, 0x44, 0x44, 0xa2, 0x43, 0xa2, 0x43, 0x44, 0x44, 0x42, 0x44, 0x44, 0x54
.byte 0x42, 0x44, 0x44, 0x44, 0xa2, 0x43, 0x44, 0x54, 0xa4, 0x53, 0x46, 0x54, 0x44, 0x54, 0xc4, 0x54
.byte 0x44, 0x55, 0x42, 0x55, 0x44, 0x65, 0xc4, 0x65, 0xc4, 0x75, 0xc6, 0x75, 0xc8, 0x8d, 0xc8, 0x75
.byte 0x48, 0x8d, 0xc6, 0x64, 0x44, 0x54, 0x44, 0x54, 0x46, 0x64, 0x48, 0x8d, 0xcc, 0xad, 0xcc, 0xcd
.byte 0x6e, 0xce, 0xce, 0xcd, 0x6e, 0xde, 0x6e, 0xde, 0x6e, 0xde, 0x71, 0xde, 0x6e, 0xde, 0x71, 0xde
.byte 0x71, 0xee, 0x71, 0xde, 0x71, 0xee, 0xf1, 0xee, 0x71, 0xde, 0x71, 0xde, 0xf1, 0xee, 0x6e, 0xde
.byte 0x71, 0xde, 0x71, 0xee, 0x71, 0xde, 0xf1, 0xee, 0x71, 0xee, 0xf1, 0xee, 0xf1, 0xee, 0xf1, 0xee
.byte 0xf1, 0xee, 0xf1, 0xee, 0xf1, 0xde, 0x71, 0xee, 0x6e, 0xde, 0x71, 0xee, 0x71, 0xee, 0xf1, 0xde
.byte 0x71, 0xee, 0xf1, 0xee, 0xf1, 0xee, 0xf3, 0xee, 0xf1, 0xee, 0xf1, 0xee, 0xf3, 0xee, 0xf1, 0xee
.byte 0x71, 0xee, 0xf1, 0xee, 0xf1, 0xee, 0x71, 0xde, 0xf1, 0xee, 0xf1, 0xee, 0x71, 0xee, 0xf1, 0xee
.byte 0x71, 0xee, 0xf1, 0xee, 0xf1, 0xee, 0xf1, 0xee, 0xf1, 0xde, 0xf1, 0xee, 0xf1, 0xee, 0xf1, 0xee
.byte 0xf1, 0xee, 0xf1, 0xee, 0xf1, 0xee, 0xf1, 0xee, 0xf3, 0xee, 0xf1, 0xee, 0xf1, 0xee, 0xf1, 0xde
.byte 0xf1, 0xee, 0xf1, 0xee, 0xf1, 0xee, 0xf3, 0xee, 0xf1, 0xee, 0xf1, 0xee, 0xf1, 0xee, 0xf1, 0xee
.byte 0xf1, 0xee, 0xf1, 0xee, 0xf1, 0xee, 0xf1, 0xde, 0xf1, 0xee, 0xf1, 0xde, 0x71, 0xee, 0xf1, 0xde
.byte 0x71, 0xee, 0xf1, 0xee, 0xee, 0xde, 0x6e, 0xde, 0x6e, 0xde, 0x6e, 0xce, 0x6e, 0xde, 0x6e, 0xde
.byte 0xf1, 0xde, 0x6e, 0xde, 0x6e, 0xde, 0x6e, 0xde, 0x6e, 0xde, 0x6e, 0xde, 0x71, 0xde, 0x6e, 0xde
.byte 0x6e, 0xde, 0x6c, 0xce, 0xcc, 0xcd, 0x48, 0xbd, 0x46, 0xbd, 0xc4, 0xbd, 0xc4, 0xcd, 0xc4, 0xdd
.byte 0xc4, 0xdd, 0xc4, 0xdd, 0x64, 0xde, 0xc4, 0xdd, 0x66, 0xde, 0x68, 0xde, 0x68, 0xee, 0x68, 0xde
.byte 0x68, 0xee, 0x68, 0xde, 0xc4, 0xdd, 0xc4, 0xdd, 0xc4, 0xdd, 0xc4, 0xdd, 0xc2, 0xdd, 0x64, 0xde
.byte 0xc2, 0xdd, 0x64, 0xde, 0xc4, 0xdd, 0xc2, 0xdd, 0xc4, 0xcd, 0xc2, 0xcd, 0x44, 0xcd, 0x42, 0xad
.byte 0x42, 0xad, 0x42, 0xad, 0x42, 0xad, 0xc4, 0x9c, 0xc2, 0x9c, 0xc2, 0x9c, 0xc2, 0x9c, 0x42, 0x9d
.byte 0xc2, 0x9c, 0xc2, 0x9c, 0xc2, 0x9c, 0xc2, 0x9c, 0xc2, 0x9c, 0xc2, 0x9c, 0xc2, 0x8c, 0xc2, 0x9c
.byte 0xc2, 0x8c, 0xc2, 0x9c, 0xc2, 0x8c, 0xc2, 0x9c, 0xc2, 0x8c, 0xc2, 0x9c, 0xc2, 0x9c, 0xc2, 0x9c
.byte 0xc2, 0x9c, 0xc2, 0x9c, 0x42, 0x9d, 0xc2, 0x9c, 0xc0, 0x9c, 0xc2, 0x9c, 0xc2, 0x9c, 0xc2, 0x9c
.byte 0xc2, 0x9c, 0xc0, 0x8c, 0xc2, 0x9c, 0xc2, 0x9c, 0xc2, 0x8c, 0x42, 0x8c, 0xc2, 0x8c, 0x40, 0x74
.byte 0x42, 0x74, 0xc2, 0x8c, 0x42, 0x8c, 0xc2, 0x8c, 0xc2, 0x9c, 0xc2, 0xac, 0x42, 0xad, 0x42, 0xbd
.byte 0x48, 0xbc, 0xa8, 0xab, 0x26, 0xab, 0xa8, 0xab, 0x28, 0x9b, 0xa6, 0xab, 0x28, 0xab, 0xa8, 0xab
.byte 0x48, 0xac, 0xca, 0xbc, 0x4c, 0xbd, 0x4c, 0xcd, 0xcc, 0xcd, 0xcc, 0xcd, 0x4a, 0xad, 0xc8, 0x8c
.byte 0xc6, 0x74, 0xc4, 0x64, 0x44, 0x54, 0x44, 0x44, 0x42, 0x44, 0x44, 0x44, 0xc2, 0x54, 0xc4, 0x44
.byte 0x44, 0x54, 0x44, 0x54, 0x46, 0x54, 0xc4, 0x64, 0x46, 0x54, 0xc4, 0x64, 0xc4, 0x54, 0x44, 0x54
.byte 0x42, 0x44, 0xa4, 0x43, 0xa2, 0x43, 0xa4, 0x43, 0x44, 0x54, 0xa4, 0x53, 0x44, 0x54, 0x44, 0x54
.byte 0x44, 0x54, 0x44, 0x44, 0x44, 0x44, 0xa4, 0x43, 0x44, 0x54, 0x44, 0x54, 0x44, 0x54, 0x44, 0x54
.byte 0xc4, 0x54, 0x44, 0x55, 0x44, 0x55, 0x42, 0x65, 0xc4, 0x65, 0xc6, 0x65, 0x44, 0x65, 0x46, 0x65
.byte 0xc4, 0x54, 0xc4, 0x54, 0x44, 0x44, 0x44, 0x54, 0x44, 0x54, 0xc8, 0x74, 0x48, 0x9d, 0xca, 0xad
.byte 0xca, 0xad, 0xca, 0xad, 0xcc, 0xad, 0xcc, 0xbd, 0x6e, 0xce, 0xce, 0xcd, 0x6e, 0xde, 0x71, 0xde
.byte 0x6e, 0xde, 0x71, 0xde, 0x6e, 0xde, 0x71, 0xde, 0x6e, 0xde, 0x71, 0xee, 0x6e, 0xde, 0x71, 0xde
.byte 0x6e, 0xee, 0x71, 0xde, 0xee, 0xde, 0x71, 0xde, 0xf1, 0xee, 0x71, 0xde, 0xf1, 0xee, 0xf1, 0xee
.byte 0x71, 0xee, 0xf1, 0xde, 0x71, 0xee, 0x6e, 0xde, 0xf1, 0xde, 0x6e, 0xee, 0xf1, 0xde, 0xf1, 0xee
.byte 0xf1, 0xde, 0xf1, 0xee, 0xf1, 0xee, 0xf1, 0xee, 0xf1, 0xee, 0xf1, 0xee, 0xf1, 0xee, 0xf1, 0xde
.byte 0xf1, 0xee, 0xf1, 0xee, 0xf1, 0xee, 0xf1, 0xee, 0xf1, 0xee, 0xf3, 0xee, 0xf1, 0xee, 0xf1, 0xde
.byte 0xf1, 0xee, 0xf3, 0xee, 0xf1, 0xee, 0xf1, 0xee, 0xf3, 0xee, 0xf1, 0xee, 0xf1, 0xde, 0xf3, 0xee
.byte 0xf1, 0xee, 0xf1, 0xee, 0xf3, 0xee, 0xf1, 0xde, 0xf1, 0xee, 0xf1, 0xee, 0xf1, 0xee, 0xf3, 0xee
.byte 0xf1, 0xee, 0xf1, 0xee, 0xf1, 0xde, 0xf1, 0xee, 0xf1, 0xee, 0xf1, 0xee, 0xf1, 0xee, 0xf3, 0xee
.byte 0xf1, 0xee, 0xf1, 0xee, 0xf1, 0xee, 0x71, 0xee, 0xf1, 0xee, 0x71, 0xee, 0xf1, 0xee, 0x71, 0xde
.byte 0xf1, 0xee, 0x71, 0xde, 0x71, 0xee, 0xf1, 0xde, 0x6e, 0xee, 0xf1, 0xde, 0x6e, 0xde, 0xee, 0xde
.byte 0x71, 0xde, 0x6e, 0xee, 0xf1, 0xde, 0x6e, 0xde, 0x71, 0xee, 0x6e, 0xde, 0x71, 0xde, 0x6e, 0xde
.byte 0x6e, 0xce, 0xcc, 0xcd, 0xca, 0xbd, 0x46, 0xad, 0x46, 0xbd, 0x44, 0xbd, 0xc4, 0xcd, 0xc2, 0xdd
.byte 0xc4, 0xdd, 0xc4, 0xcd, 0xc4, 0xdd, 0xc4, 0xdd, 0xc4, 0xdd, 0xc4, 0xdd, 0x64, 0xde, 0xc6, 0xdd
.byte 0x66, 0xde, 0xc6, 0xdd, 0xc4, 0xdd, 0x64, 0xde, 0xc4, 0xdd, 0x62, 0xde, 0xc4, 0xdd, 0xc4, 0xdd
.byte 0xc2, 0xdd, 0xc4, 0xdd, 0xc2, 0xdd, 0xc4, 0xdd, 0xc4, 0xdd, 0xc2, 0xcd, 0xc4, 0xcd, 0x42, 0xbd
.byte 0x42, 0xcd, 0x44, 0xbd, 0x42, 0xad, 0x42, 0xad, 0xc2, 0xac, 0x42, 0x9d, 0xc4, 0x9c, 0xc2, 0x9c
.byte 0xc2, 0x9c, 0x44, 0x9d, 0xc2, 0x9c, 0xc2, 0x9c, 0x42, 0x9d, 0xc2, 0x8c, 0xc2, 0x8c, 0xc4, 0x8c
.byte 0xc2, 0x8c, 0xc4, 0x9c, 0xc2, 0x8c, 0xc2, 0x8c, 0xc2, 0x9c, 0xc2, 0x8c, 0xc2, 0x9c, 0xc2, 0x9c
.byte 0x42, 0x9d, 0xc2, 0x9c, 0xc2, 0x9c, 0xc2, 0x9c, 0xc2, 0x9c, 0xc2, 0x9c, 0xc2, 0x9c, 0xc2, 0x8c
.byte 0xc2, 0x9c, 0xc2, 0x9c, 0xc2, 0x9c, 0xc2, 0x8c, 0xc2, 0x8c, 0x42, 0x8c, 0x42, 0x74, 0x42, 0x74
.byte 0x42, 0x8c, 0x42, 0x74, 0xc2, 0x74, 0x42, 0x8c, 0xc2, 0x8c, 0xc2, 0xac, 0x42, 0xad, 0x42, 0xad
.byte 0xa8, 0xab, 0xa8, 0xab, 0xa8, 0xab, 0xa6, 0xab, 0xa6, 0xab, 0xa8, 0xab, 0xa8, 0xab, 0x48, 0xbc
.byte 0x4a, 0xbc, 0x4a, 0xcd, 0xcc, 0xcd, 0xcc, 0xcd, 0xce, 0xcd, 0xcc, 0xcd, 0xcc, 0xbd, 0x4a, 0xad
.byte 0x48, 0x8d, 0xc8, 0x74, 0xc6, 0x74, 0x44, 0x54, 0xa4, 0x53, 0x42, 0x44, 0x44, 0x44, 0x44, 0x54
.byte 0xc4, 0x54, 0xc4, 0x64, 0xc6, 0x64, 0xc6, 0x74, 0xc8, 0x74, 0xc6, 0x74, 0xc6, 0x64, 0x46, 0x64
.byte 0x44, 0x54, 0x44, 0x54, 0x44, 0x54, 0x46, 0x54, 0x46, 0x64, 0xc6, 0x74, 0xc8, 0x74, 0xc8, 0x8c
.byte 0x46, 0x74, 0x46, 0x64, 0x44, 0x64, 0x46, 0x64, 0xc6, 0x64, 0xc6, 0x74, 0xc6, 0x74, 0xc6, 0x64
.byte 0xc4, 0x64, 0xc4, 0x54, 0xc4, 0x54, 0x44, 0x65, 0x44, 0x55, 0x42, 0x55, 0xc4, 0x54, 0xc4, 0x54
.byte 0xc4, 0x44, 0x42, 0x44, 0x42, 0x44, 0x44, 0x44, 0x44, 0x54, 0xc6, 0x74, 0x48, 0x75, 0x48, 0x75
.byte 0x48, 0x75, 0x48, 0x75, 0x48, 0x8d, 0x4a, 0xad, 0xca, 0xad, 0xce, 0xcd, 0x6e, 0xde, 0x6e, 0xde
.byte 0x71, 0xde, 0x6e, 0xde, 0x6e, 0xde, 0x71, 0xee, 0x6e, 0xde, 0x6e, 0xde, 0x71, 0xde, 0x6e, 0xde
.byte 0x71, 0xde, 0x6e, 0xde, 0x71, 0xee, 0x6e, 0xde, 0xf1, 0xee, 0x71, 0xde, 0xf1, 0xee, 0x71, 0xde
.byte 0xf1, 0xee, 0x6e, 0xde, 0xf1, 0xee, 0x71, 0xde, 0x71, 0xee, 0xf1, 0xde, 0xf1, 0xee, 0x71, 0xee
.byte 0xf1, 0xee, 0xf1, 0xee, 0xf3, 0xee, 0xf1, 0xee, 0xf1, 0xee, 0xf3, 0xee, 0xf1, 0xee, 0xf1, 0xee
.byte 0xf3, 0xee, 0xf1, 0xde, 0xf1, 0xee, 0xf3, 0xee, 0xf1, 0xee, 0xf1, 0xee, 0xf1, 0xee, 0xf1, 0xee
.byte 0xf1, 0xee, 0xf1, 0xde, 0xf1, 0xee, 0xf1, 0xee, 0xf1, 0xee, 0xf1, 0xee, 0xf1, 0xee, 0xf1, 0xee
.byte 0xf1, 0xee, 0xf1, 0xee, 0xf1, 0xee, 0xf1, 0xee, 0x71, 0xee, 0xf1, 0xee, 0xf1, 0xee, 0xf1, 0xee
.byte 0xf1, 0xee, 0xf3, 0xee, 0xf1, 0xee, 0xf1, 0xee, 0xf1, 0xee, 0xf3, 0xee, 0xf1, 0xee, 0xf1, 0xde
.byte 0xf1, 0xee, 0xf3, 0xee, 0xf1, 0xee, 0xf1, 0xee, 0xf1, 0xde, 0xf1, 0xee, 0xf1, 0xde, 0xf1, 0xee
.byte 0xf1, 0xee, 0xf1, 0xee, 0xf1, 0xde, 0xf1, 0xee, 0x71, 0xde, 0xf1, 0xee, 0x71, 0xee, 0x71, 0xde
.byte 0x6e, 0xee, 0xf1, 0xde, 0x71, 0xde, 0x6e, 0xde, 0x71, 0xde, 0xee, 0xde, 0x71, 0xee, 0x6e, 0xde
.byte 0xcc, 0xcd, 0xcc, 0xbd, 0x48, 0xbd, 0x46, 0xad, 0x44, 0xbd, 0x42, 0xbd, 0xc4, 0xcd, 0xc2, 0xcd
.byte 0xc4, 0xdd, 0xc2, 0xcd, 0xc4, 0xdd, 0xc2, 0xcd, 0xc4, 0xdd, 0xc4, 0xdd, 0xc4, 0xcd, 0xc4, 0xdd
.byte 0x64, 0xde, 0xc4, 0xdd, 0x64, 0xde, 0xc4, 0xdd, 0xc2, 0xdd, 0xc4, 0xdd, 0xc4, 0xdd, 0xc2, 0xdd
.byte 0xc4, 0xdd, 0xc4, 0xcd, 0xc2, 0xdd, 0xc4, 0xdd, 0xc2, 0xdd, 0x44, 0xcd, 0xc2, 0xcd, 0x44, 0xcd
.byte 0xc2, 0xbd, 0x42, 0xbd, 0x42, 0xbd, 0x42, 0xbd, 0x42, 0xad, 0xc2, 0xac, 0x42, 0xad, 0xc2, 0x9c
.byte 0xc2, 0x9c, 0xc2, 0x9c, 0xc2, 0x9c, 0xc2, 0x9c, 0xc4, 0x8c, 0xc2, 0x9c, 0xc2, 0x9c, 0xc2, 0x9c
.byte 0xc2, 0x9c, 0xc2, 0x8c, 0xc2, 0x9c, 0xc2, 0x8c, 0xc2, 0x9c, 0xc2, 0x9c, 0x42, 0x9d, 0xc2, 0x9c
.byte 0xc2, 0x9c, 0xc2, 0x9c, 0xc2, 0x9c, 0xc2, 0x9c, 0xc2, 0x8c, 0xc2, 0x9c, 0xc2, 0x9c, 0xc2, 0x9c
.byte 0xc2, 0x9c, 0xc2, 0x9c, 0xc2, 0x8c, 0xc2, 0x8c, 0x42, 0x8c, 0x42, 0x8c, 0xc0, 0x8c, 0x42, 0x8c
.byte 0xc2, 0x8c, 0x42, 0x74, 0x40, 0x8c, 0x42, 0x8c, 0xc2, 0x8c, 0xc2, 0xac, 0xc2, 0x9c, 0xc2, 0xac
.byte 0xa8, 0xbb, 0xa8, 0xbb, 0xa8, 0xab, 0xa8, 0xab, 0xa8, 0xab, 0x48, 0xac, 0x48, 0xac, 0xca, 0xbc
.byte 0x4c, 0xbd, 0xcc, 0xcd, 0xce, 0xcd, 0xce, 0xdd, 0x6e, 0xde, 0x6e, 0xce, 0xce, 0xcd, 0xcc, 0xbd
.byte 0x4c, 0xbd, 0x4a, 0x9d, 0xc8, 0x8c, 0xc6, 0x74, 0x46, 0x64, 0x44, 0x54, 0x44, 0x64, 0xc6, 0x64
.byte 0xc6, 0x74, 0xc8, 0x74, 0x48, 0x8d, 0x4a, 0x9d, 0x4a, 0x9d, 0xca, 0xad, 0x4a, 0x9d, 0xc8, 0x8c
.byte 0xc6, 0x74, 0xc8, 0x74, 0xc8, 0x8c, 0x48, 0x8d, 0x4a, 0x9d, 0x4a, 0x9d, 0x4a, 0xad, 0xca, 0xad
.byte 0x4a, 0x9d, 0xc8, 0x8c, 0xc8, 0x8c, 0xc8, 0x8c, 0x4a, 0x9d, 0x4a, 0x9d, 0x4a, 0x9d, 0x48, 0x9d
.byte 0xc8, 0x74, 0xc6, 0x74, 0xc6, 0x64, 0xc4, 0x54, 0x44, 0x55, 0xc4, 0x54, 0x42, 0x44, 0x42, 0x44
.byte 0x42, 0x44, 0x44, 0x44, 0x42, 0x44, 0x44, 0x54, 0xc4, 0x54, 0xc4, 0x54, 0xc4, 0x64, 0xc4, 0x54
.byte 0x44, 0x65, 0x44, 0x65, 0x46, 0x65, 0x46, 0x75, 0x4a, 0x9d, 0xcc, 0xbd, 0x6e, 0xce, 0x71, 0xde
.byte 0x6e, 0xde, 0x71, 0xde, 0x71, 0xde, 0x6e, 0xde, 0x71, 0xde, 0x71, 0xde, 0x6e, 0xee, 0x71, 0xde
.byte 0x6e, 0xde, 0x71, 0xde, 0x6e, 0xde, 0x71, 0xde, 0x6e, 0xde, 0x71, 0xee, 0x6e, 0xde, 0xf1, 0xee
.byte 0x71, 0xde, 0xf1, 0xee, 0x71, 0xde, 0xf1, 0xee, 0xf1, 0xde, 0x71, 0xee, 0xf1, 0xde, 0xf1, 0xee
.byte 0xf3, 0xee, 0xf1, 0xee, 0xf1, 0xee, 0xf1, 0xee, 0xf1, 0xde, 0xf1, 0xee, 0xf1, 0xee, 0xf1, 0xee
.byte 0xf1, 0xee, 0xf1, 0xee, 0xf1, 0xee, 0xf1, 0xee, 0xf1, 0xde, 0xf1, 0xee, 0xf1, 0xee, 0xf3, 0xee
.byte 0xf1, 0xee, 0xf1, 0xee, 0xf3, 0xee, 0xf1, 0xee, 0xf1, 0xee, 0xf3, 0xee, 0xf1, 0xee, 0xf1, 0xee
.byte 0xf3, 0xee, 0xf1, 0xee, 0xf1, 0xee, 0xf1, 0xee, 0xf3, 0xee, 0xf1, 0xee, 0xf1, 0xee, 0xf1, 0xde
.byte 0xf1, 0xee, 0xf1, 0xee, 0xf1, 0xee, 0xf3, 0xee, 0xf1, 0xee, 0xf1, 0xee, 0xf1, 0xee, 0xf1, 0xee
.byte 0x71, 0xee, 0xf1, 0xde, 0xf1, 0xee, 0xf1, 0xee, 0x71, 0xee, 0xf1, 0xee, 0xf1, 0xee, 0x71, 0xee
.byte 0xf1, 0xee, 0xf1, 0xde, 0x71, 0xee, 0xf1, 0xee, 0x71, 0xee, 0xf1, 0xde, 0x71, 0xee, 0xf1, 0xde
.byte 0xf1, 0xee, 0x71, 0xde, 0xf1, 0xee, 0x71, 0xee, 0xf1, 0xde, 0x71, 0xee, 0x71, 0xde, 0x6e, 0xde
.byte 0x6e, 0xde, 0xca, 0xbd, 0x48, 0xbd, 0x44, 0xad, 0x44, 0xbd, 0x44, 0xbd, 0xc2, 0xcd, 0xc4, 0xcd
.byte 0xc4, 0xcd, 0x42, 0xcd, 0xc4, 0xbd, 0xc2, 0xcd, 0xc4, 0xcd, 0xc2, 0xcd, 0xc4, 0xdd, 0xc4, 0xdd
.byte 0xc2, 0xdd, 0xc4, 0xdd, 0xc4, 0xdd, 0xc2, 0xdd, 0x64, 0xde, 0xc4, 0xdd, 0xc2, 0xdd, 0xc4, 0xdd
.byte 0xc4, 0xcd, 0xc2, 0xdd, 0xc4, 0xcd, 0xc4, 0xcd, 0xc2, 0xcd, 0xc4, 0xcd, 0xc2, 0xcd, 0xc4, 0xcd
.byte 0x42, 0xcd, 0xc4, 0xcd, 0x42, 0xcd, 0x44, 0xbd, 0x42, 0xbd, 0x44, 0xad, 0xc2, 0xac, 0x42, 0xad
.byte 0xc2, 0x9c, 0x42, 0x9d, 0xc2, 0x9c, 0xc2, 0x8c, 0xc2, 0x9c, 0xc2, 0x8c, 0xc2, 0x9c, 0xc2, 0x9c
.byte 0x42, 0x9d, 0xc2, 0x9c, 0xc2, 0x9c, 0xc4, 0x8c, 0xc2, 0x9c, 0xc2, 0x9c, 0xc2, 0xac, 0xc2, 0x9c
.byte 0xc2, 0x9c, 0xc2, 0x9c, 0xc2, 0x9c, 0xc2, 0x8c, 0xc2, 0x9c, 0xc2, 0x8c, 0xc2, 0x9c, 0xc2, 0x8c
.byte 0xc2, 0x9c, 0x42, 0x8c, 0xc2, 0x9c, 0xc2, 0x8c, 0x42, 0x8c, 0xc2, 0x8c, 0x42, 0x8c, 0xc2, 0x9c
.byte 0x42, 0x8c, 0xc2, 0x8c, 0x42, 0x8c, 0x42, 0x74, 0xc2, 0x8c, 0xc2, 0x9c, 0xc2, 0x9c, 0xc2, 0x8c
.byte 0x48, 0xbc, 0x48, 0xac, 0xa8, 0xab, 0xa8, 0xab, 0x48, 0xbc, 0x4a, 0xbc, 0xca, 0xbc, 0x4c, 0xcd
.byte 0xcc, 0xcd, 0xcc, 0xcd, 0xce, 0xdd, 0x6e, 0xde, 0xce, 0xcd, 0x6e, 0xde, 0xce, 0xcd, 0x6e, 0xde
.byte 0xcc, 0xcd, 0xcc, 0xbd, 0x4c, 0xbd, 0x48, 0x9d, 0xc8, 0x74, 0xc8, 0x74, 0xc8, 0x8c, 0x4a, 0x9d
.byte 0x4a, 0xad, 0xca, 0xad, 0xcc, 0xad, 0x6e, 0xce, 0x6c, 0xce, 0x6e, 0xce, 0xcc, 0xbd, 0xcc, 0xad
.byte 0x4a, 0xad, 0xcc, 0xad, 0xcc, 0xbd, 0xcc, 0xbd, 0xcc, 0xcd, 0x6e, 0xce, 0x6e, 0xce, 0xce, 0xcd
.byte 0x6e, 0xce, 0xcc, 0xbd, 0xcc, 0xad, 0xcc, 0xbd, 0xce, 0xbd, 0x6c, 0xce, 0xce, 0xbd, 0xcc, 0xbd
.byte 0x4a, 0xad, 0x48, 0x8d, 0x48, 0x8d, 0xc6, 0x74, 0xc4, 0x64, 0xc4, 0x54, 0x44, 0x44, 0x42, 0x34
.byte 0xa2, 0x43, 0x42, 0x44, 0x42, 0x44, 0x42, 0x44, 0x42, 0x44, 0x44, 0x44, 0xc2, 0x54, 0xc4, 0x54
.byte 0x44, 0x55, 0xc4, 0x54, 0xc4, 0x54, 0xc6, 0x64, 0x48, 0x8d, 0x4a, 0xad, 0xcc, 0xcd, 0x6e, 0xde
.byte 0x71, 0xde, 0x71, 0xee, 0x6e, 0xde, 0xf1, 0xee, 0x71, 0xde, 0x6e, 0xee, 0xf1, 0xde, 0x71, 0xde
.byte 0x71, 0xee, 0x6e, 0xde, 0x71, 0xde, 0xf1, 0xde, 0x71, 0xee, 0x71, 0xde, 0xf1, 0xde, 0x71, 0xee
.byte 0xf1, 0xee, 0xf1, 0xde, 0x71, 0xee, 0xf1, 0xee, 0x71, 0xee, 0xf1, 0xee, 0xf1, 0xee, 0xf1, 0xee
.byte 0xf1, 0xee, 0xf1, 0xee, 0xf1, 0xee, 0xf1, 0xee, 0xf3, 0xee, 0xf1, 0xee, 0xf1, 0xee, 0xf3, 0xee
.byte 0xf1, 0xee, 0xf1, 0xee, 0xf3, 0xee, 0xf1, 0xee, 0xf1, 0xee, 0xf1, 0xee, 0xf1, 0xee, 0xf1, 0xee
.byte 0xf1, 0xee, 0xf1, 0xee, 0xf1, 0xee, 0xf1, 0xee, 0xf1, 0xee, 0xf1, 0xee, 0xf1, 0xee, 0xf1, 0xee
.byte 0xf1, 0xde, 0xf1, 0xee, 0xf3, 0xee, 0xf1, 0xee, 0xf1, 0xee, 0xf1, 0xee, 0x73, 0xee, 0xf1, 0xee
.byte 0xf1, 0xee, 0xf1, 0xee, 0xf1, 0xee, 0xf1, 0xee, 0xf1, 0xee, 0xf1, 0xee, 0xf1, 0xee, 0xf1, 0xee
.byte 0xf3, 0xee, 0xf1, 0xee, 0xf1, 0xee, 0xf1, 0xee, 0xf1, 0xee, 0xf3, 0xee, 0xf1, 0xee, 0xf1, 0xee
.byte 0xf1, 0xee, 0xf1, 0xee, 0xf3, 0xee, 0xf1, 0xde, 0xf1, 0xee, 0xf1, 0xee, 0xf1, 0xde, 0xf1, 0xee
.byte 0x71, 0xee, 0xf1, 0xee, 0xf1, 0xee, 0x71, 0xde, 0xf1, 0xee, 0xf1, 0xde, 0x71, 0xee, 0xf1, 0xde
.byte 0x6e, 0xde, 0xcc, 0xcd, 0xc8, 0xbd, 0x46, 0xbd, 0xc4, 0xac, 0x42, 0xbd, 0x42, 0xbd, 0x44, 0xcd
.byte 0xc2, 0xbd, 0x42, 0xcd, 0xc4, 0xcd, 0x42, 0xbd, 0x44, 0xcd, 0xc2, 0xcd, 0x44, 0xcd, 0xc2, 0xcd
.byte 0xc4, 0xdd, 0xc4, 0xdd, 0x62, 0xde, 0xc4, 0xdd, 0xc4, 0xdd, 0xc2, 0xdd, 0xc4, 0xdd, 0xc2, 0xcd
.byte 0xc4, 0xcd, 0xc2, 0xcd, 0x44, 0xcd, 0xc2, 0xcd, 0xc4, 0xcd, 0x42, 0xcd, 0xc4, 0xcd, 0x42, 0xbd
.byte 0xc4, 0xcd, 0x42, 0xbd, 0xc4, 0xbd, 0x42, 0xbd, 0xc2, 0xbd, 0x42, 0xbd, 0x42, 0xad, 0x42, 0xad
.byte 0xc2, 0xac, 0xc4, 0x9c, 0xc2, 0x9c, 0xc2, 0x8c, 0xc2, 0x9c, 0x42, 0x9d, 0xc2, 0x9c, 0xc4, 0x9c
.byte 0xc2, 0x9c, 0xc2, 0x9c, 0xc2, 0x9c, 0xc2, 0x9c, 0x42, 0x9d, 0xc2, 0x9c, 0x42, 0xad, 0xc2, 0x9c
.byte 0xc2, 0x9c, 0xc2, 0x9c, 0xc2, 0x8c, 0x42, 0x8c, 0xc0, 0x8c, 0x42, 0x8c, 0xc2, 0x8c, 0xc2, 0x9c
.byte 0xc2, 0x8c, 0xc2, 0x8c, 0xc2, 0x8c, 0x40, 0x8c, 0xc2, 0x8c, 0x42, 0x8c, 0xc2, 0x8c, 0xc2, 0x8c
.byte 0xc2, 0x8c, 0xc2, 0x8c, 0x42, 0x8c, 0xc2, 0x8c, 0x42, 0x8c, 0xc2, 0x8c, 0x42, 0x8c, 0x42, 0x8c
.byte 0x48, 0xbc, 0x4a, 0xbc, 0x4a, 0xbc, 0xca, 0xbc, 0xca, 0xbc, 0x4a, 0xbd, 0x4c, 0xcd, 0xcc, 0xcd
.byte 0xce, 0xcd, 0xce, 0xdd, 0x6e, 0xce, 0xce, 0xdd, 0x6e, 0xde, 0xce, 0xdd, 0x6e, 0xde, 0xce, 0xcd
.byte 0x6e, 0xde, 0xcc, 0xcd, 0xcc, 0xcd, 0xcc, 0xbd, 0x4a, 0xad, 0x4a, 0xad, 0xcc, 0xad, 0xcc, 0xbd
.byte 0x6e, 0xce, 0x6e, 0xce, 0x6e, 0xde, 0x6e, 0xde, 0x71, 0xde, 0x6e, 0xde, 0x6e, 0xde, 0x6e, 0xce
.byte 0x6e, 0xce, 0x6e, 0xde, 0x6e, 0xde, 0x71, 0xde, 0x71, 0xde, 0xf1, 0xde, 0x71, 0xde, 0xee, 0xee
.byte 0x71, 0xde, 0x6e, 0xde, 0x6e, 0xce, 0x6e, 0xde, 0x6e, 0xde, 0x71, 0xde, 0x6e, 0xde, 0x6e, 0xde
.byte 0x6e, 0xce, 0xcc, 0xbd, 0xca, 0xad, 0x4a, 0x9d, 0x48, 0x75, 0x44, 0x64, 0x44, 0x54, 0xa4, 0x53
.byte 0x44, 0x54, 0x44, 0x44, 0xa4, 0x43, 0x44, 0x44, 0x44, 0x54, 0x44, 0x54, 0x44, 0x54, 0xc4, 0x54
.byte 0xc4, 0x54, 0x44, 0x55, 0xc4, 0x54, 0xc4, 0x64, 0xc6, 0x74, 0x4a, 0x8d, 0xcc, 0xbd, 0x6e, 0xce
.byte 0x6e, 0xce, 0x71, 0xde, 0xf1, 0xee, 0x71, 0xde, 0xf1, 0xee, 0xf1, 0xde, 0x71, 0xee, 0xf1, 0xee
.byte 0xf1, 0xde, 0x71, 0xee, 0xf1, 0xee, 0x71, 0xee, 0xf1, 0xde, 0x71, 0xee, 0xf1, 0xee, 0x71, 0xee
.byte 0xf1, 0xde, 0x71, 0xee, 0xf1, 0xee, 0xf1, 0xde, 0xf1, 0xee, 0xf1, 0xee, 0xf3, 0xee, 0xf1, 0xee
.byte 0xf1, 0xee, 0xf3, 0xde, 0xf1, 0xee, 0xf1, 0xee, 0xf1, 0xee, 0xf1, 0xee, 0xf1, 0xee, 0xf1, 0xee
.byte 0xf1, 0xee, 0xf1, 0xee, 0xf1, 0xee, 0xf1, 0xee, 0xf3, 0xee, 0xf1, 0xee, 0xf3, 0xee, 0xf1, 0xee
.byte 0xf1, 0xee, 0xf3, 0xee, 0xf1, 0xee, 0xf1, 0xde, 0xf3, 0xee, 0x71, 0xee, 0xf1, 0xee, 0xf3, 0xee
.byte 0xf1, 0xee, 0xf1, 0xee, 0xf1, 0xee, 0xf1, 0xee, 0xf1, 0xee, 0xf1, 0xde, 0xf1, 0xee, 0xf1, 0xee
.byte 0xf1, 0xee, 0x73, 0xee, 0xf1, 0xee, 0xf1, 0xee, 0xf1, 0xde, 0xf1, 0xee, 0xf3, 0xee, 0xf1, 0xee
.byte 0xf1, 0xee, 0xf1, 0xee, 0xf3, 0xee, 0xf1, 0xee, 0xf1, 0xde, 0xf1, 0xee, 0xf1, 0xee, 0xf1, 0xee
.byte 0xf1, 0xee, 0xf1, 0xee, 0xf1, 0xee, 0xf1, 0xee, 0xf1, 0xee, 0xf1, 0xee, 0xf1, 0xee, 0xf1, 0xee
.byte 0xf1, 0xee, 0xf1, 0xde, 0xf1, 0xee, 0xf1, 0xee, 0xf1, 0xee, 0x71, 0xee, 0xf1, 0xee, 0x71, 0xde
.byte 0xee, 0xee, 0xcc, 0xcd, 0xca, 0xbd, 0x46, 0xad, 0x42, 0xad, 0x42, 0xbd, 0x44, 0xad, 0x44, 0xbd
.byte 0x42, 0xbd, 0x44, 0xbd, 0xc2, 0xbd, 0x44, 0xbd, 0xc2, 0xcd, 0x44, 0xbd, 0xc2, 0xcd, 0xc4, 0xcd
.byte 0xc2, 0xdd, 0xc4, 0xdd, 0xc4, 0xdd, 0xc4, 0xdd, 0x62, 0xde, 0xc4, 0xdd, 0xc2, 0xdd, 0xc4, 0xcd
.byte 0xc2, 0xcd, 0x44, 0xcd, 0xc2, 0xcd, 0x42, 0xbd, 0xc4, 0xbd, 0x42, 0xbd, 0xc2, 0xbd, 0x44, 0xcd
.byte 0xc2, 0xbd, 0x44, 0xcd, 0xc2, 0xcd, 0x44, 0xbd, 0x44, 0xbd, 0x42, 0xbd, 0x44, 0xbd, 0xc2, 0xac
.byte 0x42, 0xad, 0xc2, 0xac, 0xc2, 0x9c, 0xc4, 0x9c, 0xc2, 0x9c, 0xc2, 0x9c, 0xc2, 0x9c, 0x42, 0xad
.byte 0xc2, 0xac, 0xc2, 0x9c, 0x42, 0x9d, 0xc2, 0x9c, 0xc2, 0x9c, 0xc2, 0x9c, 0xc2, 0x9c, 0xc2, 0x9c
.byte 0xc2, 0x9c, 0xc2, 0x9c, 0x42, 0x8c, 0xc2, 0x74, 0x42, 0x8c, 0x42, 0x74, 0xc0, 0x8c, 0x42, 0x8c
.byte 0xc2, 0x8c, 0x42, 0x8c, 0x42, 0x74, 0x42, 0x8c, 0xc2, 0x8c, 0x40, 0x74, 0xc2, 0x8c, 0xc2, 0x8c
.byte 0x40, 0x8c, 0x42, 0x8c, 0x42, 0x74, 0x40, 0x74, 0x42, 0x74, 0x42, 0x74, 0x42, 0x74, 0x42, 0x74
.byte 0xca, 0xbc, 0x4c, 0xcd, 0x4a, 0xbd, 0x4c, 0xcd, 0x4c, 0xcd, 0xce, 0xcd, 0xce, 0xcd, 0x6e, 0xde
.byte 0xce, 0xdd, 0x6e, 0xde, 0x6e, 0xde, 0x6e, 0xde, 0x6e, 0xde, 0x6e, 0xde, 0x6e, 0xde, 0xce, 0xdd
.byte 0xce, 0xcd, 0x6e, 0xce, 0xce, 0xcd, 0xce, 0xcd, 0xcc, 0xcd, 0x6e, 0xbe, 0x6e, 0xde, 0x6e, 0xde
.byte 0x71, 0xde, 0xf1, 0xee, 0x71, 0xde, 0xf1, 0xee, 0xf1, 0xde, 0xf1, 0xee, 0xf1, 0xde, 0x71, 0xde
.byte 0xf1, 0xee, 0x71, 0xde, 0xf1, 0xee, 0x71, 0xde, 0xf1, 0xee, 0x71, 0xee, 0xf1, 0xee, 0x73, 0xde
.byte 0xf1, 0xee, 0x71, 0xde, 0xf1, 0xee, 0x71, 0xde, 0xf1, 0xde, 0x71, 0xee, 0xf1, 0xde, 0x6e, 0xde
.byte 0x71, 0xde, 0x6e, 0xde, 0x6e, 0xde, 0xcc, 0xbd, 0x4a, 0xad, 0x48, 0x8d, 0xc6, 0x74, 0xc8, 0x74
.byte 0xc6, 0x74, 0x48, 0x74, 0xc4, 0x64, 0x44, 0x54, 0x44, 0x54, 0x46, 0x64, 0xc8, 0x74, 0xc6, 0x8c
.byte 0x46, 0x75, 0xc6, 0x64, 0xc4, 0x54, 0xc4, 0x54, 0xc6, 0x64, 0x46, 0x75, 0x48, 0x9d, 0x4c, 0xad
.byte 0xcc, 0xcd, 0x6e, 0xde, 0xf1, 0xde, 0x71, 0xee, 0xf1, 0xde, 0x71, 0xee, 0xf1, 0xee, 0x71, 0xde
.byte 0xf1, 0xee, 0x71, 0xde, 0xf1, 0xee, 0xf1, 0xde, 0x71, 0xee, 0xf1, 0xee, 0xf1, 0xde, 0xf1, 0xee
.byte 0xf1, 0xee, 0xf1, 0xee, 0xf3, 0xee, 0xf1, 0xee, 0xf1, 0xee, 0xf1, 0xee, 0xf1, 0xee, 0xf1, 0xee
.byte 0xf1, 0xee, 0xf1, 0xee, 0xf1, 0xee, 0xf1, 0xee, 0xf3, 0xee, 0xf1, 0xee, 0xf1, 0xde, 0xf3, 0xee
.byte 0x71, 0xee, 0xf1, 0xee, 0xf3, 0xee, 0xf1, 0xee, 0xf1, 0xee, 0xf1, 0xee, 0xf1, 0xde, 0xf1, 0xee
.byte 0xf1, 0xee, 0x71, 0xee, 0xf1, 0xee, 0xf1, 0xee, 0xf1, 0xee, 0xf1, 0xee, 0xf1, 0xee, 0xf1, 0xee
.byte 0xf1, 0xee, 0xf3, 0xee, 0xf1, 0xee, 0xf1, 0xee, 0xf3, 0xee, 0xf1, 0xee, 0xf1, 0xee, 0xf3, 0xee
.byte 0xf1, 0xee, 0xf1, 0xde, 0xf1, 0xee, 0xf3, 0xee, 0xf1, 0xee, 0x71, 0xee, 0xf1, 0xee, 0xf1, 0xee
.byte 0xf1, 0xee, 0xf1, 0xee, 0xf1, 0xee, 0xf1, 0xee, 0xf1, 0xee, 0xf3, 0xee, 0xf1, 0xde, 0xf1, 0xee
.byte 0xf1, 0xee, 0xf3, 0xee, 0xf1, 0xee, 0xf1, 0xee, 0xf3, 0xee, 0xf1, 0xee, 0xf1, 0xee, 0xf3, 0xee
.byte 0xf1, 0xee, 0xf1, 0xee, 0xf3, 0xee, 0xf1, 0xee, 0xf1, 0xee, 0xf3, 0xee, 0xf1, 0xee, 0xf1, 0xee
.byte 0x6e, 0xde, 0x6e, 0xde, 0xc8, 0xbd, 0x46, 0xad, 0x44, 0xad, 0xc4, 0xac, 0x42, 0xad, 0x42, 0xbd
.byte 0x42, 0xbd, 0x44, 0xbd, 0x42, 0xbd, 0x42, 0xcd, 0x44, 0xbd, 0xc2, 0xbd, 0x44, 0xcd, 0xc2, 0xcd
.byte 0xc4, 0xdd, 0xc2, 0xdd, 0x64, 0xde, 0xc2, 0xdd, 0xc4, 0xdd, 0xc4, 0xdd, 0xc2, 0xdd, 0xc4, 0xcd
.byte 0xc2, 0xcd, 0x44, 0xbd, 0x42, 0xbd, 0x44, 0xbd, 0x42, 0xbd, 0x42, 0xbd, 0x44, 0xbd, 0x42, 0xbd
.byte 0x42, 0xbd, 0xc4, 0xbd, 0x42, 0xbd, 0x42, 0xbd, 0x42, 0xbd, 0x42, 0xbd, 0x42, 0xad, 0x42, 0xad
.byte 0xc2, 0xac, 0x42, 0x9d, 0xc2, 0x9c, 0xc2, 0x9c, 0x42, 0x9d, 0xc2, 0x9c, 0x42, 0x9d, 0xc2, 0x9c
.byte 0x42, 0x9d, 0xc2, 0x9c, 0xc2, 0x9c, 0xc2, 0x9c, 0xc2, 0x9c, 0xc2, 0x9c, 0xc2, 0x8c, 0xc2, 0x8c
.byte 0x40, 0x8c, 0xc2, 0x8c, 0x42, 0x8c, 0x42, 0x8c, 0x40, 0x74, 0xc2, 0x8c, 0x42, 0x8c, 0xc2, 0x8c
.byte 0x40, 0x8c, 0xc2, 0x8c, 0x42, 0x8c, 0x42, 0x74, 0x42, 0x74, 0xc2, 0x8c, 0x42, 0x8c, 0x42, 0x74
.byte 0x42, 0x8c, 0x42, 0x74, 0x42, 0x74, 0xa2, 0x73, 0x42, 0x74, 0x40, 0x74, 0x42, 0x74, 0xa0, 0x63
.byte 0xcc, 0xcd, 0xce, 0xdd, 0xce, 0xcd, 0xce, 0xdd, 0x6c, 0xde, 0xce, 0xdd, 0x6e, 0xde, 0x6e, 0xde
.byte 0x6e, 0xde, 0x71, 0xde, 0x6e, 0xde, 0x6e, 0xde, 0x71, 0xde, 0x6e, 0xde, 0x6e, 0xde, 0x6e, 0xde
.byte 0x6e, 0xde, 0xce, 0xdd, 0x6e, 0xde, 0x6e, 0xde, 0x6e, 0xde, 0x71, 0xde, 0x6e, 0xde, 0x71, 0xde
.byte 0xf1, 0xee, 0xee, 0xde, 0x71, 0xee, 0xf1, 0xee, 0xf1, 0xee, 0xf1, 0xee, 0x71, 0xee, 0xf1, 0xee
.byte 0xf1, 0xde, 0xf1, 0xee, 0xf1, 0xee, 0xf1, 0xee, 0xf1, 0xee, 0xf1, 0xde, 0xf1, 0xee, 0xf1, 0xee
.byte 0xf1, 0xee, 0x71, 0xee, 0xf1, 0xde, 0xf1, 0xee, 0x71, 0xee, 0xf1, 0xee, 0x71, 0xde, 0xf1, 0xee
.byte 0xf1, 0xee, 0x71, 0xde, 0xf1, 0xde, 0x6e, 0xde, 0x6e, 0xce, 0xcc, 0xad, 0x4a, 0xad, 0xca, 0xad
.byte 0x4c, 0xad, 0xca, 0x9d, 0xc8, 0x8c, 0xc8, 0x74, 0xc8, 0x8c, 0x4a, 0x9d, 0xca, 0xad, 0xcc, 0xad
.byte 0x4a, 0xad, 0x48, 0x8d, 0x48, 0x75, 0xc6, 0x74, 0xc6, 0x64, 0xc6, 0x74, 0x48, 0x75, 0x4a, 0x9d
.byte 0xca, 0xad, 0x6e, 0xce, 0x71, 0xde, 0xf1, 0xee, 0xf1, 0xee, 0xf1, 0xee, 0xf1, 0xee, 0xf1, 0xee
.byte 0xf1, 0xee, 0xf1, 0xee, 0xf1, 0xee, 0xf1, 0xee, 0xf1, 0xee, 0xf1, 0xee, 0xf3, 0xee, 0xf1, 0xee
.byte 0xf1, 0xee, 0xf1, 0xee, 0xf1, 0xee, 0xf1, 0xee, 0xf3, 0xee, 0xf1, 0xde, 0xf1, 0xee, 0xf3, 0xee
.byte 0xf1, 0xee, 0xf1, 0xee, 0x73, 0xee, 0xf1, 0xee, 0xf1, 0xee, 0xf1, 0xee, 0xf1, 0xee, 0xf1, 0xee
.byte 0xf1, 0xee, 0xf1, 0xde, 0xf1, 0xee, 0xf1, 0xee, 0x71, 0xee, 0xf1, 0xee, 0xf1, 0xee, 0x71, 0xee
.byte 0xf1, 0xde, 0xf1, 0xee, 0xf1, 0xee, 0xf1, 0xee, 0xf1, 0xde, 0xf1, 0xee, 0xf1, 0xee, 0x71, 0xee
.byte 0xf1, 0xee, 0xf1, 0xee, 0xf1, 0xde, 0xf1, 0xee, 0xf1, 0xee, 0xf1, 0xee, 0xf1, 0xee, 0xf1, 0xee
.byte 0xf1, 0xee, 0xf1, 0xee, 0xf1, 0xee, 0x71, 0xee, 0xf1, 0xee, 0xf1, 0xee, 0xf1, 0xde, 0xf3, 0xee
.byte 0xf1, 0xee, 0xf3, 0xee, 0xf1, 0xee, 0xf1, 0xee, 0xf1, 0xee, 0xf1, 0xee, 0xf1, 0xee, 0xf3, 0xee
.byte 0xf1, 0xde, 0xf1, 0xee, 0xf1, 0xee, 0xf1, 0xee, 0xf1, 0xee, 0xf1, 0xee, 0xf1, 0xee, 0xf1, 0xee
.byte 0xf1, 0xee, 0xf1, 0xee, 0xf1, 0xee, 0xf1, 0xee, 0xf1, 0xde, 0xf1, 0xee, 0xf1, 0xee, 0xf1, 0xee
.byte 0xf1, 0xde, 0xcc, 0xcd, 0xca, 0xbd, 0x46, 0xad, 0xc4, 0x9c, 0xc2, 0x9c, 0xc2, 0x9c, 0x42, 0xad
.byte 0x44, 0xbd, 0x42, 0xbd, 0xc2, 0xbd, 0x44, 0xbd, 0x42, 0xbd, 0xc2, 0xcd, 0x44, 0xcd, 0xc2, 0xdd
.byte 0xc4, 0xcd, 0xc4, 0xdd, 0xc2, 0xdd, 0xc4, 0xdd, 0xc4, 0xdd, 0xc2, 0xdd, 0xc4, 0xdd, 0xc4, 0xcd
.byte 0xc2, 0xcd, 0x44, 0xcd, 0xc2, 0xbd, 0x44, 0xbd, 0x42, 0xbd, 0x44, 0xbd, 0x42, 0xbd, 0x44, 0xbd
.byte 0x42, 0xbd, 0x42, 0xbd, 0x42, 0xbd, 0x44, 0xbd, 0x42, 0xbd, 0xc4, 0xac, 0x42, 0xad, 0x42, 0xad
.byte 0xc4, 0xac, 0x42, 0xad, 0xc2, 0x9c, 0xc2, 0x9c, 0xc2, 0x9c, 0xc2, 0x9c, 0xc2, 0x9c, 0xc2, 0x9c
.byte 0xc2, 0x9c, 0xc2, 0x9c, 0xc2, 0x9c, 0xc2, 0x9c, 0xc2, 0x8c, 0x42, 0x8c, 0x42, 0x8c, 0x42, 0x8c
.byte 0xc2, 0x8c, 0x42, 0x8c, 0xc2, 0x8c, 0x42, 0x8c, 0xc2, 0x8c, 0x42, 0x8c, 0x42, 0x8c, 0xc2, 0x8c
.byte 0xc2, 0x8c, 0x42, 0x8c, 0xc0, 0x8c, 0x42, 0x8c, 0x42, 0x8c, 0x42, 0x8c, 0x42, 0x74, 0x42, 0x74
.byte 0x40, 0x74, 0x42, 0x74, 0x42, 0x74, 0x40, 0x74, 0x42, 0x74, 0xa2, 0x63, 0xa2, 0x63, 0xa2, 0x63
.byte 0x6e, 0xde, 0x6e, 0xde, 0x6e, 0xde, 0x6e, 0xde, 0x71, 0xde, 0x6e, 0xde, 0x6e, 0xde, 0x6e, 0xde
.byte 0xf1, 0xee, 0x6e, 0xde, 0xf1, 0xee, 0x71, 0xee, 0xf1, 0xde, 0x6e, 0xee, 0x71, 0xde, 0x6e, 0xde
.byte 0x6e, 0xde, 0x6e, 0xde, 0x6e, 0xde, 0x6e, 0xde, 0x71, 0xde, 0x6e, 0xee, 0x71, 0xde, 0xf1, 0xee
.byte 0x71, 0xde, 0x71, 0xee, 0xf1, 0xde, 0x71, 0xee, 0xf1, 0xde, 0x71, 0xee, 0xf1, 0xde, 0xf1, 0xee
.byte 0x71, 0xee, 0xf1, 0xee, 0xf1, 0xde, 0xf1, 0xee, 0xf1, 0xee, 0x71, 0xee, 0xf1, 0xee, 0x71, 0xee
.byte 0xf1, 0xee, 0xf1, 0xee, 0xf1, 0xee, 0x71, 0xee, 0xf1, 0xee, 0xf1, 0xde, 0xf1, 0xee, 0x71, 0xde
.byte 0xf1, 0xee, 0x71, 0xee, 0xf1, 0xee, 0x71, 0xde, 0x6e, 0xde, 0x6e, 0xce, 0x6e, 0xce, 0xcc, 0xcd
.byte 0x6e, 0xde, 0xcc, 0xcd, 0xcc, 0xbd, 0xcc, 0xad, 0xcc, 0xad, 0xcc, 0xcd, 0x6e, 0xce, 0x6e, 0xce
.byte 0x6e, 0xce, 0xcc, 0xbd, 0xca, 0xad, 0x4a, 0x9d, 0x48, 0x9d, 0x48, 0x8d, 0x4a, 0x8d, 0x48, 0x9d
.byte 0xcc, 0xad, 0xce, 0xcd, 0x6e, 0xde, 0xf1, 0xee, 0xf1, 0xde, 0x71, 0xee, 0xf1, 0xde, 0xf1, 0xee
.byte 0xf1, 0xee, 0xf1, 0xee, 0x71, 0xee, 0xf1, 0xee, 0xf1, 0xde, 0xf1, 0xee, 0xf1, 0xee, 0xf1, 0xee
.byte 0xf1, 0xde, 0xf3, 0xee, 0xf1, 0xee, 0xf1, 0xee, 0xf1, 0xee, 0xf1, 0xee, 0xf1, 0xee, 0x71, 0xee
.byte 0xf1, 0xee, 0xf1, 0xee, 0xf1, 0xee, 0xf1, 0xde, 0x71, 0xee, 0xf1, 0xee, 0xf1, 0xee, 0xf3, 0xee
.byte 0xf1, 0xee, 0xf1, 0xee, 0x71, 0xee, 0xf1, 0xde, 0xf1, 0xee, 0xf1, 0xee, 0xf1, 0xde, 0xf1, 0xee
.byte 0xf1, 0xee, 0xf1, 0xee, 0xf1, 0xee, 0x73, 0xee, 0xf1, 0xee, 0xf1, 0xee, 0xf1, 0xde, 0xf3, 0xee
.byte 0xf1, 0xee, 0xf3, 0xee, 0xf1, 0xee, 0xf1, 0xee, 0xf3, 0xee, 0xf1, 0xee, 0xf1, 0xee, 0x71, 0xde
.byte 0xf1, 0xee, 0xf1, 0xee, 0xf1, 0xee, 0xf1, 0xde, 0xf1, 0xee, 0xf1, 0xee, 0xf1, 0xee, 0xf1, 0xee
.byte 0xf1, 0xde, 0xf1, 0xee, 0xf1, 0xee, 0xf3, 0xee, 0xf1, 0xee, 0xf1, 0xee, 0xf1, 0xee, 0xf1, 0xee
.byte 0xf1, 0xee, 0xf1, 0xee, 0xf1, 0xee, 0xf1, 0xee, 0xf3, 0xee, 0xf1, 0xde, 0xf1, 0xee, 0xf3, 0xee
.byte 0xf1, 0xde, 0xf1, 0xee, 0xf1, 0xee, 0xf1, 0xee, 0xf3, 0xee, 0xf1, 0xee, 0xf1, 0xde, 0xf1, 0xee
.byte 0x71, 0xde, 0x6c, 0xde, 0xca, 0xbd, 0xc6, 0x9c, 0xc4, 0x9c, 0xc2, 0x8c, 0xc2, 0x9c, 0x44, 0xad
.byte 0x42, 0xad, 0x42, 0xbd, 0x44, 0xbd, 0x42, 0xbd, 0xc4, 0xcd, 0x42, 0xbd, 0xc4, 0xcd, 0xc2, 0xcd
.byte 0x44, 0xdd, 0xc2, 0xdd, 0xc4, 0xcd, 0xc4, 0xdd, 0xc2, 0xcd, 0xc4, 0xcd, 0xc2, 0xcd, 0xc4, 0xcd
.byte 0xc2, 0xcd, 0x44, 0xcd, 0x42, 0xbd, 0x42, 0xbd, 0x42, 0xbd, 0x42, 0xad, 0x42, 0xbd, 0x42, 0xad
.byte 0x44, 0xbd, 0x42, 0xbd, 0x44, 0xbd, 0x42, 0xbd, 0x42, 0xad, 0x42, 0xad, 0xc2, 0xac, 0x42, 0xad
.byte 0xc2, 0xac, 0x42, 0x9d, 0xc2, 0x9c, 0xc2, 0x9c, 0xc2, 0x9c, 0xc4, 0x9c, 0xc2, 0x8c, 0xc2, 0x9c
.byte 0xc2, 0x9c, 0xc2, 0x9c, 0xc2, 0x9c, 0xc2, 0x8c, 0x42, 0x8c, 0xc0, 0x8c, 0x42, 0x74, 0x42, 0x74
.byte 0xc2, 0x8c, 0x42, 0x8c, 0xc2, 0x8c, 0x42, 0x8c, 0xc2, 0x8c, 0x42, 0x8c, 0xc0, 0x8c, 0xc2, 0x8c
.byte 0x42, 0x8c, 0xc2, 0x8c, 0x42, 0x8c, 0xc2, 0x8c, 0x40, 0x8c, 0xc2, 0x8c, 0x42, 0x74, 0x42, 0x74
.byte 0x42, 0x74, 0xa2, 0x73, 0x42, 0x64, 0x42, 0x74, 0xa2, 0x63, 0xa2, 0x63, 0xa0, 0x63, 0xa2, 0x63
.byte 0xf1, 0xde, 0x71, 0xee, 0xf1, 0xde, 0x71, 0xee, 0x6e, 0xde, 0x6e, 0xde, 0x71, 0xee, 0x71, 0xde
.byte 0xf1, 0xde, 0x71, 0xee, 0xf1, 0xde, 0xf1, 0xee, 0xf1, 0xde, 0x71, 0xee, 0xf1, 0xde, 0x6e, 0xee
.byte 0x71, 0xde, 0x6e, 0xde, 0x71, 0xde, 0x6e, 0xde, 0x71, 0xee, 0x71, 0xde, 0xee, 0xde, 0x71, 0xee
.byte 0x6e, 0xde, 0xf1, 0xee, 0x71, 0xde, 0x6e, 0xee, 0xf1, 0xde, 0x6e, 0xee, 0xf1, 0xde, 0x71, 0xee
.byte 0xf1, 0xde, 0xf1, 0xee, 0x71, 0xee, 0xf3, 0xee, 0xf1, 0xee, 0xf1, 0xee, 0xf3, 0xde, 0xf1, 0xee
.byte 0xf1, 0xee, 0x71, 0xee, 0xf1, 0xde, 0xf1, 0xee, 0xf1, 0xee, 0x71, 0xee, 0xf1, 0xee, 0xf1, 0xee
.byte 0xf1, 0xee, 0xf1, 0xde, 0xf1, 0xee, 0xf1, 0xee, 0x71, 0xde, 0xf1, 0xee, 0x71, 0xde, 0xf1, 0xde
.byte 0x71, 0xde, 0xf1, 0xde, 0x6e, 0xde, 0x6e, 0xce, 0x6e, 0xde, 0x71, 0xde, 0xf1, 0xde, 0x71, 0xee
.byte 0xf1, 0xde, 0x6e, 0xde, 0x6e, 0xce, 0x6e, 0xce, 0xcc, 0xbd, 0x6c, 0xbe, 0xcc, 0xbd, 0xcc, 0xbd
.byte 0x6e, 0xbe, 0x6e, 0xde, 0x6e, 0xde, 0xf1, 0xde, 0x71, 0xee, 0xf1, 0xee, 0xf1, 0xee, 0x71, 0xee
.byte 0xf1, 0xee, 0xf1, 0xde, 0xf1, 0xee, 0xf1, 0xee, 0xf1, 0xee, 0xf1, 0xee, 0xf1, 0xee, 0xf1, 0xee
.byte 0x71, 0xee, 0xf1, 0xee, 0xf1, 0xee, 0x71, 0xee, 0xf3, 0xee, 0xf1, 0xee, 0xf1, 0xee, 0xf1, 0xee
.byte 0xf1, 0xee, 0xf1, 0xde, 0x71, 0xee, 0xf1, 0xee, 0xf1, 0xee, 0xf1, 0xee, 0x71, 0xde, 0xf1, 0xee
.byte 0xf1, 0xee, 0xf1, 0xee, 0xf3, 0xee, 0xf1, 0xee, 0xf1, 0xee, 0xf3, 0xee, 0x71, 0xee, 0xf1, 0xee
.byte 0xf3, 0xee, 0xf1, 0xee, 0xf1, 0xde, 0xf1, 0xee, 0xf1, 0xee, 0xf3, 0xee, 0xf1, 0xee, 0xf1, 0xee
.byte 0xf1, 0xee, 0xf1, 0xee, 0xf1, 0xee, 0xf1, 0xee, 0x71, 0xee, 0xf1, 0xee, 0xf1, 0xee, 0xf1, 0xee
.byte 0xf1, 0xee, 0x71, 0xde, 0xf1, 0xee, 0xf1, 0xee, 0xf1, 0xee, 0xf1, 0xee, 0xf1, 0xee, 0xf1, 0xee
.byte 0xf1, 0xee, 0xf1, 0xee, 0xf1, 0xee, 0xf1, 0xee, 0xf1, 0xde, 0xf1, 0xee, 0xf3, 0xee, 0xf1, 0xee
.byte 0xf3, 0xee, 0xf1, 0xee, 0xf3, 0xee, 0xf1, 0xee, 0xf1, 0xee, 0xf1, 0xee, 0xf1, 0xee, 0xf1, 0xee
.byte 0xf1, 0xee, 0xf3, 0xee, 0xf1, 0xee, 0xf1, 0xee, 0xf1, 0xee, 0xf1, 0xee, 0xf1, 0xee, 0x71, 0xee
.byte 0xf1, 0xde, 0x6e, 0xce, 0xca, 0xbd, 0xc6, 0x9c, 0xc4, 0x8c, 0xc2, 0x8c, 0xc2, 0x9c, 0xc2, 0xac
.byte 0x44, 0xbd, 0x42, 0xbd, 0x44, 0xbd, 0xc2, 0xbd, 0x44, 0xbd, 0x42, 0xbd, 0xc4, 0xcd, 0xc4, 0xcd
.byte 0xc2, 0xcd, 0xc4, 0xcd, 0xc2, 0xdd, 0xc4, 0xcd, 0xc2, 0xcd, 0x44, 0xcd, 0xc2, 0xcd, 0x44, 0xcd
.byte 0xc2, 0xbd, 0x44, 0xbd, 0x42, 0xbd, 0x44, 0xbd, 0x42, 0xad, 0xc2, 0xac, 0x42, 0xad, 0xc2, 0xac
.byte 0x42, 0xad, 0x42, 0xad, 0x42, 0xad, 0x42, 0xad, 0x42, 0xad, 0xc2, 0xac, 0x42, 0xad, 0xc2, 0xac
.byte 0x42, 0x9d, 0xc2, 0x9c, 0xc4, 0x9c, 0xc2, 0x9c, 0xc2, 0x8c, 0xc2, 0x8c, 0xc2, 0x9c, 0xc2, 0x8c
.byte 0xc2, 0x9c, 0xc2, 0x9c, 0x42, 0x8c, 0xc2, 0x8c, 0x42, 0x8c, 0x42, 0x74, 0x42, 0x74, 0x42, 0x8c
.byte 0x40, 0x8c, 0xc2, 0x8c, 0xc2, 0x8c, 0xc0, 0x9c, 0xc2, 0x8c, 0xc2, 0x9c, 0xc2, 0x8c, 0x42, 0x8c
.byte 0x42, 0x74, 0xc2, 0x8c, 0xc2, 0x8c, 0xc2, 0x9c, 0xc2, 0x8c, 0x42, 0x8c, 0x42, 0x8c, 0x40, 0x74
.byte 0x42, 0x74, 0x40, 0x74, 0xa2, 0x73, 0xa2, 0x63, 0xa2, 0x63, 0xa0, 0x63, 0xa2, 0x53, 0xa2, 0x53
.byte 0xf1, 0xee, 0xf1, 0xee, 0xf1, 0xee, 0xf1, 0xee, 0x71, 0xde, 0xf1, 0xee, 0x6e, 0xde, 0xf1, 0xee
.byte 0xf1, 0xee, 0xf1, 0xee, 0x71, 0xee, 0xf1, 0xee, 0xf1, 0xee, 0xf1, 0xee, 0xf1, 0xee, 0xf1, 0xee
.byte 0x71, 0xde, 0xee, 0xee, 0x71, 0xde, 0x6e, 0xde, 0xf1, 0xee, 0x71, 0xde, 0xf1, 0xee, 0x71, 0xde
.byte 0xf1, 0xde, 0x71, 0xee, 0x6e, 0xde, 0xf1, 0xee, 0x71, 0xde, 0xf1, 0xee, 0x71, 0xde, 0xf1, 0xee
.byte 0x71, 0xee, 0xf1, 0xee, 0xf1, 0xee, 0xf1, 0xee, 0xf1, 0xee, 0xf1, 0xee, 0x71, 0xee, 0xf1, 0xee
.byte 0x71, 0xde, 0xf1, 0xee, 0xf1, 0xee, 0x71, 0xee, 0xf1, 0xde, 0xf1, 0xee, 0xf1, 0xee, 0x71, 0xde
.byte 0xf1, 0xee, 0xf1, 0xee, 0x71, 0xee, 0xf1, 0xde, 0xf1, 0xee, 0xf1, 0xee, 0x71, 0xde, 0xf1, 0xee
.byte 0xf1, 0xee, 0x71, 0xee, 0xf1, 0xde, 0xf1, 0xee, 0xf1, 0xde, 0xf1, 0xee, 0xf1, 0xee, 0xf1, 0xee
.byte 0xf3, 0xde, 0x71, 0xee, 0xf1, 0xde, 0x71, 0xde, 0xf1, 0xde, 0x71, 0xde, 0x6e, 0xde, 0x71, 0xde
.byte 0x6e, 0xde, 0x71, 0xde, 0xf1, 0xee, 0x71, 0xee, 0xf1, 0xde, 0xf1, 0xee, 0x6e, 0xde, 0xf1, 0xee
.byte 0x71, 0xde, 0xf1, 0xee, 0x71, 0xee, 0xee, 0xde, 0x71, 0xee, 0xf1, 0xee, 0x71, 0xde, 0xf1, 0xee
.byte 0xf1, 0xee, 0xf1, 0xee, 0xf1, 0xde, 0xf1, 0xee, 0xf1, 0xee, 0xf1, 0xee, 0x71, 0xee, 0xf1, 0xde
.byte 0xf1, 0xee, 0x71, 0xee, 0xf1, 0xee, 0xf1, 0xee, 0x71, 0xde, 0xf1, 0xee, 0xf1, 0xee, 0xf1, 0xee
.byte 0x71, 0xde, 0xf1, 0xee, 0xf1, 0xee, 0x71, 0xee, 0xf1, 0xee, 0xf1, 0xee, 0xf1, 0xee, 0xf1, 0xde
.byte 0x71, 0xee, 0xf1, 0xee, 0xf1, 0xee, 0xf1, 0xee, 0xf1, 0xee, 0xf1, 0xee, 0xf1, 0xee, 0xf1, 0xee
.byte 0xf1, 0xee, 0xf1, 0xee, 0xf1, 0xee, 0xf1, 0xee, 0xf1, 0xde, 0xf1, 0xee, 0xf1, 0xee, 0x71, 0xde
.byte 0xf1, 0xee, 0xf1, 0xee, 0x71, 0xee, 0xf1, 0xee, 0xf1, 0xee, 0x71, 0xde, 0xf1, 0xee, 0x71, 0xee
.byte 0xf1, 0xee, 0xf1, 0xee, 0xf3, 0xee, 0xf1, 0xee, 0xf1, 0xee, 0xf3, 0xee, 0xf1, 0xee, 0xf3, 0xee
.byte 0xf3, 0xee, 0xf3, 0xee, 0xf1, 0xee, 0xf1, 0xee, 0xf1, 0xee, 0xf1, 0xee, 0xf3, 0xee, 0xf1, 0xee
.byte 0xf1, 0xee, 0xf1, 0xee, 0xf1, 0xee, 0xf1, 0xee, 0xf1, 0xee, 0xf1, 0xee, 0xf1, 0xee, 0xf1, 0xde
.byte 0x6e, 0xde, 0xcc, 0xcd, 0xca, 0xad, 0xc6, 0x9c, 0xc4, 0x8c, 0x42, 0x8c, 0xc4, 0x9c, 0x42, 0x9d
.byte 0x42, 0xad, 0x44, 0xbd, 0x42, 0xbd, 0x42, 0xbd, 0x42, 0xbd, 0xc4, 0xbd, 0x42, 0xbd, 0xc2, 0xcd
.byte 0x44, 0xcd, 0xc2, 0xcd, 0xc4, 0xcd, 0xc2, 0xcd, 0x44, 0xcd, 0xc2, 0xbd, 0x42, 0xcd, 0xc4, 0xbd
.byte 0x42, 0xbd, 0x42, 0xbd, 0x42, 0xbd, 0x42, 0xad, 0xc2, 0xac, 0x44, 0xad, 0x42, 0xad, 0xc2, 0x9c
.byte 0x44, 0xad, 0xc2, 0xac, 0x42, 0xad, 0xc2, 0xac, 0x44, 0xad, 0xc2, 0xac, 0x42, 0xad, 0xc4, 0x9c
.byte 0xc2, 0x9c, 0xc2, 0x9c, 0xc2, 0x8c, 0xc2, 0x8c, 0xc2, 0x8c, 0xc2, 0x9c, 0xc2, 0x8c, 0xc2, 0x9c
.byte 0xc2, 0x8c, 0xc2, 0x9c, 0xc2, 0x8c, 0xc2, 0x8c, 0x42, 0x8c, 0x42, 0x74, 0x40, 0x74, 0x42, 0x74
.byte 0x42, 0x74, 0x42, 0x8c, 0x42, 0x74, 0x42, 0x8c, 0xc2, 0x8c, 0x42, 0x8c, 0x42, 0x8c, 0x40, 0x74
.byte 0x42, 0x74, 0x40, 0x74, 0x42, 0x8c, 0xc2, 0x8c, 0xc2, 0x8c, 0xc2, 0x8c, 0x42, 0x8c, 0x42, 0x74
.byte 0x42, 0x74, 0xa2, 0x63, 0x42, 0x64, 0xa0, 0x63, 0xa2, 0x63, 0xa2, 0x53, 0x20, 0x53, 0xa2, 0x53
.byte 0x73, 0xee, 0xf1, 0xee, 0xf1, 0xee, 0xf1, 0xee, 0x71, 0xde, 0xee, 0xee, 0x71, 0xde, 0xee, 0xde
.byte 0x71, 0xee, 0xf1, 0xde, 0xf1, 0xee, 0xf1, 0xee, 0x71, 0xee, 0xf1, 0xde, 0x71, 0xee, 0xf1, 0xde
.byte 0x71, 0xee, 0xf1, 0xee, 0x71, 0xde, 0xf1, 0xee, 0xf1, 0xde, 0x71, 0xee, 0xf1, 0xde, 0x71, 0xee
.byte 0xf1, 0xee, 0x71, 0xde, 0xf1, 0xde, 0x71, 0xee, 0x71, 0xde, 0x6e, 0xde, 0xf1, 0xee, 0x71, 0xee
.byte 0xf1, 0xde, 0xf1, 0xee, 0x71, 0xee, 0xf1, 0xee, 0x71, 0xde, 0xf1, 0xee, 0xf1, 0xee, 0xf1, 0xee
.byte 0xf1, 0xee, 0xf1, 0xee, 0x71, 0xee, 0xf1, 0xde, 0x71, 0xee, 0xf1, 0xde, 0x71, 0xee, 0xf1, 0xee
.byte 0x71, 0xee, 0xf1, 0xde, 0xf1, 0xee, 0xf1, 0xee, 0x71, 0xee, 0xf1, 0xee, 0xf1, 0xee, 0xf1, 0xee
.byte 0xf1, 0xee, 0xf1, 0xde, 0xf1, 0xee, 0x71, 0xee, 0xf1, 0xee, 0xf1, 0xee, 0xf1, 0xee, 0xf1, 0xee
.byte 0xf1, 0xee, 0xf1, 0xee, 0xf1, 0xee, 0xf1, 0xee, 0xf1, 0xde, 0x71, 0xee, 0xf1, 0xee, 0xf1, 0xee
.byte 0xf1, 0xde, 0xf1, 0xee, 0xf1, 0xee, 0xf1, 0xde, 0x71, 0xee, 0xf1, 0xee, 0x71, 0xde, 0xf1, 0xee
.byte 0x71, 0xde, 0xee, 0xee, 0x71, 0xde, 0xf1, 0xee, 0x71, 0xde, 0xf1, 0xde, 0xf1, 0xee, 0xf1, 0xee
.byte 0x71, 0xde, 0xf1, 0xee, 0x71, 0xee, 0xf1, 0xee, 0xf1, 0xee, 0x71, 0xde, 0xf1, 0xee, 0xf1, 0xee
.byte 0x71, 0xee, 0xf1, 0xde, 0xf1, 0xee, 0x71, 0xde, 0xf1, 0xee, 0x71, 0xee, 0xf1, 0xee, 0xf3, 0xee
.byte 0xf1, 0xee, 0xf1, 0xee, 0xf1, 0xee, 0xf1, 0xde, 0xf1, 0xee, 0x71, 0xee, 0xf1, 0xee, 0xf1, 0xee
.byte 0xf1, 0xee, 0xf1, 0xee, 0x71, 0xee, 0xf1, 0xee, 0xf1, 0xee, 0x71, 0xde, 0xf1, 0xee, 0xf1, 0xee
.byte 0xf1, 0xee, 0xf1, 0xee, 0x71, 0xde, 0xf1, 0xee, 0xf1, 0xee, 0xf1, 0xee, 0x71, 0xee, 0xf1, 0xee
.byte 0xf1, 0xee, 0xf1, 0xee, 0xf1, 0xee, 0xf1, 0xde, 0xf1, 0xee, 0xf1, 0xee, 0xf1, 0xee, 0xf1, 0xee
.byte 0xf1, 0xde, 0xf1, 0xee, 0xf1, 0xde, 0x71, 0xee, 0xf1, 0xee, 0xf3, 0xee, 0xf5, 0xee, 0xf5, 0xee
.byte 0xf5, 0xee, 0xf5, 0xee, 0xf3, 0xee, 0xf3, 0xee, 0xf1, 0xee, 0xf1, 0xee, 0xf1, 0xee, 0xf1, 0xee
.byte 0xf1, 0xee, 0xf3, 0xee, 0xf1, 0xee, 0xf1, 0xde, 0xf1, 0xee, 0xf1, 0xde, 0x71, 0xde, 0x6e, 0xde
.byte 0x6e, 0xce, 0xcc, 0xbd, 0x4a, 0x9d, 0xc6, 0x9c, 0xc4, 0x8c, 0xc4, 0x8c, 0x42, 0x8c, 0xc2, 0x9c
.byte 0x44, 0xad, 0xc2, 0xac, 0x42, 0xad, 0x42, 0xbd, 0x44, 0xbd, 0x42, 0xbd, 0x44, 0xbd, 0x44, 0xbd
.byte 0xc2, 0xbd, 0x42, 0xbd, 0xc4, 0xcd, 0x42, 0xcd, 0xc4, 0xbd, 0x42, 0xbd, 0x44, 0xbd, 0x42, 0xbd
.byte 0x42, 0xbd, 0x44, 0xbd, 0x42, 0xbd, 0x44, 0xad, 0xc2, 0xac, 0xc2, 0x9c, 0xc2, 0x9c, 0xc2, 0x9c
.byte 0xc2, 0x9c, 0xc2, 0x9c, 0xc2, 0x9c, 0x42, 0x9d, 0xc2, 0xac, 0x42, 0xad, 0x42, 0x9d, 0xc2, 0x9c
.byte 0xc2, 0x9c, 0xc2, 0x8c, 0xc2, 0x8c, 0xc2, 0x8c, 0xc2, 0x8c, 0x42, 0x8c, 0xc2, 0x8c, 0xc2, 0x8c
.byte 0xc2, 0x8c, 0xc2, 0x8c, 0xc2, 0x8c, 0x42, 0x8c, 0x42, 0x74, 0x42, 0x74, 0xa2, 0x73, 0x42, 0x74
.byte 0xa2, 0x63, 0x40, 0x64, 0x42, 0x74, 0x42, 0x8c, 0xc2, 0x8c, 0xc2, 0x9c, 0xc2, 0x8c, 0x42, 0x74
.byte 0x42, 0x74, 0x42, 0x74, 0x42, 0x74, 0x40, 0x8c, 0x42, 0x8c, 0x42, 0x74, 0x40, 0x74, 0x42, 0x74
.byte 0x42, 0x74, 0xa2, 0x63, 0xa0, 0x63, 0xa2, 0x53, 0xa2, 0x53, 0x20, 0x53, 0x22, 0x53, 0x20, 0x53
.byte 0xf1, 0xee, 0xf1, 0xee, 0x71, 0xee, 0xf1, 0xde, 0xf1, 0xee, 0xf1, 0xee, 0x71, 0xde, 0xf1, 0xee
.byte 0x71, 0xee, 0xf1, 0xee, 0x71, 0xde, 0xf1, 0xee, 0xf1, 0xde, 0xf1, 0xee, 0xf1, 0xee, 0xf1, 0xee
.byte 0xf1, 0xee, 0xf1, 0xde, 0x71, 0xee, 0xf1, 0xee, 0x71, 0xee, 0xf1, 0xee, 0xf1, 0xee, 0xf1, 0xee
.byte 0x71, 0xde, 0xf1, 0xee, 0x71, 0xee, 0xf1, 0xee, 0xf1, 0xde, 0x71, 0xee, 0xf1, 0xee, 0x71, 0xde
.byte 0xf1, 0xee, 0xf1, 0xee, 0xf1, 0xde, 0xf1, 0xee, 0xf1, 0xee, 0xf1, 0xee, 0x71, 0xee, 0xf1, 0xde
.byte 0x71, 0xee, 0xf1, 0xee, 0x6e, 0xde, 0xf1, 0xee, 0x71, 0xee, 0xf1, 0xee, 0xf1, 0xee, 0xf1, 0xee
.byte 0xf1, 0xde, 0x71, 0xee, 0xf1, 0xde, 0x71, 0xee, 0xf1, 0xee, 0xf1, 0xde, 0xf1, 0xee, 0xf1, 0xee
.byte 0x71, 0xee, 0xf1, 0xee, 0xf1, 0xee, 0xf1, 0xee, 0xf1, 0xee, 0x71, 0xde, 0xf1, 0xee, 0xf1, 0xee
.byte 0xf1, 0xee, 0xf1, 0xee, 0xf1, 0xde, 0xf1, 0xee, 0xf1, 0xee, 0xf1, 0xee, 0xf1, 0xde, 0xf1, 0xee
.byte 0xf1, 0xee, 0xf1, 0xde, 0x71, 0xee, 0xf1, 0xee, 0xf1, 0xee, 0x71, 0xde, 0xf1, 0xee, 0x6e, 0xee
.byte 0xf1, 0xde, 0x71, 0xee, 0xf1, 0xde, 0x71, 0xee, 0xf1, 0xee, 0x71, 0xee, 0xf1, 0xee, 0x71, 0xde
.byte 0xf1, 0xee, 0xf1, 0xee, 0xf1, 0xde, 0x71, 0xee, 0xf1, 0xde, 0xf1, 0xee, 0x71, 0xee, 0xf1, 0xee
.byte 0xf1, 0xde, 0x71, 0xee, 0xf1, 0xee, 0xf1, 0xee, 0x71, 0xee, 0xf1, 0xee, 0xf1, 0xde, 0x71, 0xee
.byte 0xf1, 0xee, 0xf1, 0xee, 0x73, 0xee, 0xf1, 0xee, 0xf1, 0xee, 0xf1, 0xde, 0xf1, 0xee, 0x71, 0xee
.byte 0xf1, 0xee, 0xf1, 0xee, 0xf1, 0xde, 0xf1, 0xee, 0xf1, 0xee, 0xf1, 0xee, 0xf1, 0xee, 0x71, 0xee
.byte 0xf1, 0xde, 0xf1, 0xee, 0xf1, 0xee, 0xf1, 0xee, 0xf1, 0xee, 0x71, 0xee, 0xf1, 0xde, 0xf1, 0xee
.byte 0x71, 0xee, 0xf1, 0xee, 0x71, 0xde, 0xf1, 0xee, 0x71, 0xee, 0xf1, 0xde, 0x71, 0xee, 0xf1, 0xde
.byte 0x73, 0xee, 0xf3, 0xee, 0xf3, 0xee, 0xf3, 0xee, 0x73, 0xde, 0xf3, 0xee, 0xf5, 0xee, 0xf7, 0xee
.byte 0xf5, 0xee, 0xf5, 0xee, 0xf3, 0xee, 0xf3, 0xee, 0xf3, 0xee, 0xf1, 0xee, 0xf3, 0xee, 0xf1, 0xee
.byte 0xf1, 0xee, 0xf1, 0xde, 0x6e, 0xde, 0x6e, 0xce, 0x6e, 0xce, 0x6e, 0xce, 0x6e, 0xce, 0x6c, 0xce
.byte 0xcc, 0xad, 0xca, 0xad, 0x48, 0x9d, 0xc8, 0x8c, 0xc4, 0x8c, 0xc4, 0x8c, 0xc4, 0x8c, 0xc2, 0x8c
.byte 0xc2, 0x9c, 0x44, 0xad, 0x42, 0xad, 0xc4, 0xac, 0x42, 0xad, 0x42, 0xbd, 0x42, 0xbd, 0x42, 0xbd
.byte 0x42, 0xbd, 0x44, 0xbd, 0x42, 0xbd, 0x44, 0xbd, 0x42, 0xbd, 0x42, 0xbd, 0x44, 0xbd, 0x42, 0xbd
.byte 0x44, 0xbd, 0x42, 0xad, 0x42, 0xad, 0xc2, 0xac, 0x42, 0xad, 0xc2, 0x9c, 0xc2, 0x9c, 0xc2, 0x8c
.byte 0xc2, 0x8c, 0xc2, 0x8c, 0xc2, 0x9c, 0xc2, 0x9c, 0xc2, 0x8c, 0xc2, 0x9c, 0xc2, 0x9c, 0xc2, 0x9c
.byte 0xc2, 0x8c, 0xc2, 0x8c, 0x42, 0x8c, 0xc2, 0x8c, 0xc2, 0x8c, 0xc2, 0x8c, 0xc2, 0x8c, 0xc2, 0x8c
.byte 0xc2, 0x8c, 0x42, 0x8c, 0x42, 0x74, 0x42, 0x74, 0x40, 0x74, 0x42, 0x74, 0x42, 0x64, 0xa2, 0x63
.byte 0xa0, 0x63, 0xa2, 0x63, 0xa2, 0x63, 0x40, 0x74, 0xc2, 0x8c, 0xc2, 0x8c, 0x40, 0x8c, 0x42, 0x74
.byte 0x40, 0x74, 0x42, 0x74, 0x42, 0x74, 0x42, 0x74, 0x42, 0x74, 0x42, 0x74, 0x42, 0x74, 0xa2, 0x63
.byte 0xa0, 0x63, 0xa2, 0x63, 0xa2, 0x53, 0xa0, 0x53, 0x22, 0x53, 0xa0, 0x53, 0x22, 0x53, 0x20, 0x43
.byte 0xf1, 0xde, 0xf1, 0xee, 0xf1, 0xee, 0xf1, 0xee, 0x71, 0xee, 0xf1, 0xde, 0x6e, 0xee, 0xf1, 0xde
.byte 0xf1, 0xee, 0x71, 0xde, 0xf1, 0xee, 0xf1, 0xee, 0x71, 0xee, 0xf1, 0xee, 0x71, 0xee, 0xf1, 0xde
.byte 0xf1, 0xee, 0x71, 0xee, 0xf1, 0xde, 0xf1, 0xee, 0xf1, 0xee, 0xf1, 0xde, 0x71, 0xee, 0xf1, 0xee
.byte 0xf1, 0xee, 0x71, 0xde, 0xf3, 0xee, 0xf1, 0xde, 0x71, 0xee, 0xf1, 0xee, 0xf1, 0xde, 0x71, 0xee
.byte 0xf1, 0xde, 0x71, 0xee, 0xf1, 0xee, 0x71, 0xee, 0xf1, 0xee, 0x6e, 0xde, 0xf1, 0xee, 0x71, 0xee
.byte 0xf1, 0xde, 0x71, 0xee, 0xf1, 0xee, 0xf1, 0xde, 0xf1, 0xee, 0xf1, 0xde, 0xf1, 0xee, 0x71, 0xde
.byte 0xf1, 0xee, 0x71, 0xee, 0xf1, 0xde, 0x6e, 0xee, 0xf1, 0xde, 0x71, 0xee, 0xf1, 0xde, 0x71, 0xee
.byte 0xf1, 0xde, 0xf1, 0xee, 0xf1, 0xee, 0x71, 0xde, 0xf1, 0xee, 0xf1, 0xee, 0xf1, 0xee, 0xf1, 0xde
.byte 0xf1, 0xee, 0x71, 0xee, 0xf1, 0xee, 0xf1, 0xee, 0xf1, 0xee, 0xf1, 0xee, 0xf1, 0xee, 0x71, 0xee
.byte 0xf1, 0xee, 0xf1, 0xee, 0xf1, 0xee, 0xf1, 0xee, 0x71, 0xde, 0xf1, 0xee, 0x71, 0xee, 0xf1, 0xde
.byte 0x71, 0xee, 0xf1, 0xde, 0x71, 0xee, 0xf1, 0xde, 0xf1, 0xee, 0xf1, 0xde, 0xf1, 0xee, 0xf1, 0xee
.byte 0x71, 0xee, 0xf1, 0xee, 0xf3, 0xee, 0xf1, 0xee, 0xf1, 0xee, 0x71, 0xee, 0xf1, 0xde, 0x71, 0xee
.byte 0xf1, 0xee, 0xf1, 0xee, 0x71, 0xee, 0xf1, 0xde, 0xf1, 0xee, 0xf1, 0xee, 0x71, 0xee, 0xf1, 0xee
.byte 0xf1, 0xee, 0x71, 0xde, 0xf1, 0xee, 0xf1, 0xee, 0x71, 0xee, 0xf1, 0xee, 0x71, 0xee, 0xf1, 0xee
.byte 0xf1, 0xde, 0x71, 0xee, 0xf1, 0xee, 0x71, 0xee, 0xf1, 0xde, 0x71, 0xee, 0xf1, 0xde, 0xf1, 0xee
.byte 0xf1, 0xee, 0x71, 0xee, 0xf1, 0xde, 0xf1, 0xee, 0x71, 0xde, 0xf1, 0xee, 0xf1, 0xee, 0x71, 0xee
.byte 0xf1, 0xde, 0x71, 0xee, 0xf1, 0xee, 0xf1, 0xde, 0x71, 0xee, 0xf1, 0xde, 0x71, 0xee, 0xf3, 0xee
.byte 0xf3, 0xde, 0xf5, 0xee, 0xf3, 0xde, 0xf3, 0xde, 0xf3, 0xee, 0xf3, 0xee, 0xf5, 0xde, 0xf7, 0xde
.byte 0xf5, 0xde, 0xf5, 0xee, 0xf5, 0xde, 0xf5, 0xee, 0xf3, 0xee, 0x71, 0xee, 0xf1, 0xee, 0xf1, 0xee
.byte 0xf1, 0xee, 0x6e, 0xde, 0x6e, 0xce, 0x6a, 0xae, 0xca, 0xbd, 0x6c, 0xbe, 0xcc, 0xbd, 0xcc, 0xad
.byte 0xc8, 0x9d, 0x48, 0x8d, 0xc8, 0x8d, 0x46, 0x75, 0xc6, 0x74, 0xc4, 0x74, 0x42, 0x74, 0xc4, 0x8c
.byte 0xc2, 0x8c, 0xc2, 0x9c, 0xc2, 0x9c, 0x42, 0xad, 0xc2, 0xac, 0x42, 0xad, 0x44, 0xbd, 0x42, 0xbd
.byte 0x44, 0xbd, 0x42, 0xbd, 0x44, 0xad, 0x42, 0xbd, 0x42, 0xbd, 0x44, 0xbd, 0x42, 0xbd, 0x44, 0xbd
.byte 0x42, 0xad, 0x42, 0xbd, 0x42, 0xad, 0xc2, 0xac, 0x42, 0x9d, 0xc2, 0x9c, 0xc2, 0x8c, 0x42, 0x8c
.byte 0xc2, 0x8c, 0xc2, 0x8c, 0x42, 0x8c, 0xc2, 0x8c, 0xc2, 0x9c, 0xc2, 0x9c, 0xc2, 0x9c, 0xc2, 0x8c
.byte 0xc2, 0x8c, 0x42, 0x8c, 0xc2, 0x8c, 0x42, 0x8c, 0xc2, 0x8c, 0x42, 0x8c, 0xc2, 0x8c, 0x42, 0x8c
.byte 0x42, 0x8c, 0x42, 0x74, 0x42, 0x74, 0x42, 0x74, 0xa2, 0x73, 0xa2, 0x63, 0xa0, 0x63, 0xa2, 0x63
.byte 0xa2, 0x53, 0xa0, 0x63, 0xa2, 0x63, 0x42, 0x8c, 0xc2, 0x8c, 0x42, 0x8c, 0xc2, 0x8c, 0x42, 0x8c
.byte 0x42, 0x74, 0xa2, 0x63, 0x40, 0x74, 0xa2, 0x63, 0x42, 0x74, 0xa2, 0x63, 0xa0, 0x63, 0xa2, 0x63
.byte 0xa2, 0x63, 0xa2, 0x63, 0x20, 0x53, 0x22, 0x53, 0x20, 0x43, 0x22, 0x53, 0x20, 0x43, 0x22, 0x53
.byte 0xf1, 0xee, 0x71, 0xee, 0xf1, 0xde, 0x71, 0xee, 0xf1, 0xde, 0x71, 0xee, 0xf1, 0xde, 0x71, 0xee
.byte 0xf1, 0xee, 0xf1, 0xee, 0xf1, 0xee, 0xf1, 0xee, 0xf3, 0xde, 0xf1, 0xee, 0xf1, 0xee, 0xf1, 0xee
.byte 0xf3, 0xee, 0xf1, 0xee, 0xf1, 0xee, 0xf3, 0xee, 0xf1, 0xee, 0xf1, 0xee, 0xf1, 0xee, 0xf1, 0xde
.byte 0xf1, 0xee, 0xf1, 0xee, 0xf1, 0xee, 0x71, 0xee, 0xf1, 0xee, 0xf1, 0xde, 0x71, 0xee, 0xf1, 0xee
.byte 0xf1, 0xee, 0xf1, 0xee, 0xf1, 0xde, 0x71, 0xee, 0xf1, 0xde, 0x71, 0xee, 0xf1, 0xde, 0x71, 0xde
.byte 0xee, 0xee, 0x71, 0xde, 0xf1, 0xde, 0x71, 0xee, 0xf1, 0xee, 0x71, 0xee, 0xf1, 0xee, 0xf1, 0xee
.byte 0x71, 0xee, 0xee, 0xde, 0x71, 0xee, 0x71, 0xde, 0x71, 0xde, 0x71, 0xee, 0x6e, 0xde, 0xf1, 0xee
.byte 0x71, 0xde, 0xf1, 0xee, 0x71, 0xde, 0xf1, 0xee, 0xf1, 0xee, 0x71, 0xee, 0xf1, 0xde, 0x71, 0xee
.byte 0xf1, 0xee, 0xf1, 0xee, 0xf1, 0xde, 0x71, 0xee, 0xf1, 0xde, 0xf1, 0xee, 0xf1, 0xee, 0xf1, 0xee
.byte 0xf1, 0xee, 0x71, 0xde, 0xf1, 0xee, 0x71, 0xde, 0xf1, 0xee, 0xf1, 0xee, 0xf1, 0xde, 0x71, 0xee
.byte 0xf1, 0xde, 0xf1, 0xee, 0xf1, 0xee, 0x71, 0xee, 0xf1, 0xee, 0xf1, 0xee, 0xf1, 0xee, 0xf3, 0xde
.byte 0xf1, 0xee, 0xf1, 0xee, 0x71, 0xee, 0xf1, 0xee, 0xf3, 0xee, 0xf1, 0xde, 0xf1, 0xee, 0xf1, 0xee
.byte 0xf1, 0xde, 0xf3, 0xee, 0xf1, 0xee, 0x71, 0xee, 0xf3, 0xee, 0x71, 0xde, 0xf1, 0xee, 0xf1, 0xee
.byte 0xf1, 0xee, 0xf1, 0xee, 0xf1, 0xee, 0x71, 0xde, 0xf1, 0xee, 0x71, 0xde, 0xf1, 0xee, 0xf1, 0xde
.byte 0x71, 0xee, 0xf1, 0xee, 0x71, 0xde, 0xf1, 0xee, 0x6e, 0xde, 0xf1, 0xee, 0x6e, 0xee, 0xf1, 0xde
.byte 0x71, 0xee, 0xf1, 0xde, 0x71, 0xee, 0x71, 0xee, 0xf1, 0xee, 0x71, 0xde, 0xf1, 0xee, 0x6e, 0xde
.byte 0xf1, 0xee, 0x71, 0xde, 0xf1, 0xee, 0x6e, 0xde, 0x71, 0xee, 0xf1, 0xde, 0x71, 0xee, 0xf1, 0xde
.byte 0xf5, 0xee, 0xf3, 0xde, 0xf3, 0xde, 0x73, 0xde, 0xf3, 0xde, 0xf5, 0xee, 0xf5, 0xde, 0xf3, 0xde
.byte 0x73, 0xde, 0xf5, 0xde, 0x75, 0xee, 0xf5, 0xde, 0xf3, 0xee, 0xf3, 0xee, 0xf1, 0xee, 0x71, 0xde
.byte 0xee, 0xde, 0x6e, 0xce, 0xcc, 0xad, 0xc8, 0x9d, 0xc8, 0x8d, 0xca, 0x9d, 0xca, 0xad, 0xc8, 0x9d
.byte 0x48, 0x8d, 0xc6, 0x75, 0x44, 0x65, 0x46, 0x65, 0xc4, 0x64, 0xc4, 0x64, 0x44, 0x74, 0x42, 0x8c
.byte 0xc2, 0x8c, 0xc2, 0x9c, 0xc2, 0x9c, 0x44, 0xad, 0xc2, 0xac, 0x42, 0xad, 0x42, 0xad, 0xc2, 0xac
.byte 0x42, 0xad, 0x42, 0xad, 0x42, 0xbd, 0x42, 0xad, 0x42, 0xad, 0x42, 0xbd, 0x42, 0xad, 0x42, 0xbd
.byte 0xc2, 0xac, 0x44, 0xad, 0xc2, 0xac, 0x42, 0xad, 0xc4, 0x9c, 0xc2, 0x9c, 0xc2, 0x8c, 0x42, 0x8c
.byte 0x42, 0x74, 0x40, 0x74, 0x42, 0x8c, 0xc2, 0x74, 0x42, 0x8c, 0xc2, 0x8c, 0xc2, 0x8c, 0xc2, 0x8c
.byte 0xc2, 0x8c, 0x42, 0x74, 0x42, 0x74, 0x42, 0x74, 0x42, 0x74, 0x42, 0x74, 0x40, 0x74, 0x42, 0x74
.byte 0x42, 0x74, 0x42, 0x74, 0x40, 0x74, 0xa2, 0x73, 0x40, 0x64, 0xa2, 0x63, 0xa2, 0x53, 0x20, 0x53
.byte 0xa2, 0x53, 0xa0, 0x53, 0xa2, 0x63, 0x42, 0x74, 0x42, 0x8c, 0x42, 0x8c, 0x42, 0x74, 0x40, 0x74
.byte 0x42, 0x74, 0xa0, 0x63, 0xa2, 0x63, 0xa2, 0x63, 0xa0, 0x63, 0xa2, 0x53, 0xa0, 0x63, 0x22, 0x53
.byte 0xa0, 0x53, 0x22, 0x53, 0x22, 0x53, 0x20, 0x53, 0x22, 0x53, 0x20, 0x43, 0x22, 0x53, 0xa2, 0x42
.byte 0x71, 0xee, 0xee, 0xde, 0x6e, 0xde, 0x71, 0xee, 0x6e, 0xde, 0xf1, 0xee, 0xf1, 0xee, 0xf1, 0xee
.byte 0xf1, 0xee, 0xf1, 0xde, 0xf1, 0xee, 0xf1, 0xee, 0xf1, 0xee, 0xf1, 0xee, 0xf1, 0xee, 0xf1, 0xee
.byte 0xf1, 0xee, 0xf1, 0xee, 0xf1, 0xee, 0xf1, 0xee, 0xf1, 0xee, 0xf1, 0xee, 0xf3, 0xee, 0xf1, 0xee
.byte 0xf1, 0xee, 0xf1, 0xee, 0xf1, 0xee, 0xf1, 0xee, 0xf3, 0xee, 0xf1, 0xee, 0xf1, 0xee, 0xf1, 0xee
.byte 0x71, 0xee, 0xf1, 0xde, 0xf1, 0xee, 0x71, 0xee, 0xf1, 0xde, 0x71, 0xee, 0x6e, 0xde, 0xf1, 0xee
.byte 0x71, 0xde, 0x71, 0xee, 0xf1, 0xee, 0xf1, 0xee, 0xf1, 0xee, 0xf1, 0xde, 0xf1, 0xee, 0x71, 0xde
.byte 0xf1, 0xee, 0x71, 0xde, 0xf1, 0xee, 0x6e, 0xde, 0xf1, 0xee, 0x6e, 0xde, 0x71, 0xde, 0x71, 0xee
.byte 0xee, 0xde, 0x71, 0xee, 0xf1, 0xde, 0x71, 0xee, 0xf1, 0xde, 0xf1, 0xee, 0xf1, 0xee, 0xf1, 0xee
.byte 0xf1, 0xee, 0x71, 0xde, 0x6e, 0xde, 0x71, 0xee, 0x71, 0xde, 0x71, 0xee, 0xee, 0xde, 0x71, 0xee
.byte 0x71, 0xde, 0xf1, 0xee, 0x6e, 0xee, 0xf1, 0xee, 0xf1, 0xde, 0x71, 0xee, 0xf1, 0xee, 0xf1, 0xee
.byte 0xf1, 0xee, 0xf1, 0xee, 0xf1, 0xee, 0xf1, 0xee, 0xf1, 0xde, 0x71, 0xee, 0xf1, 0xee, 0xf1, 0xee
.byte 0xf1, 0xee, 0xf1, 0xde, 0xf1, 0xee, 0xf1, 0xee, 0x71, 0xee, 0xf1, 0xee, 0xf3, 0xee, 0x71, 0xee
.byte 0xf1, 0xee, 0xf1, 0xee, 0xf1, 0xde, 0xf1, 0xee, 0xf1, 0xee, 0xf1, 0xee, 0xf1, 0xee, 0x71, 0xee
.byte 0xf1, 0xde, 0x71, 0xee, 0xf1, 0xee, 0xf1, 0xee, 0xf1, 0xee, 0xf1, 0xee, 0xf1, 0xee, 0x71, 0xee
.byte 0xf1, 0xee, 0x71, 0xde, 0xf1, 0xee, 0x6e, 0xde, 0xf1, 0xee, 0x71, 0xde, 0x71, 0xde, 0x71, 0xde
.byte 0x71, 0xee, 0xee, 0xde, 0x71, 0xee, 0xf1, 0xde, 0x6e, 0xde, 0xf1, 0xee, 0x71, 0xee, 0x71, 0xde
.byte 0xf1, 0xde, 0x6e, 0xee, 0xf1, 0xde, 0x71, 0xde, 0xee, 0xee, 0x71, 0xde, 0xf1, 0xde, 0x71, 0xee
.byte 0xf1, 0xde, 0xf1, 0xde, 0x71, 0xde, 0xf1, 0xde, 0xf3, 0xde, 0xf5, 0xde, 0xf5, 0xde, 0x73, 0xde
.byte 0xf1, 0xde, 0x73, 0xce, 0xf3, 0xde, 0xf3, 0xde, 0x71, 0xde, 0xf1, 0xde, 0x6e, 0xde, 0x6e, 0xce
.byte 0x6e, 0xce, 0x6a, 0xae, 0xc8, 0x9d, 0xc6, 0x8d, 0xc6, 0x8d, 0xc6, 0x8d, 0xc8, 0x8d, 0x46, 0x75
.byte 0xc6, 0x75, 0xc4, 0x65, 0x44, 0x65, 0x42, 0x55, 0xc4, 0x64, 0xc2, 0x64, 0x42, 0x74, 0xc2, 0x74
.byte 0xc2, 0x8c, 0xc2, 0x9c, 0xc2, 0x9c, 0x42, 0x9d, 0xc2, 0xac, 0x44, 0xad, 0xc2, 0xac, 0x42, 0xad
.byte 0x44, 0xad, 0xc2, 0xac, 0x42, 0xad, 0xc4, 0xac, 0x42, 0xad, 0xc4, 0xac, 0x42, 0xad, 0x44, 0xad
.byte 0x42, 0xad, 0xc2, 0xac, 0x42, 0x9d, 0xc2, 0x9c, 0xc2, 0x9c, 0xc2, 0x9c, 0xc2, 0x74, 0x42, 0x74
.byte 0xa2, 0x73, 0x42, 0x64, 0xa2, 0x73, 0x42, 0x74, 0x42, 0x74, 0x42, 0x8c, 0xc2, 0x8c, 0x42, 0x8c
.byte 0x42, 0x8c, 0x42, 0x74, 0x42, 0x74, 0x42, 0x74, 0x42, 0x74, 0x42, 0x74, 0xa2, 0x63, 0x42, 0x74
.byte 0x42, 0x74, 0x42, 0x64, 0xa2, 0x73, 0x42, 0x64, 0xa2, 0x63, 0xa2, 0x63, 0x20, 0x53, 0xa2, 0x53
.byte 0x20, 0x53, 0xa2, 0x53, 0xa2, 0x63, 0x40, 0x74, 0x42, 0x74, 0x42, 0x74, 0x42, 0x74, 0xa2, 0x73
.byte 0x42, 0x64, 0xa2, 0x63, 0xa2, 0x63, 0xa0, 0x53, 0xa2, 0x63, 0x22, 0x53, 0x22, 0x53, 0x22, 0x53
.byte 0x22, 0x53, 0xa2, 0x52, 0x22, 0x53, 0x22, 0x53, 0x22, 0x43, 0xa2, 0x52, 0x22, 0x53, 0xa2, 0x52
.byte 0x71, 0xde, 0xce, 0xdd, 0xce, 0xdd, 0x6e, 0xde, 0x6e, 0xde, 0xf1, 0xee, 0xf1, 0xde, 0xf1, 0xee
.byte 0xf1, 0xee, 0xf3, 0xee, 0xf1, 0xee, 0xf1, 0xee, 0xf3, 0xee, 0xf1, 0xee, 0xf1, 0xde, 0xf3, 0xee
.byte 0xf1, 0xee, 0xf1, 0xee, 0xf3, 0xee, 0xf1, 0xee, 0xf1, 0xee, 0xf1, 0xee, 0xf1, 0xee, 0xf1, 0xee
.byte 0xf3, 0xee, 0xf1, 0xee, 0xf1, 0xde, 0xf1, 0xee, 0xf1, 0xee, 0xf1, 0xee, 0xf1, 0xee, 0xf1, 0xee
.byte 0xf1, 0xee, 0xf1, 0xee, 0x71, 0xee, 0xf1, 0xde, 0x71, 0xee, 0xf1, 0xde, 0x71, 0xee, 0xf1, 0xde
.byte 0x6e, 0xee, 0xf1, 0xde, 0x71, 0xee, 0xf1, 0xde, 0x71, 0xee, 0xf1, 0xde, 0x71, 0xee, 0xf1, 0xee
.byte 0xf1, 0xde, 0x71, 0xee, 0xf1, 0xde, 0x71, 0xee, 0x71, 0xde, 0xf1, 0xde, 0x6e, 0xee, 0x71, 0xde
.byte 0xf1, 0xde, 0x71, 0xee, 0xf1, 0xee, 0xf1, 0xee, 0xf1, 0xee, 0x71, 0xee, 0xf1, 0xde, 0xf1, 0xee
.byte 0xf1, 0xee, 0x71, 0xde, 0xf1, 0xee, 0x6e, 0xde, 0x6e, 0xde, 0x6e, 0xde, 0x71, 0xde, 0x71, 0xde
.byte 0xee, 0xee, 0x71, 0xde, 0xf1, 0xee, 0x71, 0xde, 0xf1, 0xee, 0xf1, 0xee, 0xf1, 0xee, 0x71, 0xee
.byte 0xf1, 0xde, 0xf1, 0xee, 0xf1, 0xee, 0xf1, 0xee, 0xf1, 0xee, 0xf1, 0xee, 0xf1, 0xee, 0x71, 0xee
.byte 0xf1, 0xee, 0xf1, 0xee, 0xf3, 0xee, 0xf1, 0xde, 0xf1, 0xee, 0xf1, 0xee, 0xf1, 0xee, 0xf1, 0xde
.byte 0xf1, 0xee, 0x71, 0xee, 0xf1, 0xee, 0xf1, 0xee, 0xf1, 0xee, 0xf1, 0xee, 0x71, 0xde, 0xf1, 0xee
.byte 0xf1, 0xee, 0xf1, 0xee, 0xf1, 0xde, 0x71, 0xee, 0xf1, 0xee, 0xf1, 0xee, 0x71, 0xde, 0xf1, 0xee
.byte 0x71, 0xde, 0xf1, 0xee, 0xf1, 0xde, 0x71, 0xee, 0x71, 0xde, 0x71, 0xee, 0xee, 0xde, 0x71, 0xee
.byte 0xee, 0xde, 0x71, 0xde, 0x6e, 0xde, 0x71, 0xde, 0xf1, 0xee, 0x71, 0xde, 0x6e, 0xde, 0xf1, 0xde
.byte 0x6e, 0xee, 0x71, 0xde, 0x71, 0xde, 0x6e, 0xee, 0x71, 0xde, 0x6e, 0xee, 0x71, 0xde, 0xf1, 0xee
.byte 0x71, 0xde, 0x71, 0xde, 0xf1, 0xde, 0x71, 0xde, 0xf3, 0xde, 0xf3, 0xde, 0xf1, 0xde, 0x6e, 0xce
.byte 0xee, 0xce, 0x6e, 0xce, 0x71, 0xce, 0x71, 0xce, 0x71, 0xde, 0x6e, 0xce, 0x6e, 0xbe, 0xca, 0xbd
.byte 0xca, 0x9d, 0xc8, 0x9d, 0xc6, 0x8d, 0x66, 0x76, 0x64, 0x76, 0xc6, 0x75, 0xc4, 0x75, 0xc6, 0x65
.byte 0xc4, 0x65, 0xc4, 0x55, 0xc4, 0x55, 0x44, 0x55, 0x42, 0x55, 0x44, 0x64, 0xc2, 0x74, 0x42, 0x8c
.byte 0xc4, 0x8c, 0xc2, 0x9c, 0xc2, 0x9c, 0xc2, 0x9c, 0x42, 0xad, 0x42, 0xad, 0xc2, 0xac, 0x42, 0xad
.byte 0xc2, 0xac, 0x42, 0xad, 0x42, 0xad, 0xc2, 0x9c, 0x42, 0xad, 0xc2, 0x9c, 0x42, 0x9d, 0xc2, 0x9c
.byte 0xc2, 0x9c, 0xc2, 0x9c, 0xc2, 0x9c, 0xc2, 0x9c, 0xc2, 0x9c, 0xc2, 0x8c, 0x42, 0x8c, 0x42, 0x74
.byte 0x42, 0x64, 0xa2, 0x63, 0x40, 0x64, 0x42, 0x74, 0x42, 0x74, 0x42, 0x74, 0x42, 0x74, 0x42, 0x74
.byte 0x40, 0x74, 0x42, 0x74, 0x42, 0x74, 0x42, 0x74, 0xa0, 0x63, 0xa2, 0x63, 0xa2, 0x63, 0xa0, 0x63
.byte 0xa2, 0x63, 0xa2, 0x63, 0xa2, 0x63, 0xa0, 0x63, 0xa2, 0x63, 0xa0, 0x53, 0xa2, 0x53, 0x20, 0x53
.byte 0x22, 0x53, 0x20, 0x53, 0xa2, 0x63, 0xa2, 0x63, 0x42, 0x74, 0xa0, 0x63, 0x42, 0x74, 0xa2, 0x63
.byte 0xa0, 0x63, 0xa2, 0x63, 0xa0, 0x53, 0xa2, 0x63, 0x22, 0x53, 0xa0, 0x53, 0x22, 0x53, 0x22, 0x53
.byte 0xa2, 0x52, 0x22, 0x63, 0xa2, 0x52, 0x22, 0x53, 0xa2, 0x52, 0x22, 0x53, 0xa2, 0x62, 0xa4, 0x52
.byte 0xce, 0xdd, 0x4c, 0xcd, 0xca, 0xcc, 0xcc, 0xcc, 0xce, 0xdd, 0x71, 0xee, 0xf1, 0xee, 0xf1, 0xee
.byte 0xf1, 0xee, 0xf1, 0xee, 0xf1, 0xee, 0xf1, 0xee, 0xf1, 0xee, 0xf1, 0xee, 0xf1, 0xee, 0xf1, 0xee
.byte 0xf1, 0xde, 0xf1, 0xee, 0xf1, 0xee, 0xf1, 0xee, 0xf3, 0xee, 0xf1, 0xee, 0xf1, 0xee, 0xf1, 0xee
.byte 0xf1, 0xee, 0xf1, 0xee, 0xf3, 0xee, 0xf1, 0xee, 0xf1, 0xee, 0xf1, 0xde, 0xf3, 0xee, 0xf1, 0xee
.byte 0xf1, 0xee, 0xf1, 0xde, 0xf1, 0xee, 0xf1, 0xee, 0x71, 0xee, 0xf1, 0xde, 0x71, 0xee, 0xf1, 0xde
.byte 0x71, 0xee, 0xf1, 0xde, 0x71, 0xee, 0xee, 0xde, 0x71, 0xee, 0x71, 0xde, 0xf1, 0xee, 0xf1, 0xde
.byte 0x71, 0xee, 0xf1, 0xee, 0xf1, 0xee, 0x71, 0xee, 0xf1, 0xde, 0x6e, 0xee, 0xf1, 0xee, 0x71, 0xde
.byte 0xee, 0xee, 0x71, 0xee, 0xf1, 0xee, 0xf1, 0xde, 0xf1, 0xee, 0xf1, 0xee, 0xf1, 0xee, 0x71, 0xee
.byte 0xf1, 0xde, 0x71, 0xee, 0x6e, 0xde, 0x6e, 0xde, 0x6e, 0xde, 0x71, 0xde, 0x6e, 0xde, 0x6e, 0xde
.byte 0x71, 0xee, 0xf1, 0xde, 0x71, 0xee, 0xf1, 0xee, 0xf1, 0xee, 0x71, 0xde, 0xf1, 0xee, 0xf1, 0xee
.byte 0xf1, 0xee, 0x71, 0xee, 0xf1, 0xde, 0xf1, 0xee, 0xf1, 0xee, 0xf1, 0xee, 0xf1, 0xde, 0xf1, 0xee
.byte 0xf1, 0xee, 0xf1, 0xee, 0xf1, 0xee, 0xf1, 0xee, 0xf1, 0xee, 0xf1, 0xee, 0xf1, 0xee, 0xf1, 0xee
.byte 0xf1, 0xee, 0xf1, 0xee, 0xf3, 0xee, 0xf1, 0xee, 0x71, 0xde, 0xf1, 0xee, 0xf1, 0xee, 0xf1, 0xee
.byte 0x71, 0xde, 0xf1, 0xee, 0x71, 0xee, 0xf1, 0xee, 0xf1, 0xde, 0x71, 0xee, 0xf1, 0xee, 0xf1, 0xee
.byte 0xf1, 0xee, 0x71, 0xde, 0xf1, 0xee, 0x71, 0xee, 0xf1, 0xde, 0xf1, 0xee, 0x71, 0xde, 0xf1, 0xee
.byte 0x71, 0xde, 0x6e, 0xee, 0xf1, 0xde, 0x6e, 0xee, 0x71, 0xde, 0x6e, 0xee, 0xf1, 0xde, 0x71, 0xee
.byte 0x71, 0xde, 0x6e, 0xee, 0xf1, 0xde, 0x71, 0xde, 0x71, 0xde, 0xf1, 0xde, 0x71, 0xde, 0x71, 0xde
.byte 0x71, 0xde, 0x71, 0xde, 0xf1, 0xde, 0x73, 0xee, 0xf3, 0xde, 0x71, 0xde, 0x71, 0xce, 0x6e, 0xde
.byte 0x6c, 0xce, 0x6e, 0xce, 0x6c, 0xce, 0x6e, 0xce, 0x6e, 0xce, 0x6e, 0xbe, 0xce, 0xbd, 0xca, 0x9d
.byte 0xc8, 0x8d, 0xc6, 0x8d, 0xc6, 0x75, 0x64, 0x8e, 0x66, 0x76, 0x64, 0x76, 0xc4, 0x75, 0x64, 0x66
.byte 0xc4, 0x65, 0xc2, 0x55, 0xc4, 0x65, 0x42, 0x55, 0xc2, 0x64, 0xc2, 0x64, 0x42, 0x74, 0xc2, 0x8c
.byte 0xc2, 0x8c, 0xc2, 0x8c, 0xc2, 0x9c, 0xc4, 0x9c, 0xc2, 0x9c, 0xc2, 0x9c, 0x42, 0x9d, 0xc2, 0x9c
.byte 0xc2, 0x9c, 0xc2, 0x9c, 0xc2, 0x9c, 0xc2, 0x9c, 0xc2, 0x9c, 0xc2, 0x9c, 0xc2, 0x9c, 0xc2, 0x9c
.byte 0xc2, 0x8c, 0xc2, 0x8c, 0xc2, 0x8c, 0xc2, 0x8c, 0xc2, 0x8c, 0x42, 0x8c, 0x42, 0x74, 0xa0, 0x63
.byte 0xa2, 0x63, 0xa0, 0x63, 0xa2, 0x53, 0xa2, 0x63, 0x42, 0x74, 0x40, 0x64, 0xa2, 0x73, 0x42, 0x64
.byte 0x42, 0x74, 0xa2, 0x73, 0x40, 0x64, 0xa2, 0x63, 0xa2, 0x63, 0xa2, 0x63, 0xa0, 0x53, 0xa2, 0x63
.byte 0xa2, 0x63, 0xa0, 0x63, 0xa2, 0x53, 0xa2, 0x53, 0xa2, 0x63, 0x20, 0x53, 0x22, 0x53, 0x20, 0x43
.byte 0x22, 0x53, 0x20, 0x53, 0x22, 0x53, 0xa0, 0x63, 0xa2, 0x63, 0x42, 0x74, 0xa2, 0x63, 0xa0, 0x63
.byte 0xa2, 0x53, 0xa0, 0x63, 0xa2, 0x53, 0x22, 0x53, 0xa0, 0x53, 0x22, 0x53, 0x20, 0x53, 0x22, 0x63
.byte 0xa4, 0x62, 0xa4, 0x72, 0x22, 0x63, 0xa2, 0x62, 0xa2, 0x52, 0xa4, 0x62, 0xa4, 0x62, 0xa4, 0x72
.byte 0x4c, 0xcd, 0xc8, 0xcc, 0x48, 0xbc, 0xca, 0xcc, 0xcc, 0xcd, 0x71, 0xde, 0xf1, 0xee, 0xf1, 0xee
.byte 0xf3, 0xee, 0xf1, 0xee, 0xf1, 0xde, 0xf3, 0xee, 0xf1, 0xee, 0xf1, 0xee, 0xf3, 0xee, 0xf1, 0xee
.byte 0xf1, 0xee, 0xf3, 0xee, 0xf1, 0xee, 0xf1, 0xde, 0xf1, 0xee, 0xf1, 0xee, 0xf3, 0xee, 0xf1, 0xee
.byte 0xf1, 0xee, 0xf1, 0xee, 0xf1, 0xee, 0xf1, 0xee, 0xf3, 0xee, 0xf1, 0xee, 0xf1, 0xee, 0xf1, 0xde
.byte 0x71, 0xee, 0xf3, 0xee, 0xf1, 0xee, 0xf1, 0xde, 0xf1, 0xee, 0xf1, 0xee, 0xf1, 0xee, 0x71, 0xee
.byte 0xf1, 0xee, 0x71, 0xde, 0xf1, 0xee, 0x71, 0xde, 0xf1, 0xee, 0xf1, 0xee, 0x71, 0xee, 0xf1, 0xee
.byte 0xf1, 0xee, 0xf1, 0xee, 0xf1, 0xde, 0xf1, 0xee, 0xf1, 0xee, 0xf1, 0xde, 0x71, 0xee, 0xee, 0xde
.byte 0x71, 0xee, 0xf1, 0xde, 0x71, 0xde, 0xf1, 0xee, 0x71, 0xee, 0xf1, 0xde, 0x71, 0xee, 0xee, 0xde
.byte 0x71, 0xee, 0x6e, 0xde, 0xf1, 0xde, 0x6e, 0xde, 0x6e, 0xde, 0x6e, 0xde, 0x6e, 0xde, 0x71, 0xee
.byte 0xee, 0xde, 0x71, 0xde, 0xf1, 0xee, 0xf1, 0xde, 0x71, 0xee, 0xf1, 0xee, 0xf1, 0xee, 0x71, 0xde
.byte 0x71, 0xde, 0x6e, 0xde, 0x71, 0xee, 0x71, 0xde, 0xf1, 0xee, 0x71, 0xee, 0xf1, 0xee, 0xf1, 0xee
.byte 0x73, 0xde, 0xf1, 0xee, 0x71, 0xee, 0xf1, 0xee, 0xf3, 0xee, 0xf1, 0xde, 0xf1, 0xee, 0xf3, 0xee
.byte 0xf1, 0xee, 0xf1, 0xde, 0xf1, 0xee, 0xf1, 0xee, 0xf3, 0xee, 0xf1, 0xee, 0x71, 0xee, 0xf1, 0xde
.byte 0xf1, 0xee, 0x71, 0xee, 0xf1, 0xee, 0xf1, 0xde, 0x71, 0xee, 0xf1, 0xee, 0xf1, 0xde, 0x71, 0xee
.byte 0x71, 0xde, 0xf1, 0xee, 0x71, 0xee, 0xf1, 0xde, 0xf1, 0xee, 0x71, 0xee, 0xf3, 0xee, 0xf1, 0xde
.byte 0x73, 0xee, 0xf1, 0xee, 0x71, 0xde, 0x71, 0xde, 0xee, 0xde, 0x71, 0xde, 0xee, 0xee, 0x71, 0xde
.byte 0xee, 0xde, 0x71, 0xde, 0x71, 0xee, 0x71, 0xde, 0xf3, 0xde, 0x73, 0xee, 0xf3, 0xde, 0x73, 0xee
.byte 0xf1, 0xde, 0x71, 0xee, 0xf3, 0xee, 0xf3, 0xde, 0x73, 0xde, 0xf1, 0xde, 0x6e, 0xce, 0x6c, 0xce
.byte 0x6e, 0xce, 0x6e, 0xce, 0x6e, 0xce, 0x6e, 0xce, 0x71, 0xbe, 0xd1, 0xbd, 0x6e, 0xae, 0xca, 0x9d
.byte 0xc8, 0x8d, 0x66, 0x8e, 0x66, 0x76, 0x64, 0x76, 0x64, 0x76, 0x64, 0x66, 0x64, 0x66, 0xc4, 0x65
.byte 0x64, 0x56, 0xc4, 0x65, 0x64, 0x56, 0x42, 0x55, 0xc4, 0x64, 0x42, 0x64, 0xc2, 0x74, 0x42, 0x8c
.byte 0xc2, 0x8c, 0xc2, 0x8c, 0xc2, 0x8c, 0xc2, 0x9c, 0xc2, 0x9c, 0xc2, 0x9c, 0xc2, 0x9c, 0xc4, 0x8c
.byte 0xc2, 0x9c, 0xc2, 0x9c, 0xc2, 0x8c, 0xc2, 0x9c, 0xc2, 0x8c, 0xc2, 0x9c, 0xc2, 0x8c, 0xc2, 0x8c
.byte 0x42, 0x8c, 0xc2, 0x8c, 0x42, 0x74, 0x42, 0x8c, 0x42, 0x74, 0x42, 0x74, 0x42, 0x74, 0x42, 0x64
.byte 0xa2, 0x63, 0x22, 0x53, 0xa2, 0x63, 0xa0, 0x63, 0xa2, 0x63, 0xa2, 0x63, 0xa2, 0x63, 0xa2, 0x63
.byte 0xa2, 0x63, 0xa0, 0x63, 0xa2, 0x63, 0xa2, 0x63, 0xa0, 0x53, 0x22, 0x53, 0x20, 0x53, 0x22, 0x53
.byte 0x20, 0x53, 0x22, 0x53, 0x20, 0x53, 0x22, 0x53, 0x20, 0x43, 0x22, 0x53, 0x22, 0x53, 0xa2, 0x52
.byte 0x22, 0x53, 0xa2, 0x52, 0x22, 0x53, 0xa2, 0x63, 0xa2, 0x63, 0xa2, 0x63, 0xa0, 0x63, 0xa2, 0x63
.byte 0xa2, 0x63, 0x22, 0x53, 0x22, 0x63, 0xa0, 0x53, 0x22, 0x53, 0x22, 0x53, 0x22, 0x53, 0x22, 0x63
.byte 0x24, 0x73, 0x24, 0x73, 0xa4, 0x72, 0xa4, 0x72, 0x24, 0x73, 0xa4, 0x8a, 0x24, 0x8b, 0xa4, 0x72
.byte 0x4a, 0xcc, 0xa8, 0xbb, 0xa8, 0xbb, 0x48, 0xcc, 0x4c, 0xcd, 0x6e, 0xee, 0xf1, 0xee, 0xf1, 0xee
.byte 0xf1, 0xee, 0xf1, 0xee, 0xf1, 0xee, 0xf1, 0xee, 0xf1, 0xee, 0xf1, 0xee, 0xf1, 0xee, 0xf1, 0xee
.byte 0xf1, 0xee, 0xf1, 0xee, 0xf1, 0xee, 0xf1, 0xee, 0xf3, 0xee, 0xf1, 0xee, 0xf1, 0xde, 0xf1, 0xee
.byte 0xf3, 0xee, 0xf1, 0xee, 0xf1, 0xee, 0xf1, 0xee, 0xf1, 0xee, 0xf1, 0xee, 0xf1, 0xee, 0xf1, 0xee
.byte 0xf1, 0xee, 0xf1, 0xee, 0x71, 0xee, 0xf1, 0xee, 0xf1, 0xee, 0xf1, 0xee, 0xf1, 0xde, 0xf1, 0xee
.byte 0xf1, 0xde, 0x71, 0xee, 0xee, 0xde, 0x71, 0xee, 0xf1, 0xde, 0x71, 0xee, 0xf1, 0xde, 0xf1, 0xee
.byte 0xf1, 0xee, 0xf1, 0xee, 0xf1, 0xee, 0x71, 0xee, 0xf1, 0xde, 0x71, 0xee, 0x6e, 0xde, 0xf1, 0xde
.byte 0x6e, 0xee, 0x71, 0xde, 0xee, 0xee, 0x71, 0xee, 0xf1, 0xde, 0x71, 0xee, 0xf1, 0xde, 0x71, 0xee
.byte 0xf1, 0xde, 0x71, 0xee, 0x71, 0xde, 0x71, 0xee, 0xf1, 0xde, 0x71, 0xee, 0x71, 0xee, 0xf1, 0xde
.byte 0xf1, 0xee, 0x71, 0xee, 0xf1, 0xee, 0x71, 0xee, 0xf1, 0xde, 0xf1, 0xee, 0x71, 0xde, 0xee, 0xee
.byte 0x6e, 0xde, 0x6e, 0xde, 0x71, 0xde, 0x6e, 0xde, 0x71, 0xee, 0xf1, 0xde, 0x71, 0xee, 0xf1, 0xee
.byte 0xf1, 0xee, 0xf1, 0xee, 0xf1, 0xde, 0xf1, 0xee, 0xf1, 0xee, 0xf1, 0xee, 0x71, 0xee, 0xf1, 0xee
.byte 0xf1, 0xee, 0xf1, 0xee, 0xf1, 0xee, 0xf1, 0xee, 0xf1, 0xee, 0xf1, 0xde, 0xf1, 0xee, 0xf1, 0xee
.byte 0x71, 0xee, 0xee, 0xde, 0x71, 0xee, 0xf1, 0xde, 0x71, 0xee, 0xf1, 0xde, 0x71, 0xee, 0xf1, 0xee
.byte 0xf3, 0xee, 0xf1, 0xee, 0xf3, 0xde, 0x71, 0xee, 0xf3, 0xee, 0xf3, 0xee, 0xf3, 0xee, 0xf5, 0xee
.byte 0xf3, 0xee, 0xf3, 0xde, 0x71, 0xde, 0xee, 0xde, 0x71, 0xde, 0x71, 0xde, 0xf1, 0xee, 0x71, 0xde
.byte 0xf1, 0xee, 0x71, 0xee, 0xf1, 0xde, 0xf3, 0xee, 0xf5, 0xee, 0xf7, 0xee, 0xf5, 0xde, 0xf3, 0xee
.byte 0xf3, 0xde, 0xf3, 0xde, 0xf5, 0xde, 0xf5, 0xde, 0xf3, 0xde, 0x71, 0xce, 0x6e, 0xde, 0x6e, 0xce
.byte 0x71, 0xde, 0x71, 0xce, 0x6e, 0xce, 0x71, 0xbe, 0x71, 0xbe, 0x71, 0xbe, 0xce, 0xad, 0xce, 0xad
.byte 0x6a, 0x9e, 0xca, 0x9d, 0x68, 0x8e, 0x66, 0x76, 0x64, 0x76, 0x64, 0x66, 0x64, 0x66, 0xc4, 0x55
.byte 0x62, 0x66, 0xc4, 0x55, 0xc2, 0x55, 0x44, 0x65, 0x42, 0x55, 0x42, 0x64, 0x42, 0x74, 0x42, 0x74
.byte 0xc2, 0x8c, 0xc2, 0x8c, 0xc2, 0x8c, 0xc2, 0x8c, 0xc2, 0x8c, 0xc2, 0x8c, 0x42, 0x9c, 0xc2, 0x8c
.byte 0xc2, 0x8c, 0xc2, 0x8c, 0xc2, 0x8c, 0xc2, 0x8c, 0xc2, 0x8c, 0xc2, 0x8c, 0x42, 0x8c, 0xc2, 0x8c
.byte 0x42, 0x8c, 0x42, 0x74, 0x42, 0x74, 0x40, 0x74, 0x42, 0x74, 0x42, 0x74, 0xa0, 0x73, 0xa2, 0x63
.byte 0xa0, 0x63, 0xa2, 0x53, 0xa0, 0x53, 0x22, 0x63, 0xa2, 0x53, 0xa0, 0x63, 0x22, 0x53, 0xa0, 0x53
.byte 0x22, 0x63, 0xa2, 0x53, 0xa2, 0x53, 0x20, 0x53, 0x22, 0x53, 0x22, 0x53, 0x22, 0x53, 0x22, 0x53
.byte 0x22, 0x53, 0x22, 0x53, 0xa2, 0x52, 0x22, 0x53, 0x22, 0x53, 0xa2, 0x52, 0x22, 0x53, 0xa2, 0x52
.byte 0x24, 0x63, 0xa2, 0x52, 0x22, 0x63, 0x22, 0x53, 0x22, 0x63, 0x22, 0x63, 0xa2, 0x63, 0x22, 0x53
.byte 0x22, 0x53, 0x22, 0x53, 0xa2, 0x52, 0x22, 0x63, 0x22, 0x53, 0x20, 0x53, 0x22, 0x53, 0x24, 0x63
.byte 0x24, 0x8b, 0x26, 0x9b, 0x26, 0x8b, 0x26, 0x8b, 0x26, 0x8b, 0x26, 0x9b, 0x26, 0x8b, 0xa6, 0x9a
.byte 0x48, 0xbc, 0xa6, 0xcb, 0xa8, 0xbb, 0xca, 0xcc, 0xce, 0xdd, 0x71, 0xde, 0xf1, 0xee, 0xf1, 0xee
.byte 0xf1, 0xee, 0xf3, 0xee, 0xf1, 0xee, 0xf1, 0xee, 0xf3, 0xee, 0xf1, 0xee, 0xf1, 0xee, 0xf3, 0xee
.byte 0xf1, 0xee, 0xf1, 0xee, 0xf3, 0xee, 0xf1, 0xee, 0xf1, 0xee, 0xf1, 0xee, 0xf1, 0xee, 0xf1, 0xee
.byte 0xf1, 0xee, 0xf1, 0xee, 0xf3, 0xee, 0xf1, 0xee, 0x71, 0xde, 0xf1, 0xee, 0xf1, 0xee, 0xf1, 0xee
.byte 0xf1, 0xee, 0xf1, 0xee, 0xf1, 0xee, 0xf1, 0xee, 0xf1, 0xee, 0x71, 0xee, 0xf1, 0xee, 0xf1, 0xee
.byte 0xf1, 0xee, 0x71, 0xee, 0xf1, 0xde, 0x71, 0xee, 0x6e, 0xde, 0xf1, 0xee, 0x6e, 0xee, 0xf1, 0xde
.byte 0xf1, 0xee, 0x71, 0xee, 0xee, 0xde, 0xf1, 0xee, 0x71, 0xde, 0x6e, 0xee, 0xf1, 0xde, 0x71, 0xee
.byte 0x6e, 0xde, 0xf1, 0xde, 0x71, 0xee, 0xf1, 0xde, 0x71, 0xde, 0xf1, 0xee, 0x71, 0xde, 0x71, 0xee
.byte 0x71, 0xde, 0xf1, 0xee, 0x71, 0xde, 0xf1, 0xee, 0x71, 0xde, 0xf1, 0xee, 0xf1, 0xde, 0xf1, 0xee
.byte 0x71, 0xee, 0xf1, 0xee, 0xf1, 0xde, 0xf1, 0xee, 0x71, 0xee, 0xf1, 0xde, 0x71, 0xee, 0x6e, 0xde
.byte 0x71, 0xde, 0x6e, 0xde, 0x6e, 0xde, 0x6e, 0xde, 0x71, 0xde, 0xf1, 0xee, 0xf1, 0xee, 0xf1, 0xee
.byte 0x71, 0xee, 0xf1, 0xee, 0x71, 0xee, 0xf1, 0xee, 0xf1, 0xee, 0xf1, 0xee, 0xf1, 0xee, 0xf1, 0xee
.byte 0xf1, 0xee, 0xf1, 0xee, 0x71, 0xee, 0xf1, 0xee, 0xf1, 0xee, 0x71, 0xee, 0xf1, 0xee, 0xf1, 0xee
.byte 0x71, 0xde, 0xf1, 0xee, 0x71, 0xde, 0xf1, 0xee, 0x71, 0xee, 0xf1, 0xee, 0xf3, 0xde, 0xf3, 0xee
.byte 0xf5, 0xee, 0xf5, 0xee, 0xf3, 0xee, 0xf3, 0xee, 0xf3, 0xee, 0xf5, 0xee, 0xf5, 0xee, 0xf7, 0xee
.byte 0x73, 0xee, 0x71, 0xde, 0x6e, 0xce, 0xcc, 0xbd, 0x6e, 0xce, 0x6e, 0xde, 0xf1, 0xde, 0xf1, 0xee
.byte 0xf1, 0xee, 0xf1, 0xde, 0xf3, 0xee, 0xf5, 0xee, 0x77, 0xef, 0x79, 0xef, 0xf7, 0xee, 0xf7, 0xde
.byte 0xf5, 0xee, 0xf5, 0xde, 0xf5, 0xde, 0x73, 0xce, 0x71, 0xce, 0x6e, 0xce, 0x6e, 0xce, 0x6e, 0xce
.byte 0x71, 0xce, 0x73, 0xce, 0x73, 0xce, 0x6e, 0xbe, 0x6e, 0xae, 0xce, 0x9d, 0x6e, 0xae, 0xce, 0xad
.byte 0xd1, 0xad, 0x6e, 0xae, 0x6a, 0x9e, 0x66, 0x76, 0x64, 0x66, 0xc4, 0x65, 0x62, 0x56, 0xc4, 0x65
.byte 0x64, 0x56, 0xc2, 0x55, 0xc4, 0x65, 0xc4, 0x55, 0xc2, 0x54, 0x42, 0x64, 0x42, 0x64, 0x42, 0x74
.byte 0x42, 0x74, 0x42, 0x8c, 0xc2, 0x8c, 0x42, 0x8c, 0xc2, 0x8c, 0xc2, 0x8c, 0xc2, 0x8c, 0xc2, 0x8c
.byte 0x42, 0x8c, 0xc2, 0x8c, 0x42, 0x74, 0x42, 0x8c, 0x42, 0x74, 0x42, 0x8c, 0xc2, 0x74, 0x42, 0x74
.byte 0x40, 0x74, 0x42, 0x74, 0x42, 0x74, 0x42, 0x74, 0xa2, 0x73, 0x42, 0x64, 0xa2, 0x63, 0xa2, 0x63
.byte 0xa2, 0x53, 0x20, 0x53, 0x22, 0x53, 0xa2, 0x53, 0x20, 0x53, 0x22, 0x53, 0x22, 0x53, 0x22, 0x53
.byte 0x20, 0x53, 0x22, 0x53, 0x20, 0x53, 0x22, 0x53, 0x22, 0x53, 0x22, 0x63, 0x24, 0x63, 0x24, 0x63
.byte 0xa2, 0x52, 0x22, 0x63, 0xa4, 0x62, 0x22, 0x63, 0xa4, 0x62, 0x22, 0x63, 0x24, 0x63, 0xa4, 0x72
.byte 0xa4, 0x72, 0xa4, 0x62, 0x22, 0x63, 0x22, 0x63, 0x22, 0x63, 0x22, 0x63, 0x22, 0x63, 0x22, 0x53
.byte 0x22, 0x63, 0xa2, 0x62, 0x22, 0x63, 0x22, 0x53, 0x22, 0x53, 0x22, 0x53, 0x22, 0x63, 0x24, 0x73
.byte 0x26, 0x9b, 0xa6, 0x9b, 0x26, 0x9b, 0x26, 0x9b, 0x26, 0x9b, 0x26, 0x9b, 0x26, 0x9b, 0x26, 0x8b
.byte 0xa6, 0xcb, 0xa8, 0xbb, 0x48, 0xbc, 0xca, 0xcc, 0xce, 0xdd, 0x6e, 0xde, 0xf1, 0xee, 0xf1, 0xee
.byte 0xf1, 0xee, 0xf1, 0xee, 0xf1, 0xee, 0xf1, 0xee, 0xf1, 0xde, 0xf1, 0xee, 0xf1, 0xee, 0xf1, 0xde
.byte 0xf1, 0xee, 0xf1, 0xee, 0xf1, 0xee, 0xf1, 0xee, 0xf1, 0xee, 0xf1, 0xee, 0xf3, 0xee, 0xf1, 0xee
.byte 0xf3, 0xde, 0xf1, 0xee, 0xf1, 0xee, 0xf1, 0xee, 0xf1, 0xee, 0xf1, 0xee, 0x71, 0xee, 0xf1, 0xde
.byte 0xf1, 0xee, 0xf1, 0xee, 0xf1, 0xee, 0xf1, 0xde, 0xf1, 0xee, 0xf1, 0xee, 0xf1, 0xee, 0x71, 0xde
.byte 0xf1, 0xee, 0xf1, 0xde, 0x71, 0xee, 0x6e, 0xde, 0xf1, 0xee, 0x71, 0xde, 0x71, 0xde, 0xf1, 0xee
.byte 0x71, 0xde, 0xf1, 0xee, 0x71, 0xde, 0x71, 0xee, 0xee, 0xde, 0x71, 0xde, 0x6e, 0xee, 0xf1, 0xde
.byte 0x71, 0xee, 0xf1, 0xee, 0x71, 0xde, 0xf1, 0xee, 0x71, 0xee, 0xf1, 0xee, 0xf1, 0xee, 0xf1, 0xee
.byte 0xf1, 0xde, 0xf1, 0xee, 0xf1, 0xee, 0xf1, 0xee, 0xf1, 0xee, 0xf1, 0xde, 0x71, 0xee, 0xf1, 0xee
.byte 0xf1, 0xde, 0xf1, 0xee, 0x71, 0xee, 0xf1, 0xde, 0xf1, 0xee, 0x71, 0xee, 0xee, 0xde, 0x71, 0xde
.byte 0x6e, 0xde, 0x6e, 0xde, 0x6e, 0xde, 0x71, 0xde, 0x6e, 0xde, 0xf1, 0xee, 0x71, 0xde, 0xf1, 0xee
.byte 0xf1, 0xee, 0xf3, 0xde, 0xf1, 0xee, 0x71, 0xee, 0xf1, 0xee, 0xf1, 0xde, 0xf1, 0xee, 0xf1, 0xde
.byte 0xf1, 0xee, 0xf1, 0xee, 0xf1, 0xee, 0xf1, 0xde, 0xf1, 0xee, 0xf1, 0xee, 0x71, 0xee, 0xf1, 0xde
.byte 0x71, 0xee, 0xf1, 0xde, 0x71, 0xee, 0xf1, 0xde, 0x71, 0xee, 0xf1, 0xde, 0xf3, 0xee, 0xf5, 0xee
.byte 0x77, 0xef, 0x77, 0xef, 0xf3, 0xee, 0xf3, 0xee, 0xf3, 0xde, 0xf5, 0xde, 0x75, 0xde, 0x75, 0xde
.byte 0x73, 0xce, 0x6e, 0xbe, 0xcc, 0xad, 0xca, 0x9d, 0xca, 0xad, 0x6e, 0xbe, 0x6e, 0xde, 0x71, 0xde
.byte 0x71, 0xde, 0xf1, 0xee, 0xf3, 0xee, 0xf7, 0xee, 0x77, 0xdf, 0xf7, 0xde, 0xf7, 0xde, 0xf5, 0xde
.byte 0xf5, 0xee, 0xf5, 0xde, 0x73, 0xce, 0x6e, 0xbe, 0xcc, 0xad, 0x6c, 0xbe, 0x6e, 0xce, 0x71, 0xce
.byte 0x73, 0xce, 0x73, 0xce, 0xf1, 0xbe, 0x6c, 0xae, 0x6c, 0x9e, 0x6a, 0x9e, 0xcc, 0x9d, 0xce, 0xad
.byte 0x6e, 0xae, 0xce, 0xad, 0x6a, 0x9e, 0x68, 0x76, 0x64, 0x66, 0xc4, 0x55, 0x64, 0x66, 0xc4, 0x55
.byte 0x62, 0x56, 0xc4, 0x65, 0xc4, 0x55, 0x42, 0x55, 0xc2, 0x54, 0x42, 0x64, 0x42, 0x54, 0x42, 0x64
.byte 0x42, 0x74, 0x42, 0x74, 0x42, 0x74, 0x42, 0x74, 0x40, 0x74, 0x42, 0x8c, 0x42, 0x74, 0x42, 0x8c
.byte 0x42, 0x74, 0x42, 0x74, 0x42, 0x74, 0x42, 0x74, 0x42, 0x74, 0x42, 0x74, 0x42, 0x74, 0x42, 0x74
.byte 0x42, 0x64, 0xa2, 0x63, 0x42, 0x74, 0xa2, 0x63, 0x40, 0x64, 0xa2, 0x63, 0xa0, 0x63, 0xa2, 0x63
.byte 0xa0, 0x53, 0x22, 0x53, 0x20, 0x43, 0x22, 0x53, 0x22, 0x53, 0xa2, 0x52, 0x22, 0x53, 0xa2, 0x62
.byte 0x22, 0x53, 0x22, 0x53, 0x22, 0x53, 0x22, 0x53, 0x22, 0x63, 0x24, 0x73, 0xa4, 0x8b, 0x24, 0x8b
.byte 0x26, 0x73, 0x24, 0x73, 0xa4, 0x72, 0x26, 0x8b, 0x24, 0x73, 0x24, 0x73, 0x26, 0x8b, 0x26, 0x8b
.byte 0x24, 0x8b, 0xa4, 0x72, 0xa4, 0x62, 0xa4, 0x72, 0xa4, 0x62, 0x24, 0x63, 0xa4, 0x62, 0xa2, 0x62
.byte 0xa4, 0x72, 0xa4, 0x62, 0x24, 0x63, 0xa2, 0x52, 0x22, 0x53, 0x22, 0x53, 0x22, 0x63, 0x24, 0x73
.byte 0x26, 0x9b, 0x26, 0xab, 0xa8, 0xab, 0xa6, 0x9b, 0x26, 0xab, 0x28, 0xab, 0x26, 0x9b, 0x26, 0x9b
.byte 0xa8, 0xbb, 0xa8, 0xbb, 0x48, 0xcc, 0x4c, 0xcd, 0xcc, 0xdd, 0x71, 0xde, 0x71, 0xee, 0xf1, 0xde
.byte 0xf1, 0xee, 0xf1, 0xee, 0xf3, 0xee, 0xf1, 0xee, 0xf1, 0xee, 0xf1, 0xee, 0xf3, 0xee, 0xf1, 0xee
.byte 0xf1, 0xee, 0xf3, 0xee, 0xf1, 0xee, 0xf1, 0xde, 0xf3, 0xee, 0xf1, 0xee, 0xf1, 0xee, 0xf1, 0xee
.byte 0xf1, 0xee, 0xf1, 0xee, 0xf1, 0xee, 0xf1, 0xee, 0x71, 0xde, 0x71, 0xee, 0xf1, 0xde, 0xf1, 0xee
.byte 0x71, 0xee, 0xf1, 0xde, 0x71, 0xee, 0xf1, 0xee, 0x71, 0xde, 0xf1, 0xee, 0x71, 0xde, 0xf1, 0xee
.byte 0x6e, 0xde, 0x71, 0xee, 0xf1, 0xde, 0x6e, 0xde, 0x71, 0xde, 0x6e, 0xee, 0xf1, 0xde, 0x6e, 0xee
.byte 0x71, 0xde, 0x6e, 0xde, 0x71, 0xde, 0xee, 0xee, 0x71, 0xde, 0xf1, 0xee, 0xf1, 0xde, 0x71, 0xee
.byte 0xf1, 0xde, 0xf1, 0xee, 0xf1, 0xee, 0xf1, 0xee, 0xf1, 0xee, 0xf1, 0xde, 0xf1, 0xee, 0xf1, 0xee
.byte 0xf1, 0xee, 0xf1, 0xee, 0xf1, 0xee, 0xf1, 0xde, 0xf1, 0xee, 0x71, 0xee, 0xf1, 0xee, 0x71, 0xde
.byte 0xf1, 0xee, 0x71, 0xee, 0xf1, 0xde, 0x71, 0xee, 0x71, 0xde, 0x6e, 0xde, 0x71, 0xde, 0x6e, 0xee
.byte 0x71, 0xde, 0x6e, 0xde, 0x6e, 0xee, 0xf1, 0xde, 0x71, 0xee, 0xf1, 0xee, 0xf1, 0xee, 0xf1, 0xee
.byte 0x71, 0xee, 0xf1, 0xee, 0x71, 0xee, 0xf1, 0xde, 0x71, 0xee, 0xf1, 0xee, 0xf1, 0xee, 0x71, 0xee
.byte 0xf1, 0xee, 0x71, 0xde, 0xf1, 0xee, 0x71, 0xee, 0xf1, 0xde, 0x71, 0xee, 0xf1, 0xde, 0x6e, 0xee
.byte 0xf1, 0xde, 0x71, 0xee, 0x71, 0xee, 0xf1, 0xde, 0x71, 0xee, 0xf3, 0xee, 0xf3, 0xee, 0x77, 0xef
.byte 0xf7, 0xee, 0xf5, 0xde, 0xf3, 0xde, 0xf1, 0xde, 0x71, 0xde, 0x73, 0xce, 0x71, 0xbe, 0x71, 0xbe
.byte 0x6c, 0xbe, 0xca, 0x9d, 0xc8, 0x8d, 0x48, 0x8d, 0x4a, 0x9d, 0xca, 0xad, 0xcc, 0xbd, 0x6c, 0xbe
.byte 0x6e, 0xce, 0x71, 0xce, 0xf1, 0xde, 0xf5, 0xee, 0xf3, 0xde, 0x73, 0xce, 0xf3, 0xce, 0xf5, 0xce
.byte 0xf7, 0xde, 0xf5, 0xce, 0xf1, 0xbe, 0xcc, 0x9d, 0xca, 0x9d, 0xca, 0xad, 0xcc, 0xbd, 0xce, 0xbd
.byte 0x6e, 0xce, 0x6e, 0xbe, 0x6c, 0xae, 0x6a, 0x9e, 0x68, 0x9e, 0x68, 0x9e, 0xcc, 0x9d, 0x6c, 0xae
.byte 0xce, 0xad, 0x6c, 0x9e, 0x68, 0x8e, 0xc6, 0x75, 0x64, 0x66, 0xc4, 0x55, 0x62, 0x56, 0x64, 0x56
.byte 0xc4, 0x65, 0xc4, 0x55, 0xc2, 0x55, 0xc4, 0x55, 0xc2, 0x54, 0xc2, 0x54, 0x42, 0x64, 0xa2, 0x63
.byte 0x42, 0x64, 0x42, 0x64, 0x42, 0x74, 0x42, 0x64, 0x42, 0x74, 0x42, 0x64, 0x40, 0x74, 0x42, 0x74
.byte 0x42, 0x74, 0x42, 0x74, 0xa2, 0x63, 0x40, 0x74, 0x42, 0x74, 0x42, 0x74, 0xa2, 0x63, 0xa0, 0x63
.byte 0xa2, 0x63, 0xa2, 0x63, 0xa0, 0x63, 0xa2, 0x63, 0xa2, 0x63, 0xa2, 0x53, 0xa2, 0x63, 0x20, 0x53
.byte 0x22, 0x53, 0x20, 0x53, 0x22, 0x53, 0x22, 0x53, 0xa2, 0x52, 0x24, 0x63, 0xa4, 0x62, 0xa4, 0x62
.byte 0xa4, 0x62, 0x22, 0x63, 0x22, 0x53, 0x22, 0x53, 0x24, 0x73, 0xa6, 0x8b, 0xa8, 0xab, 0xa8, 0x9b
.byte 0xa6, 0x9b, 0x26, 0x9b, 0xa8, 0x9b, 0xa6, 0xab, 0xa8, 0x9b, 0xa8, 0xab, 0x48, 0xac, 0xa8, 0x9b
.byte 0x26, 0x9b, 0x26, 0x8b, 0xa6, 0x8a, 0x24, 0x73, 0x26, 0x8b, 0xa4, 0x72, 0x24, 0x8b, 0x24, 0x73
.byte 0x26, 0x8b, 0x24, 0x73, 0xa4, 0x72, 0xa2, 0x62, 0x22, 0x53, 0x22, 0x53, 0x22, 0x63, 0x26, 0x8b
.byte 0xa6, 0x9b, 0xa6, 0xab, 0xa6, 0xbb, 0x28, 0xab, 0xa6, 0xab, 0x26, 0x9b, 0x26, 0x9b, 0xa6, 0x9a
.byte 0xa6, 0xbb, 0x48, 0xbc, 0xca, 0xcc, 0xcc, 0xcc, 0x4c, 0xcd, 0xcc, 0xdd, 0x6e, 0xde, 0x71, 0xee
.byte 0xf1, 0xee, 0xf1, 0xee, 0xf1, 0xee, 0xf1, 0xee, 0xf3, 0xee, 0xf1, 0xee, 0xf1, 0xee, 0xf1, 0xee
.byte 0xf1, 0xee, 0xf1, 0xee, 0xf1, 0xee, 0xf1, 0xee, 0xf1, 0xee, 0xf1, 0xee, 0xf1, 0xee, 0xf1, 0xee
.byte 0xf1, 0xee, 0xf1, 0xee, 0xf1, 0xee, 0xf1, 0xde, 0x71, 0xee, 0xee, 0xde, 0x71, 0xde, 0x6e, 0xee
.byte 0x71, 0xde, 0xf1, 0xde, 0x6e, 0xee, 0xf1, 0xde, 0x71, 0xee, 0x6e, 0xde, 0x71, 0xee, 0x6e, 0xde
.byte 0xf1, 0xde, 0x71, 0xee, 0x6e, 0xde, 0x71, 0xee, 0x6e, 0xde, 0x6e, 0xde, 0x71, 0xde, 0x71, 0xde
.byte 0xee, 0xee, 0x71, 0xde, 0xf1, 0xee, 0x71, 0xde, 0xf1, 0xee, 0x71, 0xee, 0xf1, 0xee, 0xf1, 0xee
.byte 0xf1, 0xee, 0xf3, 0xee, 0xf1, 0xee, 0xf1, 0xee, 0xf1, 0xee, 0xf1, 0xee, 0xf1, 0xee, 0xf1, 0xde
.byte 0xf3, 0xee, 0xf1, 0xee, 0xf1, 0xee, 0xf1, 0xee, 0xf1, 0xee, 0xf1, 0xde, 0x71, 0xde, 0xf1, 0xee
.byte 0x71, 0xde, 0x6e, 0xde, 0xf1, 0xee, 0x6e, 0xde, 0x71, 0xde, 0xf1, 0xee, 0x6e, 0xde, 0x71, 0xde
.byte 0x6e, 0xde, 0x71, 0xee, 0xf1, 0xde, 0x71, 0xee, 0xf1, 0xee, 0xf1, 0xde, 0x71, 0xee, 0xf1, 0xee
.byte 0xf1, 0xee, 0xf1, 0xde, 0xf1, 0xee, 0xf1, 0xee, 0xf1, 0xde, 0x71, 0xee, 0xf1, 0xde, 0xf1, 0xee
.byte 0x71, 0xde, 0xf1, 0xee, 0x71, 0xee, 0xee, 0xde, 0x71, 0xee, 0xf1, 0xde, 0x71, 0xee, 0x71, 0xde
.byte 0xf1, 0xee, 0xf1, 0xde, 0xf1, 0xee, 0xf3, 0xee, 0xf3, 0xee, 0xf3, 0xde, 0xf5, 0xee, 0xf5, 0xee
.byte 0x75, 0xef, 0xf3, 0xde, 0xf1, 0xde, 0x6e, 0xce, 0x6e, 0xce, 0xce, 0xbd, 0x6c, 0xae, 0xcc, 0x9d
.byte 0xcc, 0x9d, 0xca, 0x9d, 0xc8, 0x8d, 0xc8, 0x75, 0xc8, 0x8d, 0xc8, 0x9d, 0xca, 0x9d, 0xca, 0x9d
.byte 0xca, 0xad, 0x6c, 0xbe, 0x71, 0xce, 0xf1, 0xce, 0x71, 0xce, 0x6e, 0xae, 0x6e, 0xbe, 0x71, 0xbe
.byte 0xf3, 0xbe, 0x71, 0xbe, 0x6e, 0xae, 0xca, 0x9d, 0xc8, 0x8d, 0xca, 0x9d, 0xca, 0x9d, 0xcc, 0xad
.byte 0x6c, 0xae, 0x6a, 0xae, 0x68, 0xae, 0xe8, 0x9e, 0x68, 0x9e, 0x68, 0x9e, 0x6c, 0xae, 0x6c, 0xae
.byte 0x6a, 0x9e, 0xca, 0x8d, 0x66, 0x76, 0x64, 0x66, 0xc4, 0x65, 0x64, 0x56, 0xc4, 0x65, 0xc2, 0x55
.byte 0xc4, 0x55, 0xc2, 0x55, 0xc4, 0x55, 0xc4, 0x55, 0x42, 0x55, 0xc4, 0x54, 0xc2, 0x54, 0x42, 0x54
.byte 0xa2, 0x63, 0x42, 0x64, 0xa2, 0x63, 0xa2, 0x53, 0xa2, 0x63, 0x42, 0x64, 0xa2, 0x63, 0x42, 0x64
.byte 0xa0, 0x73, 0x42, 0x74, 0x42, 0x74, 0x42, 0x74, 0x42, 0x74, 0xa2, 0x63, 0xa0, 0x63, 0xa2, 0x63
.byte 0xa2, 0x53, 0x20, 0x53, 0xa2, 0x63, 0xa2, 0x53, 0xa0, 0x63, 0x22, 0x53, 0x20, 0x53, 0x22, 0x53
.byte 0x22, 0x53, 0xa2, 0x42, 0xa2, 0x52, 0xa2, 0x62, 0xa4, 0x62, 0xa4, 0x72, 0x24, 0x73, 0xa6, 0x8a
.byte 0x24, 0x73, 0xa4, 0x72, 0xa4, 0x62, 0x24, 0x73, 0x26, 0x8b, 0x48, 0xac, 0x48, 0xbc, 0x48, 0xbc
.byte 0x4a, 0xbc, 0x48, 0xbc, 0x48, 0xac, 0x4a, 0xbc, 0x4a, 0xbc, 0x48, 0xcc, 0x4a, 0xbc, 0x48, 0xbc
.byte 0xa8, 0xab, 0x26, 0x9b, 0x26, 0x9b, 0x26, 0x9b, 0x26, 0x9b, 0x26, 0x9b, 0x26, 0x8b, 0x26, 0x9b
.byte 0x26, 0x9b, 0x26, 0x9b, 0x24, 0x8b, 0x24, 0x63, 0x22, 0x53, 0x22, 0x63, 0x24, 0x73, 0xa6, 0x9b
.byte 0xa6, 0xab, 0xa8, 0xab, 0xa8, 0xab, 0xa6, 0xab, 0x28, 0xab, 0xa6, 0x9b, 0x26, 0x9b, 0x26, 0x9b
.byte 0x48, 0xbc, 0x48, 0xbc, 0xca, 0xcc, 0x4a, 0xbc, 0xc8, 0xcc, 0xcc, 0xcc, 0xce, 0xdd, 0x71, 0xde
.byte 0xf1, 0xee, 0xf1, 0xee, 0xf1, 0xee, 0xf1, 0xee, 0xf1, 0xee, 0xf1, 0xee, 0xf1, 0xee, 0xf1, 0xee
.byte 0xf3, 0xee, 0xf1, 0xee, 0xf1, 0xee, 0xf3, 0xee, 0xf1, 0xee, 0xf1, 0xee, 0xf3, 0xee, 0xf1, 0xee
.byte 0x73, 0xee, 0xf1, 0xee, 0xf1, 0xee, 0x71, 0xde, 0x71, 0xee, 0x6e, 0xde, 0x71, 0xde, 0x6e, 0xde
.byte 0x71, 0xde, 0x6e, 0xee, 0x71, 0xde, 0x6e, 0xde, 0x71, 0xde, 0xf1, 0xde, 0x71, 0xee, 0xf1, 0xde
.byte 0x71, 0xee, 0x71, 0xde, 0x6e, 0xde, 0x71, 0xde, 0xee, 0xde, 0x71, 0xde, 0x6e, 0xee, 0xf1, 0xde
.byte 0x71, 0xee, 0x71, 0xde, 0xf1, 0xee, 0xf1, 0xee, 0xf1, 0xde, 0xf1, 0xee, 0xf3, 0xee, 0xf1, 0xee
.byte 0xf1, 0xee, 0xf1, 0xee, 0xf1, 0xee, 0xf3, 0xde, 0xf1, 0xee, 0xf1, 0xee, 0xf3, 0xee, 0xf1, 0xee
.byte 0xf1, 0xee, 0xf1, 0xee, 0xf3, 0xee, 0xf1, 0xee, 0xf1, 0xee, 0xf1, 0xee, 0xf1, 0xee, 0x71, 0xee
.byte 0xf1, 0xde, 0x71, 0xee, 0xf1, 0xde, 0x71, 0xee, 0xee, 0xde, 0x71, 0xee, 0x71, 0xde, 0xf1, 0xee
.byte 0xf1, 0xee, 0xf1, 0xde, 0xf1, 0xee, 0xf1, 0xee, 0xf1, 0xee, 0xf1, 0xee, 0xf1, 0xee, 0xf1, 0xee
.byte 0xf1, 0xee, 0xf1, 0xee, 0x71, 0xee, 0xf1, 0xee, 0x71, 0xee, 0xf1, 0xee, 0x71, 0xde, 0x71, 0xee
.byte 0x71, 0xde, 0xee, 0xde, 0x71, 0xde, 0xf1, 0xde, 0xf1, 0xee, 0x6e, 0xde, 0x6e, 0xce, 0x6e, 0xde
.byte 0x6e, 0xce, 0x73, 0xde, 0xf3, 0xee, 0xf5, 0xee, 0xf5, 0xee, 0xf3, 0xee, 0xf3, 0xee, 0xf5, 0xee
.byte 0xf3, 0xde, 0xf3, 0xde, 0x6e, 0xce, 0x6c, 0xce, 0x6c, 0xbe, 0xca, 0x9d, 0xca, 0x9d, 0x6c, 0x9e
.byte 0x6c, 0xae, 0x6e, 0x9e, 0x6c, 0xae, 0x6a, 0x8e, 0xca, 0x8d, 0xc8, 0x75, 0xc6, 0x75, 0x46, 0x75
.byte 0xc8, 0x8d, 0x4a, 0x9d, 0xca, 0xad, 0xcc, 0xad, 0xcc, 0xad, 0xca, 0xad, 0xcc, 0x9d, 0x6e, 0xae
.byte 0x6e, 0xbe, 0x6e, 0xae, 0xca, 0x9d, 0x68, 0x9e, 0xca, 0x8d, 0x4a, 0x9d, 0xca, 0x9d, 0xca, 0x9d
.byte 0xca, 0x9d, 0xca, 0xad, 0x68, 0x9e, 0x68, 0x9e, 0xe8, 0x9e, 0x6a, 0x9e, 0x6c, 0xae, 0x6c, 0x9e
.byte 0xca, 0x9d, 0x66, 0x76, 0x64, 0x66, 0xc4, 0x65, 0x64, 0x66, 0xc2, 0x55, 0xc4, 0x55, 0x64, 0x56
.byte 0xc2, 0x65, 0xc4, 0x55, 0xc4, 0x55, 0xc2, 0x55, 0xc4, 0x55, 0x42, 0x55, 0xc2, 0x54, 0xc2, 0x54
.byte 0x42, 0x54, 0xa2, 0x53, 0x42, 0x54, 0x42, 0x54, 0x42, 0x54, 0xa2, 0x53, 0xa2, 0x53, 0x42, 0x64
.byte 0x42, 0x64, 0xa2, 0x63, 0x42, 0x64, 0xa0, 0x63, 0xa2, 0x63, 0xa2, 0x63, 0xa2, 0x63, 0x22, 0x53
.byte 0xa0, 0x53, 0x22, 0x53, 0xa2, 0x53, 0x20, 0x53, 0x22, 0x53, 0x22, 0x53, 0x22, 0x53, 0x22, 0x53
.byte 0xa2, 0x62, 0x22, 0x53, 0xa2, 0x52, 0xa4, 0x62, 0xa4, 0x72, 0x26, 0x8b, 0x26, 0x9b, 0x26, 0x9b
.byte 0x26, 0x9b, 0x26, 0x8b, 0x24, 0x73, 0x26, 0x8b, 0x26, 0x9b, 0xa8, 0xab, 0x4a, 0xcc, 0x4a, 0xcc
.byte 0xca, 0xcc, 0x4a, 0xcc, 0x4a, 0xcc, 0xca, 0xcc, 0x4a, 0xcc, 0xca, 0xcc, 0x4a, 0xcc, 0x4a, 0xcc
.byte 0x48, 0xbc, 0xa8, 0xab, 0x26, 0x9b, 0x26, 0xab, 0xa8, 0xab, 0x26, 0xab, 0xa6, 0xab, 0x28, 0xab
.byte 0xa6, 0xab, 0x26, 0x9b, 0x26, 0x8b, 0x24, 0x73, 0xa2, 0x52, 0x24, 0x63, 0x24, 0x73, 0xa6, 0xab
.byte 0x48, 0xbc, 0xa8, 0xbb, 0xa6, 0xbb, 0xa8, 0xab, 0xa6, 0xab, 0x26, 0xab, 0x26, 0x9b, 0x26, 0x8b
.byte 0x48, 0xbc, 0x4a, 0xbc, 0xc8, 0xcc, 0xa8, 0xbb, 0x48, 0xbc, 0x4a, 0xcc, 0xcc, 0xcd, 0x6e, 0xee
.byte 0xf1, 0xde, 0xf1, 0xee, 0xf3, 0xee, 0xf1, 0xee, 0xf1, 0xde, 0xf1, 0xee, 0xf3, 0xee, 0xf1, 0xee
.byte 0xf1, 0xde, 0xf1, 0xee, 0xf1, 0xee, 0xf1, 0xee, 0xf1, 0xee, 0xf1, 0xee, 0xf1, 0xee, 0xf1, 0xee
.byte 0xf1, 0xde, 0xf1, 0xee, 0x71, 0xee, 0xf1, 0xde, 0x6e, 0xde, 0x71, 0xee, 0x6e, 0xde, 0x71, 0xde
.byte 0x6e, 0xde, 0x71, 0xde, 0x71, 0xde, 0x6e, 0xde, 0xf1, 0xee, 0x71, 0xee, 0xf1, 0xee, 0x71, 0xde
.byte 0xf1, 0xee, 0x71, 0xde, 0xf1, 0xee, 0x71, 0xde, 0x71, 0xee, 0xf1, 0xee, 0x71, 0xde, 0xf1, 0xee
.byte 0xf1, 0xee, 0xf1, 0xee, 0xf1, 0xee, 0xf3, 0xee, 0xf1, 0xee, 0xf1, 0xee, 0xf1, 0xee, 0xf1, 0xde
.byte 0xf1, 0xee, 0xf3, 0xee, 0xf1, 0xee, 0xf1, 0xee, 0xf1, 0xee, 0xf1, 0xee, 0xf1, 0xee, 0xf1, 0xee
.byte 0xf1, 0xee, 0xf1, 0xee, 0xf1, 0xee, 0xf3, 0xee, 0xf1, 0xee, 0xf1, 0xee, 0xf1, 0xee, 0xf1, 0xde
.byte 0xf1, 0xee, 0x71, 0xde, 0xf1, 0xee, 0x71, 0xde, 0x71, 0xee, 0xf1, 0xde, 0xf1, 0xee, 0xf1, 0xde
.byte 0x6e, 0xde, 0x71, 0xde, 0xee, 0xde, 0x71, 0xde, 0x6e, 0xde, 0x71, 0xde, 0xf1, 0xee, 0xf1, 0xde
.byte 0xf1, 0xee, 0xf1, 0xee, 0xf1, 0xde, 0xf1, 0xee, 0xf1, 0xde, 0xf1, 0xee, 0x71, 0xde, 0xee, 0xde
.byte 0x6e, 0xde, 0x6e, 0xce, 0x6e, 0xce, 0x6e, 0xde, 0x6e, 0xce, 0x6e, 0xce, 0xcc, 0xbd, 0xcc, 0xad
.byte 0x6e, 0xbe, 0x71, 0xce, 0xf5, 0xde, 0xf7, 0xde, 0xf3, 0xde, 0xf3, 0xde, 0x71, 0xde, 0xf3, 0xee
.byte 0xf3, 0xee, 0x71, 0xde, 0x6e, 0xce, 0x6c, 0xbe, 0xc8, 0xad, 0xc8, 0x8d, 0xca, 0x9d, 0x6c, 0xae
.byte 0xf1, 0xbe, 0xf3, 0xce, 0xf3, 0xbe, 0x6e, 0xae, 0x6a, 0x9e, 0xc6, 0x75, 0xc4, 0x65, 0xc4, 0x65
.byte 0xc6, 0x65, 0xc6, 0x75, 0x48, 0x8d, 0xca, 0x9d, 0xca, 0x9d, 0xcc, 0x9d, 0xcc, 0xad, 0xce, 0xad
.byte 0xce, 0xbd, 0xce, 0xad, 0xcc, 0x9d, 0xca, 0x9d, 0xca, 0x9d, 0xcc, 0x9d, 0xce, 0xad, 0x4e, 0xad
.byte 0xcc, 0xad, 0x6c, 0xae, 0x6a, 0xae, 0x68, 0x9e, 0xe8, 0x9e, 0x68, 0x9e, 0x6a, 0x9e, 0x6a, 0x9e
.byte 0x68, 0x8e, 0x66, 0x76, 0xc4, 0x65, 0x64, 0x56, 0xc2, 0x55, 0x64, 0x56, 0xc4, 0x65, 0xc2, 0x55
.byte 0xc4, 0x55, 0xc4, 0x55, 0xc2, 0x55, 0xc4, 0x65, 0xc4, 0x55, 0x42, 0x55, 0x44, 0x55, 0xc2, 0x54
.byte 0x42, 0x54, 0x42, 0x44, 0x44, 0x54, 0xc2, 0x44, 0x42, 0x44, 0x42, 0x44, 0x42, 0x44, 0xa2, 0x53
.byte 0xa2, 0x63, 0xa0, 0x63, 0xa2, 0x63, 0xa2, 0x63, 0xa2, 0x63, 0xa0, 0x63, 0xa2, 0x53, 0xa0, 0x53
.byte 0x22, 0x53, 0x20, 0x53, 0x22, 0x53, 0x22, 0x53, 0x22, 0x53, 0xa2, 0x62, 0xa4, 0x62, 0xa2, 0x62
.byte 0x24, 0x63, 0xa4, 0x62, 0xa2, 0x72, 0x24, 0x73, 0x26, 0x8b, 0x26, 0x9b, 0x26, 0x9b, 0x26, 0xab
.byte 0xa6, 0x9b, 0x26, 0x9b, 0x26, 0x9b, 0x26, 0x9b, 0xa6, 0x9b, 0xa8, 0xbb, 0x48, 0xbc, 0x4a, 0xcc
.byte 0xca, 0xcc, 0x4a, 0xcc, 0xca, 0xcc, 0xca, 0xcc, 0x4a, 0xdc, 0xca, 0xcc, 0xca, 0xcc, 0x4a, 0xcc
.byte 0x48, 0xbc, 0xa8, 0xbb, 0xa8, 0xab, 0xa6, 0xab, 0x28, 0xab, 0xa6, 0xab, 0x28, 0xab, 0xa6, 0xab
.byte 0x28, 0xab, 0xa6, 0xab, 0x26, 0x9b, 0x24, 0x73, 0xa4, 0x62, 0x22, 0x63, 0x24, 0x8b, 0xa8, 0xab
.byte 0x48, 0xbc, 0xa8, 0xbb, 0x48, 0xbc, 0xa6, 0xab, 0x28, 0xab, 0x26, 0x9b, 0x26, 0x9b, 0x26, 0x9b
.byte 0xc8, 0xbc, 0xca, 0xbc, 0xa8, 0xbb, 0xa8, 0xbb, 0xa8, 0xbb, 0xc8, 0xcc, 0xcc, 0xdd, 0x71, 0xde
.byte 0xf1, 0xee, 0xf1, 0xee, 0xf1, 0xee, 0xf1, 0xee, 0xf3, 0xee, 0xf1, 0xee, 0xf1, 0xee, 0xf1, 0xee
.byte 0xf1, 0xee, 0xf1, 0xee, 0xf3, 0xee, 0xf1, 0xee, 0xf1, 0xde, 0xf1, 0xee, 0xf1, 0xde, 0xf1, 0xee
.byte 0xf1, 0xee, 0x71, 0xee, 0xf1, 0xde, 0x71, 0xee, 0x6e, 0xde, 0x71, 0xde, 0x6e, 0xde, 0x71, 0xde
.byte 0x6e, 0xde, 0x6e, 0xde, 0x6e, 0xde, 0x71, 0xee, 0xf1, 0xee, 0x71, 0xde, 0xf1, 0xee, 0xf1, 0xee
.byte 0xf1, 0xee, 0xf1, 0xee, 0x71, 0xee, 0xf1, 0xde, 0xf1, 0xee, 0x71, 0xde, 0xf1, 0xee, 0xf1, 0xee
.byte 0xf1, 0xde, 0xf1, 0xee, 0xf1, 0xee, 0xf1, 0xee, 0xf1, 0xee, 0xf1, 0xee, 0xf1, 0xee, 0xf3, 0xee
.byte 0xf1, 0xee, 0xf1, 0xee, 0xf1, 0xee, 0xf1, 0xee, 0xf3, 0xee, 0xf1, 0xee, 0xf1, 0xee, 0xf1, 0xee
.byte 0xf3, 0xee, 0xf3, 0xee, 0xf3, 0xee, 0xf3, 0xee, 0xf5, 0xee, 0xf3, 0xee, 0xf3, 0xee, 0xf1, 0xee
.byte 0xf1, 0xee, 0xf1, 0xee, 0xf1, 0xee, 0xf1, 0xee, 0xf1, 0xee, 0xf1, 0xee, 0x71, 0xde, 0x6e, 0xce
.byte 0x6c, 0xce, 0x6e, 0xbe, 0x6e, 0xce, 0x6c, 0xce, 0x6e, 0xbe, 0x6e, 0xce, 0x6e, 0xce, 0x6e, 0xde
.byte 0xf1, 0xee, 0x6e, 0xde, 0x71, 0xde, 0xee, 0xde, 0x71, 0xde, 0x6e, 0xde, 0x6e, 0xce, 0x6e, 0xce
.byte 0xcc, 0xbd, 0xca, 0xad, 0xca, 0xad, 0xcc, 0xad, 0xca, 0xad, 0xca, 0xad, 0xc8, 0x8d, 0xc8, 0x8d
.byte 0xcc, 0x9d, 0x71, 0xbe, 0x73, 0xce, 0xf3, 0xce, 0x73, 0xbe, 0x71, 0xce, 0xf3, 0xde, 0xf5, 0xee
.byte 0xf5, 0xde, 0x71, 0xde, 0x6e, 0xbe, 0xca, 0xad, 0xc8, 0x9d, 0x68, 0x9e, 0x6a, 0x8e, 0x6e, 0xae
.byte 0xf3, 0xce, 0xf5, 0xce, 0xf5, 0xce, 0xf1, 0xbe, 0x6a, 0x8e, 0xc6, 0x75, 0xc6, 0x65, 0xc4, 0x65
.byte 0xc6, 0x65, 0xc4, 0x75, 0xc6, 0x65, 0xc8, 0x75, 0xcc, 0x9d, 0x4e, 0xad, 0xd1, 0xbd, 0xd1, 0xbd
.byte 0x53, 0xcd, 0x51, 0xbd, 0xce, 0xbd, 0xcc, 0xad, 0xce, 0xad, 0xd1, 0xad, 0xd3, 0xcd, 0xd3, 0xbd
.byte 0x53, 0xcd, 0x51, 0xbd, 0xce, 0xbd, 0x68, 0xae, 0x68, 0x9e, 0x66, 0x9e, 0x68, 0x9e, 0x68, 0x8e
.byte 0xe6, 0x8e, 0x64, 0x76, 0x64, 0x66, 0x64, 0x66, 0xc4, 0x55, 0xc4, 0x65, 0xc2, 0x55, 0xc4, 0x55
.byte 0x64, 0x56, 0xc2, 0x65, 0x64, 0x56, 0xc4, 0x55, 0xc2, 0x55, 0xc4, 0x55, 0x42, 0x55, 0x44, 0x55
.byte 0xc2, 0x44, 0xc2, 0x54, 0xc2, 0x44, 0xc2, 0x54, 0xc4, 0x44, 0xc2, 0x44, 0x42, 0x44, 0xa2, 0x43
.byte 0xa2, 0x53, 0xa2, 0x53, 0xa2, 0x53, 0xa0, 0x63, 0xa2, 0x53, 0xa2, 0x53, 0x20, 0x53, 0x22, 0x53
.byte 0x22, 0x53, 0x22, 0x53, 0x22, 0x53, 0xa2, 0x52, 0xa2, 0x62, 0x24, 0x63, 0x24, 0x73, 0x26, 0x8b
.byte 0x24, 0x8b, 0x26, 0x8b, 0x26, 0x8b, 0x26, 0x9b, 0x26, 0x9b, 0x26, 0xab, 0xa8, 0xab, 0xa6, 0xab
.byte 0x28, 0xab, 0xa6, 0xab, 0x26, 0x9b, 0x26, 0x9b, 0xa8, 0xab, 0xa8, 0xab, 0x4a, 0xbc, 0x4a, 0xcc
.byte 0xca, 0xcc, 0xca, 0xcc, 0xca, 0xdc, 0x4a, 0xcc, 0xca, 0xcc, 0xcc, 0xcc, 0x4a, 0xcc, 0x4a, 0xcc
.byte 0x48, 0xbc, 0xa8, 0xbb, 0xa8, 0xab, 0xa6, 0xbb, 0xa8, 0xab, 0xa6, 0xab, 0xa8, 0xab, 0xa6, 0xab
.byte 0xa8, 0xab, 0xa6, 0xab, 0x26, 0x9b, 0x24, 0x8b, 0x24, 0x73, 0x24, 0x73, 0xa6, 0x9b, 0xa8, 0xbb
.byte 0x48, 0xbc, 0x48, 0xcc, 0xa8, 0xbb, 0xa8, 0xab, 0xa6, 0xab, 0x62, 0x89, 0x44, 0x92, 0x26, 0x9b
.byte 0xca, 0xac, 0x48, 0xbc, 0x48, 0xbc, 0xa6, 0xbb, 0x48, 0xbc, 0xcc, 0xcc, 0xce, 0xdd, 0x71, 0xee
.byte 0xf1, 0xee, 0xf1, 0xee, 0xf3, 0xee, 0xf1, 0xee, 0xf1, 0xee, 0xf1, 0xee, 0xf1, 0xee, 0xf1, 0xee
.byte 0xf3, 0xee, 0xf1, 0xee, 0xf1, 0xee, 0xf1, 0xee, 0xf1, 0xee, 0x73, 0xee, 0xf1, 0xee, 0x71, 0xee
.byte 0xf1, 0xee, 0xf1, 0xde, 0x71, 0xee, 0x71, 0xde, 0xf1, 0xee, 0x6e, 0xde, 0x71, 0xee, 0x6e, 0xde
.byte 0x71, 0xee, 0x71, 0xde, 0x71, 0xde, 0xf1, 0xee, 0xf1, 0xde, 0xf1, 0xee, 0xf1, 0xee, 0xf1, 0xde
.byte 0x71, 0xee, 0xf1, 0xee, 0xf1, 0xde, 0x71, 0xee, 0xf1, 0xee, 0xf1, 0xee, 0xf1, 0xee, 0xf1, 0xee
.byte 0xf1, 0xee, 0xf3, 0xee, 0xf1, 0xee, 0xf1, 0xde, 0xf3, 0xee, 0xf1, 0xee, 0xf1, 0xee, 0xf1, 0xee
.byte 0xf1, 0xee, 0xf1, 0xee, 0xf1, 0xee, 0xf3, 0xee, 0xf1, 0xee, 0xf3, 0xee, 0xf3, 0xee, 0xf3, 0xee
.byte 0xf1, 0xee, 0xf3, 0xee, 0xf5, 0xee, 0x75, 0xef, 0xf5, 0xee, 0xf5, 0xee, 0xf3, 0xee, 0xf1, 0xee
.byte 0xf1, 0xde, 0x71, 0xde, 0x71, 0xde, 0xee, 0xde, 0x71, 0xde, 0xee, 0xde, 0x6e, 0xce, 0x6c, 0xbe
.byte 0xca, 0x9d, 0xca, 0xad, 0xca, 0xad, 0xcc, 0xad, 0xca, 0xad, 0xca, 0x9d, 0x6c, 0xbe, 0x6e, 0xbe
.byte 0x6e, 0xce, 0x6c, 0xbe, 0xcc, 0xbd, 0x6e, 0xce, 0xcc, 0xbd, 0x6c, 0xbe, 0xcc, 0xbd, 0xca, 0xad
.byte 0xca, 0x8d, 0xc8, 0x8d, 0x48, 0x8d, 0xc8, 0x8d, 0xc8, 0x8d, 0x48, 0x75, 0xc6, 0x75, 0x46, 0x65
.byte 0xc8, 0x8d, 0xcc, 0x9d, 0xd1, 0xad, 0x6e, 0x9e, 0xcc, 0xad, 0x6e, 0xae, 0x73, 0xce, 0x75, 0xde
.byte 0x75, 0xde, 0x71, 0xce, 0x6c, 0xbe, 0xca, 0xad, 0xc8, 0x8d, 0xc6, 0x8d, 0x6a, 0x9e, 0xec, 0xae
.byte 0xf3, 0xbe, 0xf3, 0xce, 0x73, 0xbe, 0x6e, 0xae, 0x6a, 0x8e, 0xc6, 0x75, 0x66, 0x66, 0x66, 0x76
.byte 0x68, 0x76, 0x68, 0x76, 0x68, 0x8e, 0xc8, 0x8d, 0xcc, 0x9d, 0xd1, 0xad, 0xd3, 0xcd, 0x55, 0xcd
.byte 0x55, 0xdd, 0xd5, 0xcc, 0x51, 0xbd, 0xce, 0xad, 0x4e, 0xad, 0xd3, 0xcd, 0x57, 0xcd, 0x57, 0xdd
.byte 0x55, 0xdd, 0x55, 0xcd, 0xd1, 0xbd, 0xcc, 0xad, 0x68, 0xae, 0xe8, 0x9e, 0xe6, 0x9e, 0x66, 0x9e
.byte 0x66, 0x8e, 0x64, 0x76, 0x64, 0x76, 0x64, 0x66, 0x62, 0x66, 0xc4, 0x55, 0x62, 0x56, 0xc4, 0x55
.byte 0xc2, 0x65, 0xc4, 0x55, 0x64, 0x56, 0xc2, 0x65, 0xc4, 0x55, 0xc4, 0x55, 0xc2, 0x55, 0x44, 0x55
.byte 0x42, 0x55, 0x44, 0x55, 0xc2, 0x44, 0x44, 0x55, 0x42, 0x45, 0xc4, 0x44, 0x42, 0x44, 0x42, 0x44
.byte 0xa2, 0x43, 0x22, 0x43, 0x20, 0x53, 0x22, 0x43, 0xa0, 0x53, 0x22, 0x53, 0xa0, 0x53, 0x22, 0x43
.byte 0x20, 0x53, 0x22, 0x53, 0xa2, 0x62, 0x24, 0x63, 0x24, 0x73, 0x24, 0x73, 0x26, 0x9b, 0xa6, 0x9b
.byte 0xa8, 0xab, 0xa6, 0xab, 0xa6, 0xab, 0xa6, 0xab, 0x26, 0xab, 0xa8, 0xab, 0x26, 0xab, 0xa8, 0xab
.byte 0xa6, 0xab, 0x28, 0xab, 0x26, 0xab, 0xa8, 0xab, 0xa6, 0xab, 0xa8, 0xbb, 0x48, 0xbc, 0x4a, 0xcc
.byte 0x4a, 0xcc, 0xca, 0xcc, 0x4a, 0xcc, 0xca, 0xdc, 0xca, 0xcc, 0x4a, 0xcc, 0xca, 0xcc, 0x4a, 0xcc
.byte 0x48, 0xbc, 0xa8, 0xbb, 0xa8, 0xab, 0xa6, 0xab, 0xa6, 0xab, 0x28, 0xab, 0xa6, 0xbb, 0x28, 0xab
.byte 0xa6, 0xab, 0x28, 0xab, 0xa6, 0x9b, 0x26, 0x8b, 0x24, 0x73, 0x24, 0x73, 0xa6, 0x9b, 0xa8, 0xbb
.byte 0x48, 0xcc, 0x48, 0xcc, 0xa8, 0xbb, 0xa8, 0xbb, 0xa6, 0xab, 0x80, 0x88, 0x82, 0x99, 0x02, 0x99
.byte 0xca, 0xbc, 0x48, 0xbc, 0xa8, 0xbb, 0x46, 0xbc, 0x4a, 0xbc, 0xcc, 0xcd, 0x6e, 0xde, 0xf1, 0xee
.byte 0xf1, 0xee, 0xf1, 0xee, 0xf1, 0xee, 0xf1, 0xee, 0xf1, 0xee, 0xf3, 0xee, 0xf1, 0xee, 0xf1, 0xee
.byte 0xf1, 0xee, 0xf1, 0xde, 0xf1, 0xee, 0x71, 0xee, 0xf1, 0xee, 0xf1, 0xee, 0xf1, 0xee, 0xf1, 0xde
.byte 0xf1, 0xee, 0x71, 0xee, 0xf1, 0xde, 0xf1, 0xee, 0x71, 0xde, 0xf1, 0xde, 0x71, 0xee, 0xf1, 0xde
.byte 0x6e, 0xde, 0x71, 0xde, 0xee, 0xee, 0x71, 0xde, 0xf1, 0xee, 0xf1, 0xee, 0xf3, 0xee, 0xf1, 0xee
.byte 0xf1, 0xee, 0xf3, 0xee, 0xf1, 0xee, 0xf1, 0xee, 0xf3, 0xee, 0xf1, 0xee, 0xf1, 0xee, 0xf3, 0xee
.byte 0xf1, 0xee, 0xf1, 0xee, 0xf1, 0xee, 0xf1, 0xee, 0xf1, 0xee, 0xf1, 0xee, 0xf3, 0xee, 0xf1, 0xee
.byte 0xf1, 0xee, 0xf1, 0xee, 0xf3, 0xee, 0xf1, 0xee, 0xf3, 0xee, 0x73, 0xef, 0xf5, 0xee, 0xf3, 0xee
.byte 0x73, 0xdf, 0xf3, 0xee, 0x75, 0xef, 0xf7, 0xee, 0xf7, 0xee, 0xf5, 0xee, 0xf3, 0xee, 0x73, 0xde
.byte 0x71, 0xde, 0x6e, 0xce, 0x6c, 0xbe, 0x6e, 0xce, 0x6e, 0xce, 0x6e, 0xce, 0x6c, 0xbe, 0xc8, 0x9d
.byte 0x48, 0x75, 0xc6, 0x75, 0x48, 0x8d, 0x48, 0x8d, 0xc6, 0x8d, 0x48, 0x8d, 0xc8, 0x9d, 0xca, 0xad
.byte 0xca, 0x9d, 0xca, 0x9d, 0xc8, 0x9d, 0xca, 0x9d, 0xca, 0xad, 0xca, 0x9d, 0xc8, 0x8d, 0xc8, 0x8d
.byte 0x46, 0x75, 0x44, 0x65, 0xc4, 0x65, 0x44, 0x65, 0xc4, 0x65, 0xc4, 0x65, 0xc4, 0x65, 0xc4, 0x65
.byte 0xc6, 0x65, 0xc8, 0x75, 0xca, 0x75, 0xc8, 0x8d, 0xca, 0x8d, 0xcc, 0x9d, 0x73, 0xbe, 0x75, 0xce
.byte 0x71, 0xbe, 0x6e, 0xbe, 0xca, 0xad, 0x68, 0x9e, 0xc8, 0x9d, 0x68, 0x9e, 0x68, 0x9e, 0x6c, 0x9e
.byte 0x6c, 0xae, 0x6e, 0xae, 0xd1, 0xad, 0xcc, 0x9d, 0xca, 0x8d, 0xc8, 0x75, 0x68, 0x76, 0x6c, 0x9e
.byte 0xec, 0x9e, 0xee, 0xae, 0x6c, 0x9e, 0x6a, 0x8e, 0xcc, 0x9d, 0xd1, 0xad, 0x55, 0xcd, 0x57, 0xdd
.byte 0xd7, 0xdc, 0xd5, 0xcc, 0x51, 0xbd, 0x51, 0xbd, 0xd1, 0xbd, 0x53, 0xcd, 0xd7, 0xcc, 0x57, 0xdd
.byte 0xd9, 0xdc, 0xd5, 0xcc, 0x51, 0xcd, 0x6e, 0xbe, 0x6c, 0xae, 0x6a, 0xae, 0x6a, 0xae, 0x68, 0x9e
.byte 0xe6, 0x8e, 0xe4, 0x8e, 0x66, 0x76, 0x64, 0x66, 0x64, 0x66, 0x64, 0x66, 0xc4, 0x55, 0xc4, 0x65
.byte 0x64, 0x56, 0x64, 0x56, 0xc4, 0x65, 0xc4, 0x55, 0x64, 0x66, 0xc4, 0x55, 0xc4, 0x55, 0x42, 0x55
.byte 0x44, 0x55, 0x42, 0x45, 0x42, 0x55, 0x44, 0x45, 0xc2, 0x44, 0xc2, 0x44, 0xc2, 0x34, 0x42, 0x44
.byte 0xa2, 0x43, 0xa2, 0x43, 0x22, 0x43, 0x20, 0x43, 0x22, 0x43, 0x20, 0x43, 0x22, 0x43, 0xa0, 0x53
.byte 0x22, 0x53, 0xa2, 0x52, 0x24, 0x73, 0x24, 0x73, 0x26, 0x8b, 0x26, 0x9b, 0xa6, 0xab, 0xa8, 0xbb
.byte 0x48, 0xbc, 0xa8, 0xbb, 0x48, 0xbc, 0xa8, 0xbb, 0xa8, 0xab, 0xa6, 0xab, 0xa8, 0xbb, 0x26, 0xab
.byte 0xa8, 0xab, 0xa6, 0xab, 0xa8, 0xab, 0x26, 0xab, 0xa8, 0xab, 0xa8, 0xab, 0x48, 0xbc, 0x4a, 0xbc
.byte 0x4a, 0xcc, 0xca, 0xcc, 0xca, 0xcc, 0x4a, 0xcc, 0xca, 0xcc, 0xca, 0xdc, 0x4a, 0xcc, 0xca, 0xcc
.byte 0x4a, 0xcc, 0xa8, 0xbb, 0xa8, 0xab, 0xa8, 0xab, 0xa8, 0xbb, 0xa8, 0xab, 0xa6, 0xab, 0xa8, 0xab
.byte 0xa6, 0xab, 0xa8, 0xab, 0x26, 0xab, 0x26, 0x9b, 0x24, 0x8b, 0x26, 0x8b, 0xa6, 0xab, 0x48, 0xbc
.byte 0x48, 0xcc, 0x48, 0xbc, 0xa8, 0xbb, 0xa8, 0xab, 0xa6, 0xab, 0xa3, 0x89, 0xa6, 0xcb, 0x4a, 0xed
.byte 0xca, 0xac, 0x48, 0xbc, 0x46, 0xbc, 0x4a, 0xbc, 0x4a, 0xcd, 0xce, 0xdd, 0x71, 0xee, 0xf1, 0xee
.byte 0xf1, 0xee, 0xf1, 0xee, 0xf1, 0xee, 0xf1, 0xde, 0xf1, 0xee, 0x71, 0xee, 0xf1, 0xee, 0xf3, 0xee
.byte 0xf1, 0xee, 0xf1, 0xee, 0xf1, 0xee, 0xf3, 0xee, 0xf1, 0xde, 0xf1, 0xee, 0xf1, 0xee, 0x71, 0xee
.byte 0xf1, 0xee, 0x71, 0xde, 0xf1, 0xee, 0x71, 0xee, 0xf1, 0xee, 0x71, 0xee, 0xf1, 0xee, 0x71, 0xde
.byte 0xf1, 0xee, 0xf1, 0xee, 0x71, 0xde, 0xf1, 0xee, 0x71, 0xee, 0xf1, 0xee, 0xf1, 0xee, 0xf1, 0xee
.byte 0xf1, 0xee, 0xf1, 0xee, 0xf1, 0xee, 0xf1, 0xee, 0xf1, 0xde, 0xf1, 0xee, 0xf1, 0xee, 0xf1, 0xee
.byte 0xf1, 0xee, 0xf1, 0xee, 0xf1, 0xee, 0xf3, 0xee, 0xf1, 0xee, 0xf1, 0xee, 0xf1, 0xee, 0xf1, 0xee
.byte 0xf1, 0xee, 0xf1, 0xee, 0xf1, 0xee, 0xf3, 0xee, 0xf5, 0xee, 0x75, 0xef, 0xf3, 0xee, 0xf3, 0xee
.byte 0xf5, 0xee, 0xf5, 0xee, 0xf7, 0xde, 0xf5, 0xde, 0xf5, 0xde, 0xf5, 0xde, 0xf5, 0xee, 0x73, 0xde
.byte 0x71, 0xbe, 0xcc, 0xad, 0xca, 0xad, 0xca, 0x9d, 0xca, 0xad, 0xca, 0xad, 0xc8, 0x8d, 0x46, 0x75
.byte 0x46, 0x65, 0x44, 0x65, 0x46, 0x65, 0xc6, 0x75, 0xc6, 0x65, 0xc6, 0x65, 0x46, 0x75, 0xc8, 0x75
.byte 0x46, 0x8d, 0xc8, 0x75, 0x46, 0x75, 0xc8, 0x75, 0x46, 0x75, 0xc6, 0x75, 0x46, 0x65, 0x44, 0x65
.byte 0x44, 0x65, 0x44, 0x55, 0xc4, 0x55, 0xc4, 0x65, 0xc4, 0x55, 0xc4, 0x65, 0xc4, 0x55, 0xc2, 0x65
.byte 0xc4, 0x65, 0xc6, 0x65, 0xc4, 0x65, 0xc6, 0x65, 0xc6, 0x65, 0xca, 0x8d, 0xce, 0x9d, 0x71, 0xae
.byte 0xce, 0xad, 0x6a, 0x9e, 0xc8, 0x8d, 0xc8, 0x9d, 0xc8, 0x8d, 0x66, 0x8e, 0x66, 0x8e, 0x68, 0x9e
.byte 0x6a, 0x8e, 0xce, 0x9d, 0xce, 0xad, 0x4e, 0x9d, 0x4c, 0x9d, 0xca, 0x8d, 0x6a, 0x8e, 0xee, 0xae
.byte 0xf3, 0xbe, 0xf5, 0xce, 0xf1, 0xbe, 0x6e, 0xae, 0x6c, 0x9e, 0x4e, 0x9d, 0x53, 0xbd, 0xd3, 0xbc
.byte 0xd3, 0xbc, 0xd1, 0xac, 0xce, 0xbc, 0x4c, 0xad, 0x4e, 0xbd, 0x53, 0xbd, 0xd5, 0xcc, 0x55, 0xcc
.byte 0xd5, 0xcc, 0xd5, 0xcc, 0xd3, 0xcd, 0xd1, 0xbd, 0xd1, 0xcd, 0xd1, 0xbd, 0xce, 0xbd, 0x6a, 0xae
.byte 0x68, 0x9e, 0xe4, 0x8e, 0x64, 0x76, 0x64, 0x76, 0x64, 0x66, 0xc4, 0x55, 0x62, 0x56, 0x64, 0x56
.byte 0xc4, 0x65, 0xc4, 0x65, 0xc6, 0x65, 0x66, 0x66, 0xc6, 0x75, 0xc6, 0x65, 0xc4, 0x55, 0xc4, 0x55
.byte 0x44, 0x55, 0x42, 0x55, 0x44, 0x45, 0xc2, 0x44, 0x42, 0x45, 0xc4, 0x34, 0xc2, 0x44, 0x42, 0x34
.byte 0xa2, 0x43, 0xa2, 0x33, 0x22, 0x43, 0x22, 0x43, 0x22, 0x43, 0xa2, 0x43, 0x22, 0x43, 0x22, 0x43
.byte 0x22, 0x43, 0x22, 0x53, 0x24, 0x73, 0x26, 0x8b, 0x26, 0xab, 0xa6, 0xab, 0xa8, 0xab, 0xa6, 0xbb
.byte 0x48, 0xcc, 0x48, 0xcc, 0xa8, 0xbb, 0x48, 0xbc, 0xa6, 0xab, 0xa8, 0xab, 0x26, 0xab, 0xa8, 0xab
.byte 0xa6, 0xbb, 0xa8, 0xab, 0x26, 0xab, 0xa8, 0xab, 0xa6, 0xab, 0xa8, 0xbb, 0xa8, 0xbb, 0x48, 0xbc
.byte 0x4a, 0xcc, 0x4a, 0xcc, 0xca, 0xcc, 0x4a, 0xcc, 0xca, 0xdc, 0x4a, 0xcc, 0xca, 0xcc, 0x4a, 0xcc
.byte 0x48, 0xbc, 0x48, 0xbc, 0xa8, 0xbb, 0xa6, 0xab, 0xa8, 0xab, 0xa6, 0xab, 0xa8, 0xab, 0x26, 0xab
.byte 0xa8, 0xab, 0xa6, 0xab, 0x28, 0xab, 0xa6, 0x9b, 0x26, 0x9b, 0xa6, 0x9b, 0xa6, 0xab, 0x48, 0xbc
.byte 0x48, 0xcc, 0x48, 0xcc, 0xa8, 0xbb, 0xa8, 0xab, 0x26, 0xab, 0xc5, 0x92, 0x42, 0x89, 0x4a, 0xdd
.byte 0x48, 0xac, 0x46, 0xac, 0x48, 0xbc, 0xca, 0xcc, 0xcc, 0xdd, 0x71, 0xde, 0xf1, 0xee, 0xf1, 0xde
.byte 0xf1, 0xee, 0xf1, 0xde, 0xf1, 0xee, 0xf1, 0xee, 0xf1, 0xee, 0xf1, 0xee, 0xf1, 0xee, 0xf1, 0xee
.byte 0xf1, 0xee, 0xf1, 0xee, 0xf1, 0xee, 0xf1, 0xee, 0xf1, 0xee, 0xf1, 0xee, 0xf1, 0xee, 0xf1, 0xde
.byte 0xf1, 0xee, 0xf1, 0xee, 0xf1, 0xee, 0xf1, 0xde, 0xf3, 0xee, 0xf1, 0xee, 0xf1, 0xde, 0xf3, 0xee
.byte 0xf1, 0xee, 0x71, 0xde, 0xf1, 0xee, 0xf1, 0xee, 0xf1, 0xee, 0xf1, 0xde, 0xf1, 0xee, 0xf3, 0xee
.byte 0xf1, 0xee, 0xf1, 0xee, 0xf3, 0xee, 0xf1, 0xee, 0xf1, 0xee, 0xf3, 0xee, 0xf1, 0xee, 0xf1, 0xee
.byte 0xf3, 0xee, 0xf1, 0xee, 0xf1, 0xee, 0xf1, 0xee, 0xf1, 0xee, 0xf1, 0xee, 0xf1, 0xde, 0xf1, 0xee
.byte 0xf1, 0xde, 0xf1, 0xee, 0xf1, 0xee, 0xf3, 0xee, 0xf3, 0xee, 0xf5, 0xde, 0xf3, 0xde, 0xf3, 0xde
.byte 0xf3, 0xee, 0xf5, 0xee, 0xf5, 0xee, 0xf3, 0xde, 0xf3, 0xde, 0x75, 0xde, 0xf5, 0xde, 0x73, 0xde
.byte 0xce, 0xbd, 0xca, 0x9d, 0x48, 0x8d, 0xc8, 0x8d, 0x46, 0x75, 0xc8, 0x75, 0x46, 0x75, 0xc4, 0x65
.byte 0xc4, 0x55, 0xc4, 0x65, 0x44, 0x65, 0xc4, 0x55, 0xc4, 0x65, 0xc4, 0x65, 0xc4, 0x65, 0xc4, 0x65
.byte 0xc4, 0x65, 0xc4, 0x65, 0xc4, 0x65, 0x44, 0x65, 0xc4, 0x65, 0xc4, 0x65, 0xc4, 0x65, 0xc4, 0x55
.byte 0x44, 0x55, 0xc4, 0x55, 0xc2, 0x55, 0xc4, 0x55, 0x62, 0x56, 0xc4, 0x55, 0x64, 0x66, 0xc4, 0x65
.byte 0xc4, 0x55, 0xc4, 0x65, 0xc4, 0x55, 0xc4, 0x65, 0xc6, 0x65, 0xc8, 0x75, 0xca, 0x8d, 0xca, 0x8d
.byte 0x68, 0x76, 0xc6, 0x75, 0xc6, 0x8d, 0x66, 0x8e, 0x66, 0x8e, 0x66, 0x8e, 0x66, 0x8e, 0x68, 0x76
.byte 0xca, 0x9d, 0xce, 0xad, 0xd3, 0xad, 0xd1, 0xbc, 0x4e, 0x9d, 0x4c, 0x8d, 0xcc, 0x9d, 0xf1, 0xbe
.byte 0xf5, 0xce, 0x77, 0xdf, 0xf5, 0xce, 0xee, 0xbe, 0xcc, 0x9d, 0xcc, 0x8d, 0x4c, 0x9d, 0xce, 0x9c
.byte 0xcc, 0x9c, 0xca, 0x8c, 0x4a, 0x8d, 0xca, 0x9d, 0xcc, 0xad, 0x4c, 0xad, 0xce, 0x9c, 0x4e, 0xac
.byte 0xd1, 0xac, 0xd1, 0xbc, 0x53, 0xcd, 0xd3, 0xcd, 0xd5, 0xdd, 0x53, 0xcd, 0xd1, 0xbd, 0xcc, 0xad
.byte 0x68, 0x9e, 0x66, 0x76, 0x64, 0x76, 0x64, 0x66, 0x64, 0x66, 0x62, 0x66, 0xc4, 0x55, 0xc4, 0x65
.byte 0xc4, 0x65, 0x68, 0x76, 0x6a, 0x8e, 0x6c, 0x9e, 0x6c, 0x8e, 0xc8, 0x8d, 0xc6, 0x65, 0x44, 0x55
.byte 0x42, 0x45, 0x44, 0x45, 0x42, 0x45, 0xc4, 0x44, 0xc2, 0x44, 0xc2, 0x44, 0xc4, 0x34, 0x42, 0x44
.byte 0x42, 0x34, 0xa2, 0x43, 0x22, 0x43, 0x22, 0x43, 0x22, 0x43, 0xa2, 0x43, 0xa2, 0x33, 0xa2, 0x43
.byte 0x22, 0x43, 0x24, 0x53, 0x24, 0x73, 0x26, 0x9b, 0xa6, 0x9b, 0xa8, 0xab, 0xa8, 0xbb, 0xa8, 0xbb
.byte 0x48, 0xbc, 0x48, 0xcc, 0x48, 0xbc, 0xa8, 0xbb, 0xa8, 0xbb, 0xa6, 0xab, 0xa8, 0xab, 0xa6, 0xab
.byte 0xa8, 0xab, 0x26, 0xab, 0xa8, 0xab, 0xa6, 0xab, 0x28, 0xab, 0xa8, 0xab, 0xa8, 0xab, 0x48, 0xbc
.byte 0x4a, 0xbc, 0x4a, 0xcc, 0xca, 0xcc, 0xca, 0xdc, 0xca, 0xcc, 0xcc, 0xcc, 0xca, 0xcc, 0x4a, 0xcc
.byte 0x48, 0xbc, 0xa8, 0xbb, 0xa8, 0xab, 0xa8, 0xbb, 0xa6, 0xab, 0x28, 0xbb, 0xa6, 0xab, 0xa8, 0xab
.byte 0xa6, 0xab, 0x28, 0xab, 0xa6, 0xab, 0xa6, 0xab, 0x26, 0x9b, 0xa8, 0xab, 0x48, 0xbc, 0x48, 0xcc
.byte 0x48, 0xcc, 0x48, 0xbc, 0xa8, 0xbb, 0xa6, 0xab, 0x26, 0xab, 0x26, 0x9b, 0xe3, 0x89, 0x82, 0xa9
.byte 0xc8, 0xac, 0x48, 0xac, 0xca, 0xbc, 0x4c, 0xcd, 0x6e, 0xde, 0x71, 0xee, 0xf1, 0xde, 0x71, 0xee
.byte 0x6e, 0xde, 0x6e, 0xde, 0x6e, 0xce, 0x71, 0xde, 0xf1, 0xee, 0xf1, 0xde, 0xf1, 0xee, 0xf1, 0xee
.byte 0xf3, 0xee, 0xf1, 0xee, 0xf1, 0xee, 0xf3, 0xee, 0xf1, 0xee, 0xf1, 0xee, 0xf3, 0xee, 0xf1, 0xee
.byte 0xf1, 0xee, 0xf1, 0xee, 0xf1, 0xee, 0xf1, 0xee, 0xf1, 0xee, 0xf1, 0xee, 0xf1, 0xee, 0xf1, 0xee
.byte 0xf1, 0xee, 0xf3, 0xee, 0xf1, 0xee, 0x71, 0xde, 0xf1, 0xee, 0xf1, 0xee, 0xf1, 0xee, 0xf1, 0xee
.byte 0xf1, 0xde, 0xf1, 0xee, 0xf1, 0xee, 0xf1, 0xee, 0xf1, 0xee, 0xf1, 0xee, 0xf1, 0xde, 0xf1, 0xee
.byte 0xf1, 0xee, 0xf1, 0xee, 0xf1, 0xee, 0xf1, 0xee, 0xf1, 0xde, 0x6e, 0xde, 0x6e, 0xde, 0x6e, 0xce
.byte 0xf1, 0xde, 0x71, 0xde, 0xf1, 0xde, 0xf1, 0xde, 0xf1, 0xde, 0xf1, 0xde, 0x71, 0xde, 0xf1, 0xce
.byte 0xf3, 0xde, 0xf5, 0xde, 0xf3, 0xde, 0xf3, 0xde, 0x71, 0xce, 0xf1, 0xde, 0x73, 0xce, 0x71, 0xce
.byte 0xce, 0xbd, 0xca, 0x9d, 0x46, 0x75, 0x46, 0x65, 0xc4, 0x65, 0x44, 0x65, 0x44, 0x65, 0x44, 0x55
.byte 0xc4, 0x65, 0xc4, 0x55, 0xc4, 0x65, 0xc4, 0x65, 0xc4, 0x65, 0xc4, 0x65, 0x64, 0x56, 0xc4, 0x65
.byte 0xc4, 0x55, 0x64, 0x66, 0xc4, 0x55, 0xc4, 0x55, 0xc4, 0x55, 0xc2, 0x65, 0xc4, 0x55, 0xc4, 0x65
.byte 0xc2, 0x55, 0xc4, 0x55, 0x64, 0x66, 0x64, 0x66, 0xc4, 0x65, 0x64, 0x66, 0x64, 0x66, 0x64, 0x66
.byte 0x64, 0x66, 0xc4, 0x65, 0x64, 0x66, 0x64, 0x66, 0xc4, 0x65, 0x66, 0x76, 0xc6, 0x75, 0x66, 0x76
.byte 0x66, 0x66, 0xc4, 0x75, 0x66, 0x66, 0x64, 0x76, 0xc6, 0x75, 0x66, 0x76, 0x66, 0x76, 0xc8, 0x8d
.byte 0x6c, 0x9e, 0xd1, 0xbd, 0x55, 0xcd, 0x55, 0xbd, 0xd1, 0xac, 0x4a, 0x8d, 0xcc, 0x9d, 0x71, 0xbe
.byte 0xf3, 0xce, 0xf5, 0xde, 0xf3, 0xbe, 0x6e, 0xae, 0x6a, 0x8e, 0xc8, 0x8d, 0xc8, 0x75, 0x48, 0x75
.byte 0x48, 0x75, 0x46, 0x75, 0xc6, 0x75, 0xc6, 0x8d, 0x68, 0x9e, 0xc8, 0x8d, 0x48, 0x8d, 0xca, 0x8c
.byte 0x4a, 0x9d, 0x4e, 0xad, 0x51, 0xbd, 0x53, 0xcd, 0xd5, 0xcc, 0x55, 0xcd, 0x51, 0xcd, 0xca, 0x9d
.byte 0x66, 0x8e, 0x64, 0x76, 0x64, 0x66, 0x64, 0x66, 0xc4, 0x65, 0x64, 0x56, 0xc4, 0x55, 0x64, 0x66
.byte 0x66, 0x76, 0x6a, 0x8e, 0x6e, 0xae, 0xf1, 0xbe, 0x71, 0xbe, 0x6c, 0x9e, 0x48, 0x65, 0x44, 0x55
.byte 0x44, 0x45, 0xc2, 0x44, 0xc2, 0x44, 0xc2, 0x34, 0xc4, 0x34, 0x42, 0x34, 0x42, 0x44, 0x42, 0x34
.byte 0xa4, 0x43, 0x22, 0x43, 0x22, 0x43, 0x22, 0x43, 0x22, 0x53, 0xa2, 0x43, 0xa4, 0x43, 0xa2, 0x33
.byte 0xa4, 0x43, 0xa2, 0x53, 0x24, 0x73, 0x26, 0x8b, 0xa6, 0xab, 0xa8, 0xab, 0xa6, 0xab, 0xa8, 0xbb
.byte 0xa8, 0xbb, 0x48, 0xbc, 0x48, 0xcc, 0xa8, 0xbb, 0xa8, 0xbb, 0xa6, 0xab, 0xa8, 0xab, 0x26, 0xab
.byte 0xa8, 0xab, 0xa8, 0xab, 0xa6, 0xbb, 0x28, 0xab, 0xa6, 0xab, 0xa8, 0xab, 0xa8, 0xbb, 0x48, 0xbc
.byte 0x48, 0xbc, 0x4a, 0xcc, 0xca, 0xcc, 0xcc, 0xcc, 0x4a, 0xcc, 0xca, 0xdc, 0x4a, 0xcc, 0x4a, 0xcc
.byte 0x48, 0xbc, 0xa8, 0xbb, 0xa8, 0xab, 0xa6, 0xab, 0xa8, 0xab, 0xa8, 0xab, 0xa6, 0xab, 0x28, 0xbb
.byte 0xa6, 0xab, 0xa6, 0xab, 0xa8, 0xab, 0xca, 0x9b, 0x4c, 0xac, 0x4a, 0xbc, 0x4a, 0xcc, 0x4c, 0xbc
.byte 0x48, 0xcc, 0x48, 0xbc, 0x04, 0x8a, 0x21, 0x71, 0x21, 0x81, 0xc3, 0x79, 0x84, 0x7a, 0xc0, 0x88
.byte 0xc8, 0x9c, 0xc8, 0xac, 0xcc, 0xcd, 0xce, 0xdd, 0xee, 0xde, 0x71, 0xee, 0xee, 0xde, 0x6e, 0xce
.byte 0x6c, 0xbe, 0xcc, 0xbd, 0x6c, 0xce, 0x6e, 0xde, 0xf1, 0xde, 0xf1, 0xee, 0xf1, 0xee, 0xf1, 0xde
.byte 0xf1, 0xee, 0xf1, 0xee, 0xf1, 0xee, 0xf1, 0xee, 0xf1, 0xee, 0xf1, 0xee, 0xf1, 0xee, 0xf1, 0xee
.byte 0xf3, 0xee, 0xf1, 0xee, 0xf1, 0xee, 0xf3, 0xee, 0xf1, 0xee, 0xf1, 0xee, 0xf3, 0xee, 0xf1, 0xee
.byte 0xf1, 0xee, 0xf1, 0xee, 0xf1, 0xee, 0xf1, 0xee, 0xf1, 0xee, 0xf1, 0xee, 0xf3, 0xee, 0xf1, 0xee
.byte 0xf1, 0xee, 0xf3, 0xee, 0xf1, 0xee, 0xf1, 0xee, 0xf3, 0xee, 0xf1, 0xee, 0xf1, 0xee, 0xf1, 0xee
.byte 0x71, 0xde, 0xee, 0xde, 0x71, 0xde, 0xf1, 0xde, 0x6e, 0xde, 0x6e, 0xce, 0x6c, 0xbe, 0x6a, 0xbe
.byte 0x6c, 0xbe, 0x6e, 0xde, 0x6e, 0xce, 0x6e, 0xce, 0x6e, 0xce, 0x6e, 0xce, 0xf1, 0xde, 0xf1, 0xde
.byte 0xf3, 0xde, 0x71, 0xce, 0xf1, 0xce, 0x71, 0xce, 0x6e, 0xce, 0x6e, 0xce, 0x6e, 0xce, 0x6e, 0xbe
.byte 0xcc, 0xad, 0xca, 0x9d, 0x48, 0x75, 0xc6, 0x65, 0xc4, 0x65, 0xc4, 0x55, 0xc4, 0x55, 0xc4, 0x55
.byte 0xc2, 0x65, 0xc4, 0x55, 0x64, 0x66, 0x64, 0x66, 0x64, 0x66, 0x64, 0x66, 0xc4, 0x65, 0x64, 0x66
.byte 0xc4, 0x55, 0xc2, 0x55, 0xc4, 0x65, 0xc2, 0x55, 0x64, 0x66, 0xc4, 0x55, 0x64, 0x56, 0xc2, 0x55
.byte 0x64, 0x66, 0xc4, 0x65, 0x64, 0x66, 0x64, 0x66, 0x64, 0x66, 0x64, 0x76, 0x64, 0x76, 0x64, 0x66
.byte 0x64, 0x66, 0x64, 0x66, 0x64, 0x66, 0x64, 0x76, 0x64, 0x76, 0x66, 0x76, 0x64, 0x76, 0x66, 0x76
.byte 0x64, 0x76, 0x64, 0x66, 0x64, 0x66, 0xc4, 0x65, 0x64, 0x66, 0x64, 0x66, 0xc6, 0x75, 0xc8, 0x8d
.byte 0xce, 0xad, 0x53, 0xbd, 0x55, 0xcd, 0xd5, 0xcc, 0xce, 0xac, 0x4c, 0x9d, 0xca, 0x9d, 0xee, 0xae
.byte 0xf1, 0xbe, 0x71, 0xbe, 0x6e, 0xae, 0x6a, 0x8e, 0xc8, 0x75, 0x66, 0x66, 0xc4, 0x65, 0xc6, 0x65
.byte 0xc4, 0x65, 0xc4, 0x75, 0x66, 0x76, 0x66, 0x8e, 0x66, 0x8e, 0x66, 0x8e, 0xc6, 0x75, 0xc6, 0x8d
.byte 0xc8, 0x8d, 0xca, 0x9d, 0x4c, 0xad, 0xd1, 0xbc, 0xd3, 0xbc, 0x53, 0xcd, 0x4e, 0xad, 0xca, 0x9d
.byte 0x66, 0x76, 0x64, 0x66, 0x64, 0x66, 0xc4, 0x65, 0x62, 0x56, 0xc4, 0x55, 0x64, 0x66, 0xc4, 0x65
.byte 0x68, 0x76, 0x6c, 0x9e, 0xf3, 0xbe, 0xf5, 0xce, 0x75, 0xce, 0x6e, 0x9e, 0xca, 0x75, 0x44, 0x55
.byte 0xc4, 0x44, 0x42, 0x45, 0xc2, 0x34, 0x44, 0x34, 0x42, 0x44, 0x42, 0x44, 0xa4, 0x43, 0xa2, 0x43
.byte 0xa2, 0x43, 0x24, 0x53, 0x24, 0x63, 0xa4, 0x62, 0x24, 0x53, 0x24, 0x53, 0xa2, 0x43, 0x42, 0x44
.byte 0xa2, 0x43, 0xa4, 0x53, 0xa6, 0x73, 0x26, 0x9b, 0xa6, 0xab, 0x28, 0xab, 0xa6, 0xab, 0xa8, 0xbb
.byte 0xa6, 0xab, 0x48, 0xbc, 0xa8, 0xbb, 0x48, 0xbc, 0xa8, 0xbb, 0xa6, 0xab, 0xa8, 0xbb, 0xa6, 0xab
.byte 0xa8, 0xab, 0x26, 0xab, 0xa8, 0xab, 0xa6, 0xab, 0xa8, 0xab, 0xa8, 0xab, 0xa8, 0xbb, 0xa8, 0xbb
.byte 0x4a, 0xbc, 0x4a, 0xcc, 0xca, 0xcc, 0xca, 0xcc, 0xca, 0xdc, 0xca, 0xcc, 0xca, 0xcc, 0x4a, 0xcc
.byte 0x48, 0xbc, 0xa8, 0xbb, 0xa8, 0xab, 0xa6, 0xab, 0x28, 0xab, 0xa6, 0xab, 0x26, 0xab, 0xa8, 0xab
.byte 0xa8, 0xab, 0xca, 0x9b, 0xa8, 0xab, 0x4c, 0xac, 0xce, 0xac, 0x50, 0xbd, 0x4e, 0xbd, 0xcc, 0xdc
.byte 0xca, 0xcc, 0x48, 0xcc, 0xc3, 0x79, 0x02, 0x89, 0xa4, 0xba, 0x24, 0xaa, 0xa2, 0x89, 0x22, 0x79
.byte 0x48, 0x9d, 0xcc, 0xbd, 0xce, 0xcd, 0x6e, 0xde, 0x71, 0xde, 0x6e, 0xce, 0xcc, 0xbd, 0xcc, 0xbd
.byte 0x4a, 0xad, 0xca, 0xad, 0xcc, 0xbd, 0x6e, 0xde, 0xf1, 0xde, 0xf1, 0xee, 0xf1, 0xee, 0xf1, 0xee
.byte 0xf3, 0xee, 0xf1, 0xee, 0xf1, 0xde, 0xf3, 0xee, 0xf1, 0xee, 0xf1, 0xee, 0xf3, 0xee, 0xf1, 0xee
.byte 0xf1, 0xee, 0xf1, 0xee, 0xf1, 0xee, 0xf1, 0xee, 0xf1, 0xee, 0xf1, 0xee, 0xf1, 0xee, 0x71, 0xee
.byte 0xf1, 0xde, 0xf1, 0xee, 0xf1, 0xee, 0xf1, 0xde, 0x71, 0xee, 0xf1, 0xee, 0xf1, 0xee, 0xf1, 0xee
.byte 0xf1, 0xee, 0xf1, 0xee, 0xf1, 0xee, 0xf1, 0xee, 0xf1, 0xee, 0xf1, 0xee, 0x71, 0xee, 0xee, 0xde
.byte 0x6e, 0xce, 0x6e, 0xce, 0x6c, 0xce, 0x6c, 0xce, 0x6c, 0xbe, 0xca, 0xad, 0x68, 0xae, 0xca, 0xad
.byte 0xcc, 0xbd, 0x6c, 0xbe, 0x6c, 0xbe, 0xcc, 0xbd, 0xcc, 0xbd, 0x6c, 0xce, 0x71, 0xde, 0xf3, 0xde
.byte 0x71, 0xce, 0x6e, 0xbe, 0x6c, 0xbe, 0x6c, 0xbe, 0x6c, 0xce, 0x6e, 0xce, 0x6c, 0xbe, 0x6c, 0xae
.byte 0xcc, 0xad, 0xcc, 0x9d, 0xc8, 0x75, 0xc6, 0x75, 0xc4, 0x65, 0xc4, 0x55, 0x64, 0x66, 0xc4, 0x65
.byte 0x64, 0x66, 0x64, 0x66, 0x64, 0x66, 0x64, 0x76, 0x64, 0x76, 0xe4, 0x76, 0x64, 0x66, 0x64, 0x56
.byte 0xc2, 0x65, 0x64, 0x56, 0xc4, 0x65, 0x64, 0x56, 0xc4, 0x55, 0x62, 0x66, 0xc4, 0x55, 0xc4, 0x65
.byte 0x64, 0x66, 0x64, 0x76, 0x64, 0x76, 0x64, 0x76, 0x64, 0x76, 0xe4, 0x76, 0x66, 0x76, 0xe4, 0x8e
.byte 0x64, 0x76, 0x64, 0x76, 0x64, 0x76, 0xe4, 0x76, 0x64, 0x8e, 0xe4, 0x8e, 0x66, 0x8e, 0x64, 0x76
.byte 0x64, 0x8e, 0x64, 0x66, 0x64, 0x66, 0x64, 0x66, 0x64, 0x66, 0xc4, 0x65, 0x66, 0x66, 0xc8, 0x75
.byte 0xcc, 0x9d, 0xce, 0xad, 0x53, 0xbd, 0x51, 0xbd, 0xcc, 0xac, 0x4a, 0x8d, 0xc8, 0x8d, 0x6a, 0xae
.byte 0xec, 0xae, 0x6a, 0x9e, 0xc8, 0x8d, 0xc6, 0x75, 0xc6, 0x65, 0xc4, 0x65, 0x64, 0x66, 0xc4, 0x65
.byte 0x64, 0x76, 0x66, 0x76, 0x64, 0x76, 0x66, 0x8e, 0xe6, 0x8e, 0x64, 0x76, 0x66, 0x8e, 0x66, 0x76
.byte 0xc6, 0x8d, 0xc8, 0x8d, 0x4a, 0x9d, 0x4c, 0x9d, 0xcc, 0xac, 0x4e, 0xad, 0xca, 0x9d, 0x68, 0x8e
.byte 0x64, 0x76, 0x64, 0x66, 0xc2, 0x55, 0x64, 0x56, 0x64, 0x66, 0xc2, 0x55, 0x64, 0x56, 0x64, 0x66
.byte 0x68, 0x76, 0x6c, 0x9e, 0x71, 0xbe, 0x73, 0xce, 0xf3, 0xbe, 0x6e, 0xae, 0xc8, 0x75, 0xc4, 0x44
.byte 0xc2, 0x44, 0xc4, 0x34, 0xc2, 0x44, 0x42, 0x44, 0xa4, 0x43, 0xa2, 0x43, 0x24, 0x53, 0x24, 0x53
.byte 0x24, 0x53, 0x24, 0x63, 0xa4, 0x72, 0x26, 0x73, 0xa4, 0x62, 0x24, 0x63, 0xa4, 0x53, 0xa2, 0x43
.byte 0xa4, 0x43, 0xa2, 0x53, 0xa4, 0x63, 0xa6, 0x9b, 0xa6, 0x9b, 0xa8, 0xab, 0xa6, 0xab, 0x28, 0xab
.byte 0xa8, 0xbb, 0xa6, 0xbb, 0xa8, 0xbb, 0x48, 0xbc, 0xa8, 0xbb, 0xa8, 0xab, 0xa6, 0xab, 0x28, 0xab
.byte 0xa6, 0xab, 0xa8, 0xab, 0x26, 0xab, 0xa8, 0xab, 0xa6, 0xab, 0xa8, 0xbb, 0x4a, 0xbc, 0x48, 0xbc
.byte 0x4a, 0xbc, 0x48, 0xcc, 0xca, 0xcc, 0x4a, 0xcc, 0xca, 0xcc, 0xcc, 0xdc, 0x4a, 0xcc, 0x4a, 0xbc
.byte 0xa8, 0xbb, 0xa8, 0xab, 0xa6, 0xbb, 0xa8, 0xab, 0xa6, 0xab, 0xa8, 0xab, 0xa8, 0xbb, 0xa8, 0xab
.byte 0xa8, 0xab, 0xcc, 0xab, 0xaf, 0xa4, 0xb1, 0xa4, 0x94, 0xa5, 0x97, 0xb5, 0xb4, 0xcd, 0x52, 0xbd
.byte 0xcc, 0xcc, 0xce, 0xbc, 0x47, 0xa3, 0xc0, 0x68, 0x46, 0xdc, 0x46, 0xec, 0x46, 0xec, 0x46, 0xdc
.byte 0xca, 0xad, 0xcc, 0xbd, 0x6e, 0xde, 0x6e, 0xce, 0x6e, 0xce, 0xca, 0xbd, 0xca, 0xad, 0x48, 0x9d
.byte 0xca, 0x9d, 0xca, 0xad, 0x6c, 0xce, 0x6e, 0xde, 0xf1, 0xee, 0xf1, 0xee, 0xf3, 0xee, 0xf1, 0xee
.byte 0xf1, 0xee, 0xf1, 0xee, 0xf1, 0xee, 0xf1, 0xee, 0xf1, 0xde, 0xf1, 0xee, 0xf1, 0xee, 0xf1, 0xee
.byte 0xf1, 0xde, 0xf1, 0xee, 0xf1, 0xee, 0xf1, 0xee, 0xf1, 0xee, 0xf1, 0xee, 0xf1, 0xee, 0xf1, 0xee
.byte 0xf1, 0xee, 0x71, 0xee, 0xf1, 0xde, 0x71, 0xee, 0xf1, 0xee, 0xf1, 0xde, 0xf1, 0xee, 0xf1, 0xee
.byte 0xf3, 0xee, 0xf1, 0xee, 0xf3, 0xee, 0xf3, 0xee, 0xf3, 0xee, 0xf1, 0xee, 0xf1, 0xde, 0x6e, 0xce
.byte 0xcc, 0xbd, 0xca, 0xad, 0x6a, 0xae, 0xca, 0xad, 0x6a, 0xae, 0xc8, 0x9d, 0xc8, 0x9d, 0x68, 0x9e
.byte 0x6c, 0xae, 0x6e, 0xbe, 0x6e, 0xbe, 0x6c, 0xae, 0x6c, 0xae, 0x6e, 0xbe, 0x71, 0xce, 0xf3, 0xde
.byte 0x71, 0xce, 0x6c, 0xbe, 0x6a, 0xae, 0xcc, 0xbd, 0x6c, 0xbe, 0x6c, 0xbe, 0xce, 0xbd, 0xce, 0xbd
.byte 0xce, 0xad, 0xce, 0x9d, 0xcc, 0x9d, 0xc8, 0x75, 0x68, 0x76, 0xc6, 0x75, 0x64, 0x76, 0x64, 0x76
.byte 0x66, 0x66, 0x64, 0x76, 0x64, 0x76, 0xe4, 0x76, 0x64, 0x8e, 0x64, 0x76, 0x64, 0x76, 0x64, 0x66
.byte 0x64, 0x66, 0xc4, 0x55, 0x62, 0x56, 0xc4, 0x55, 0xc2, 0x65, 0xc4, 0x55, 0x62, 0x66, 0x64, 0x66
.byte 0x64, 0x66, 0x64, 0x76, 0xe4, 0x8e, 0x64, 0x8e, 0xe6, 0x8e, 0x64, 0x8e, 0xe4, 0x8e, 0x64, 0x8e
.byte 0xe6, 0x76, 0x64, 0x76, 0xe4, 0x8e, 0x66, 0x8e, 0xe4, 0x8e, 0xe6, 0x8e, 0xe4, 0x9e, 0xe6, 0x8e
.byte 0xe4, 0x76, 0x64, 0x76, 0x64, 0x76, 0x64, 0x66, 0xc4, 0x65, 0x64, 0x66, 0xc4, 0x65, 0x66, 0x76
.byte 0xc8, 0x8d, 0xca, 0x9d, 0xcc, 0xad, 0x4c, 0x9d, 0x4a, 0x9d, 0xc8, 0x8d, 0xc6, 0x8d, 0x66, 0x8e
.byte 0xe8, 0x8e, 0x66, 0x8e, 0xc6, 0x75, 0xc6, 0x65, 0xc4, 0x65, 0x64, 0x66, 0xc4, 0x55, 0x64, 0x66
.byte 0x64, 0x76, 0x64, 0x76, 0x66, 0x8e, 0xe4, 0x8e, 0x64, 0x8e, 0xe6, 0x8e, 0x64, 0x8e, 0xe6, 0x8e
.byte 0x64, 0x8e, 0x66, 0x8e, 0xc8, 0x8d, 0xc8, 0x8d, 0xc8, 0x8d, 0x68, 0x9e, 0x68, 0x8e, 0x64, 0x8e
.byte 0x64, 0x66, 0xc4, 0x65, 0x64, 0x56, 0xc4, 0x65, 0xc2, 0x55, 0x64, 0x56, 0x64, 0x66, 0xc4, 0x65
.byte 0xc6, 0x65, 0xca, 0x8d, 0xcc, 0x9d, 0x6e, 0xae, 0x6e, 0x9e, 0xca, 0x8d, 0x48, 0x65, 0x44, 0x45
.byte 0xc4, 0x44, 0x42, 0x34, 0x42, 0x44, 0xa4, 0x33, 0xa2, 0x43, 0x24, 0x53, 0x24, 0x63, 0x24, 0x63
.byte 0x24, 0x63, 0xa4, 0x72, 0x24, 0x8b, 0xa6, 0x8a, 0x24, 0x8b, 0xa4, 0x72, 0x24, 0x53, 0xa4, 0x53
.byte 0xa2, 0x43, 0xa4, 0x53, 0xa4, 0x63, 0x26, 0x8b, 0xa6, 0xab, 0x28, 0xab, 0xa6, 0xab, 0xa8, 0xab
.byte 0xa6, 0xbb, 0xa8, 0xab, 0xa8, 0xbb, 0xa6, 0xbb, 0xa8, 0xbb, 0xa6, 0xab, 0xa8, 0xab, 0xa6, 0xbb
.byte 0xa8, 0xab, 0xa6, 0xab, 0xa8, 0xab, 0xa8, 0xab, 0xca, 0x9b, 0xcc, 0xab, 0x4a, 0xbc, 0x4c, 0xb4
.byte 0x4a, 0xbc, 0x4c, 0xbc, 0x4a, 0xcc, 0xca, 0xcc, 0x4a, 0xcc, 0xca, 0xcc, 0xca, 0xcc, 0x4a, 0xcc
.byte 0x48, 0xbc, 0xa8, 0xbb, 0xa8, 0xab, 0xa6, 0xab, 0xa8, 0xab, 0xa8, 0xab, 0xca, 0x9b, 0x48, 0xac
.byte 0x4d, 0xa4, 0xaf, 0xa4, 0xb3, 0x8c, 0x37, 0x75, 0x99, 0x7d, 0xb8, 0x8d, 0x38, 0xa6, 0xf7, 0xb5
.byte 0xb3, 0xc5, 0x33, 0xb5, 0xce, 0xac, 0xc0, 0x48, 0x47, 0xc3, 0x46, 0xdc, 0x46, 0xec, 0x46, 0xdc
.byte 0xca, 0xad, 0x6e, 0xce, 0x6c, 0xce, 0x6c, 0xbe, 0xca, 0xbd, 0xca, 0x9d, 0x48, 0x9d, 0x48, 0x9d
.byte 0x4a, 0x9d, 0xca, 0xbd, 0x6e, 0xce, 0xf1, 0xde, 0xf1, 0xee, 0xf1, 0xee, 0xf1, 0xee, 0xf1, 0xee
.byte 0xf1, 0xee, 0xf1, 0xee, 0xf1, 0xee, 0xf1, 0xee, 0x71, 0xee, 0xf1, 0xee, 0xf1, 0xee, 0xf1, 0xee
.byte 0xf1, 0xee, 0xf1, 0xee, 0xf1, 0xde, 0xf1, 0xee, 0xf1, 0xde, 0xf1, 0xee, 0xf1, 0xee, 0xf1, 0xde
.byte 0x71, 0xee, 0xf1, 0xde, 0x6e, 0xde, 0xf1, 0xee, 0x73, 0xde, 0xf3, 0xee, 0xf1, 0xee, 0xf3, 0xee
.byte 0xf1, 0xee, 0xf3, 0xee, 0xf5, 0xee, 0xf5, 0xee, 0xf3, 0xee, 0xf3, 0xee, 0x71, 0xde, 0x6e, 0xce
.byte 0xca, 0xad, 0xc8, 0x9d, 0xc8, 0xad, 0x66, 0x9e, 0xc6, 0x9d, 0xc6, 0x9d, 0x68, 0x9e, 0x6c, 0xae
.byte 0xee, 0xbe, 0xf3, 0xce, 0xf3, 0xbe, 0x6e, 0xbe, 0x6c, 0xbe, 0x6e, 0xbe, 0xf1, 0xce, 0xf3, 0xce
.byte 0xf1, 0xbe, 0x6c, 0xae, 0x6a, 0xae, 0x6a, 0xae, 0xcc, 0xbd, 0x6e, 0xbe, 0x71, 0xbe, 0x6e, 0xbe
.byte 0x71, 0xae, 0x6e, 0x9e, 0x6e, 0x9e, 0x6c, 0x8e, 0x6a, 0x8e, 0x6a, 0x8e, 0x68, 0x8e, 0xe6, 0x8e
.byte 0x64, 0x8e, 0xe4, 0x8e, 0x66, 0x8e, 0xe4, 0x8e, 0x64, 0x8e, 0xe6, 0x76, 0x64, 0x76, 0x64, 0x66
.byte 0x64, 0x66, 0x64, 0x66, 0x64, 0x66, 0x64, 0x66, 0x64, 0x56, 0x64, 0x66, 0x64, 0x66, 0x64, 0x66
.byte 0x64, 0x76, 0xe4, 0x76, 0xe4, 0x8e, 0xe6, 0x8e, 0xe4, 0x8e, 0xe6, 0x8e, 0xe4, 0x9e, 0xe6, 0x8e
.byte 0xe4, 0x8e, 0x64, 0x8e, 0xe6, 0x8e, 0xe4, 0x8e, 0xe6, 0x9e, 0xe4, 0x8e, 0xe6, 0x8e, 0xe4, 0x8e
.byte 0x64, 0x8e, 0x64, 0x76, 0x64, 0x66, 0x64, 0x66, 0x64, 0x66, 0x64, 0x66, 0x64, 0x66, 0x64, 0x76
.byte 0x66, 0x8e, 0x66, 0x8e, 0x68, 0x9e, 0x68, 0x9e, 0x66, 0x8e, 0x66, 0x8e, 0x66, 0x8e, 0x66, 0x8e
.byte 0x66, 0x8e, 0x64, 0x76, 0x64, 0x76, 0xc4, 0x65, 0x64, 0x66, 0xc4, 0x55, 0x64, 0x66, 0x64, 0x66
.byte 0x64, 0x66, 0x64, 0x76, 0x66, 0x76, 0xe6, 0x8e, 0x66, 0x8e, 0xe6, 0x8e, 0x64, 0x8e, 0x66, 0x76
.byte 0x64, 0x76, 0x66, 0x8e, 0xc4, 0x75, 0x66, 0x8e, 0x66, 0x8e, 0x66, 0x8e, 0x66, 0x76, 0x64, 0x76
.byte 0x64, 0x66, 0x64, 0x66, 0xc4, 0x55, 0x62, 0x56, 0x64, 0x66, 0xc4, 0x55, 0xc2, 0x65, 0x64, 0x56
.byte 0xc4, 0x65, 0x46, 0x65, 0xc8, 0x75, 0xc8, 0x75, 0xca, 0x8d, 0xc8, 0x75, 0x44, 0x55, 0x44, 0x45
.byte 0xc2, 0x44, 0xc2, 0x34, 0x42, 0x34, 0xa4, 0x43, 0x22, 0x43, 0x24, 0x63, 0x24, 0x63, 0xa6, 0x72
.byte 0x24, 0x73, 0x26, 0x8b, 0xa6, 0x8a, 0x26, 0x8b, 0xa6, 0x8a, 0xa4, 0x8a, 0x26, 0x63, 0x24, 0x63
.byte 0xa2, 0x43, 0xa4, 0x53, 0x24, 0x63, 0xa6, 0x73, 0x26, 0x9b, 0xa6, 0x9b, 0xa8, 0xab, 0x26, 0xab
.byte 0xa8, 0xab, 0xa6, 0xbb, 0xa8, 0xab, 0xa8, 0xbb, 0xa8, 0xab, 0xa8, 0xbb, 0x26, 0xab, 0xa8, 0xab
.byte 0x26, 0xab, 0xa8, 0xab, 0xca, 0x9b, 0x4a, 0xac, 0x4c, 0xac, 0xaf, 0xa4, 0xb0, 0x94, 0xaf, 0xa4
.byte 0x4e, 0xbc, 0xcc, 0xac, 0xce, 0xbc, 0xcc, 0xbc, 0xcc, 0xcc, 0xce, 0xcc, 0x4a, 0xcc, 0xcc, 0xbc
.byte 0x4c, 0xac, 0xa8, 0xab, 0xca, 0x9b, 0xa8, 0xab, 0x4a, 0xbc, 0xca, 0x9b, 0x4c, 0xac, 0xaf, 0xa4
.byte 0xb3, 0x8c, 0x54, 0x7d, 0x18, 0x65, 0x59, 0x4d, 0x5b, 0x4d, 0x9c, 0x4d, 0xbb, 0x6d, 0x1a, 0x96
.byte 0xd8, 0xa5, 0x95, 0xa5, 0x94, 0xa5, 0xe8, 0x61, 0xc1, 0x48, 0xc7, 0xd3, 0x46, 0xdc, 0x46, 0xec
.byte 0xca, 0xad, 0x6c, 0xbe, 0xca, 0xbd, 0xca, 0xad, 0xc8, 0x9d, 0x46, 0x8d, 0x46, 0x8d, 0x48, 0x8d
.byte 0x48, 0x9d, 0xcc, 0xbd, 0x6e, 0xce, 0x6e, 0xde, 0xf1, 0xee, 0xf1, 0xee, 0xf1, 0xee, 0xf1, 0xee
.byte 0xf1, 0xde, 0x71, 0xee, 0xf1, 0xde, 0xf1, 0xee, 0xf1, 0xee, 0xf1, 0xee, 0xf1, 0xee, 0x71, 0xde
.byte 0xf1, 0xee, 0x71, 0xde, 0xf1, 0xee, 0x71, 0xee, 0xf1, 0xee, 0xf1, 0xee, 0x6e, 0xde, 0x71, 0xde
.byte 0x6e, 0xde, 0x6e, 0xde, 0x71, 0xde, 0xf3, 0xde, 0xf5, 0xee, 0xf5, 0xee, 0xf3, 0xde, 0xf3, 0xee
.byte 0xf3, 0xde, 0xf5, 0xee, 0xf7, 0xee, 0xf5, 0xee, 0x75, 0xde, 0x71, 0xee, 0x71, 0xce, 0x6c, 0xce
.byte 0xca, 0xad, 0xc8, 0x9d, 0x66, 0x9e, 0x68, 0xae, 0x66, 0x9e, 0xe6, 0xae, 0xe8, 0xae, 0xee, 0xbe
.byte 0xf3, 0xce, 0x75, 0xdf, 0xf5, 0xce, 0x71, 0xcf, 0xf1, 0xbe, 0xf1, 0xbe, 0x71, 0xce, 0xf1, 0xbe
.byte 0xec, 0xbe, 0x6a, 0xbe, 0x6a, 0xae, 0x6c, 0xbe, 0x6e, 0xbe, 0x73, 0xce, 0x71, 0xbe, 0x71, 0xbe
.byte 0xcc, 0x9d, 0x6c, 0x9e, 0x6c, 0x9e, 0x6e, 0x9e, 0x6e, 0xae, 0x6e, 0xae, 0x6a, 0x9e, 0x68, 0x9e
.byte 0xe6, 0x8e, 0x64, 0x8e, 0xe6, 0x8e, 0xe4, 0x8e, 0xe6, 0x8e, 0xe4, 0x8e, 0x64, 0x8e, 0x64, 0x76
.byte 0x64, 0x76, 0x64, 0x66, 0x64, 0x76, 0x64, 0x66, 0x64, 0x66, 0x64, 0x66, 0x64, 0x66, 0x64, 0x76
.byte 0x64, 0x76, 0xe6, 0x8e, 0x64, 0x8e, 0xe6, 0x8e, 0xe4, 0x8e, 0xe6, 0x9e, 0xe4, 0x8e, 0xe6, 0x9e
.byte 0x64, 0x8e, 0xe6, 0x8e, 0xe4, 0x8e, 0xe6, 0x8e, 0xe4, 0x9e, 0xe6, 0x8e, 0x64, 0x8e, 0xe6, 0x8e
.byte 0x64, 0x76, 0x64, 0x66, 0x64, 0x66, 0x64, 0x66, 0x64, 0x76, 0x64, 0x76, 0x66, 0x76, 0xe4, 0x76
.byte 0x64, 0x8e, 0xe6, 0x8e, 0x66, 0x9e, 0xe6, 0x8e, 0x66, 0x9e, 0x64, 0x8e, 0xe6, 0x8e, 0x66, 0x76
.byte 0x64, 0x76, 0x66, 0x76, 0xc4, 0x65, 0x64, 0x66, 0xc4, 0x65, 0x64, 0x56, 0xc4, 0x65, 0x64, 0x66
.byte 0xc4, 0x65, 0x64, 0x76, 0x64, 0x76, 0xe4, 0x76, 0x64, 0x8e, 0xe4, 0x76, 0x64, 0x76, 0x64, 0x76
.byte 0x64, 0x76, 0x64, 0x66, 0x64, 0x76, 0x64, 0x76, 0x64, 0x8e, 0x64, 0x76, 0x64, 0x76, 0x64, 0x66
.byte 0x64, 0x66, 0xc2, 0x65, 0x64, 0x56, 0xc4, 0x65, 0xc2, 0x55, 0x64, 0x66, 0x64, 0x56, 0xc4, 0x65
.byte 0xc4, 0x65, 0xc4, 0x55, 0x44, 0x55, 0x44, 0x65, 0x46, 0x55, 0x44, 0x55, 0x44, 0x55, 0xc2, 0x44
.byte 0xc2, 0x44, 0x44, 0x34, 0x42, 0x44, 0xa2, 0x43, 0x24, 0x53, 0x24, 0x63, 0xa4, 0x72, 0x26, 0x73
.byte 0xa4, 0x9a, 0x26, 0x8b, 0x26, 0x9b, 0xa6, 0x8a, 0x24, 0x8b, 0xa6, 0x8a, 0x24, 0x73, 0xa4, 0x72
.byte 0x24, 0x53, 0x24, 0x53, 0xa2, 0x53, 0x24, 0x73, 0xa6, 0x8b, 0xa6, 0x9b, 0x28, 0x9b, 0xa6, 0xab
.byte 0xa8, 0xab, 0xa6, 0xab, 0xa8, 0xab, 0xa6, 0xab, 0xa8, 0xbb, 0xa6, 0xab, 0xa8, 0xab, 0xa8, 0xab
.byte 0xa6, 0xab, 0xa8, 0xbb, 0xcc, 0x9b, 0x4d, 0xa4, 0xb2, 0x94, 0xf6, 0x8c, 0xf6, 0x8c, 0xf6, 0x8c
.byte 0x13, 0x95, 0x12, 0xa5, 0xb1, 0xb4, 0x2f, 0xb5, 0x31, 0xc5, 0x2f, 0xb5, 0x31, 0xb5, 0xaf, 0xb4
.byte 0x4f, 0xa4, 0x4d, 0xa4, 0x4d, 0xa4, 0x4f, 0xa4, 0x4d, 0xa4, 0xb0, 0x94, 0xb3, 0x8c, 0xf4, 0x7c
.byte 0xf7, 0x74, 0x18, 0x4d, 0xfb, 0x3c, 0xfa, 0x2c, 0xfb, 0x24, 0x3b, 0x35, 0x3c, 0x35, 0x9a, 0x55
.byte 0x5a, 0x55, 0x7a, 0x6d, 0x8e, 0x63, 0x43, 0x61, 0xa4, 0xaa, 0x46, 0xdc, 0x46, 0xec, 0x46, 0xdc
.byte 0xca, 0xad, 0xc8, 0xad, 0xca, 0xad, 0xc8, 0x9d, 0x46, 0x8d, 0x46, 0x8d, 0xc6, 0x74, 0x48, 0x8d
.byte 0x48, 0x9d, 0xca, 0xad, 0x6e, 0xce, 0x6e, 0xde, 0x71, 0xde, 0xee, 0xee, 0x71, 0xde, 0xee, 0xde
.byte 0x6e, 0xde, 0x6e, 0xce, 0x6e, 0xde, 0x71, 0xde, 0xf1, 0xde, 0x6e, 0xde, 0x71, 0xde, 0x6e, 0xde
.byte 0x6e, 0xde, 0x71, 0xde, 0x6e, 0xde, 0x71, 0xde, 0x71, 0xde, 0x6e, 0xde, 0x71, 0xde, 0x6e, 0xde
.byte 0x6e, 0xce, 0xce, 0xbd, 0x71, 0xce, 0xf3, 0xde, 0xf5, 0xde, 0xf5, 0xde, 0xf3, 0xde, 0x71, 0xde
.byte 0x73, 0xde, 0xf3, 0xde, 0x75, 0xde, 0x75, 0xde, 0x73, 0xde, 0x71, 0xce, 0xcc, 0xcd, 0xca, 0xad
.byte 0xc8, 0xad, 0xc8, 0x9d, 0xe6, 0xae, 0xe6, 0xae, 0xe6, 0xae, 0xe8, 0xae, 0xea, 0xbe, 0x6e, 0xcf
.byte 0x73, 0xcf, 0xf5, 0xce, 0x73, 0xdf, 0xf3, 0xce, 0xf3, 0xce, 0xf3, 0xce, 0xf3, 0xbe, 0xee, 0xbe
.byte 0xea, 0xae, 0xe8, 0xae, 0xea, 0xbe, 0x6c, 0xae, 0xf1, 0xbe, 0x71, 0xbe, 0x71, 0xbe, 0x6c, 0x9e
.byte 0x6a, 0x9e, 0x6a, 0x8e, 0x6a, 0x9e, 0x6e, 0x9e, 0x6e, 0xae, 0x6e, 0xae, 0x6c, 0xae, 0xe8, 0x9e
.byte 0xe6, 0x8e, 0xe6, 0x9e, 0xe4, 0x8e, 0xe6, 0x9e, 0xe4, 0x8e, 0x66, 0x8e, 0xe4, 0x8e, 0xe6, 0x8e
.byte 0xe4, 0x8e, 0x64, 0x8e, 0xe4, 0x76, 0x64, 0x8e, 0x66, 0x76, 0x64, 0x76, 0xe4, 0x76, 0x66, 0x76
.byte 0xe4, 0x8e, 0xe4, 0x8e, 0xe4, 0x8e, 0xe6, 0x8e, 0xe4, 0x9e, 0xe6, 0x8e, 0xe4, 0x8e, 0xe6, 0x8e
.byte 0xe4, 0x9e, 0xe6, 0x8e, 0xe4, 0x9e, 0xe6, 0x8e, 0xe6, 0x9e, 0xe4, 0x8e, 0xe6, 0x8e, 0xe4, 0x8e
.byte 0x64, 0x76, 0x64, 0x66, 0x64, 0x66, 0x64, 0x76, 0x64, 0x76, 0xe4, 0x8e, 0xe4, 0x8e, 0x66, 0x8e
.byte 0xe4, 0x8e, 0xe6, 0x9e, 0xe4, 0x8e, 0xe6, 0x9e, 0xe4, 0x8e, 0xe6, 0x8e, 0xe4, 0x8e, 0x64, 0x8e
.byte 0xe4, 0x76, 0x64, 0x66, 0x64, 0x66, 0x64, 0x66, 0xc2, 0x55, 0x64, 0x66, 0xc2, 0x55, 0x64, 0x66
.byte 0x64, 0x56, 0x64, 0x66, 0x64, 0x66, 0x64, 0x76, 0x64, 0x76, 0x64, 0x66, 0x64, 0x66, 0x64, 0x66
.byte 0x64, 0x66, 0x64, 0x66, 0x64, 0x66, 0x64, 0x76, 0x64, 0x66, 0x64, 0x66, 0x64, 0x66, 0x64, 0x66
.byte 0x64, 0x66, 0xc4, 0x55, 0x62, 0x56, 0x64, 0x56, 0x64, 0x66, 0xc4, 0x55, 0xc2, 0x55, 0xc4, 0x55
.byte 0xc4, 0x55, 0x44, 0x55, 0x44, 0x55, 0x44, 0x55, 0x42, 0x55, 0x44, 0x45, 0xc4, 0x44, 0xc2, 0x44
.byte 0xc4, 0x44, 0x42, 0x34, 0x44, 0x44, 0xa2, 0x43, 0x22, 0x43, 0x24, 0x53, 0xa4, 0x72, 0x26, 0x8b
.byte 0x26, 0x8b, 0x26, 0x9b, 0x26, 0x9b, 0xa6, 0x9a, 0x26, 0x8b, 0xa6, 0x8a, 0xa4, 0x8a, 0x26, 0x73
.byte 0x24, 0x63, 0x24, 0x53, 0x24, 0x53, 0xa4, 0x63, 0x24, 0x73, 0x26, 0x9b, 0xa6, 0xab, 0xa8, 0xab
.byte 0xa6, 0xab, 0x28, 0xab, 0xa6, 0xab, 0xa8, 0xbb, 0xa6, 0xab, 0xa8, 0xbb, 0xa6, 0xab, 0xca, 0x9b
.byte 0xca, 0xab, 0x4c, 0x9c, 0x50, 0x94, 0x13, 0x95, 0xd6, 0x6c, 0x18, 0x5d, 0x99, 0x54, 0x18, 0x6d
.byte 0xd8, 0x54, 0xf7, 0x7c, 0xf4, 0x8c, 0x56, 0x8d, 0xf6, 0x8c, 0xf6, 0x8c, 0x15, 0x95, 0xf6, 0x8c
.byte 0xf4, 0x7c, 0x13, 0x8d, 0xb3, 0x8c, 0xf4, 0x7c, 0xf4, 0x7c, 0xf7, 0x74, 0xf7, 0x74, 0x18, 0x4d
.byte 0xf9, 0x44, 0xfa, 0x2c, 0xdb, 0x24, 0xbc, 0x1c, 0x5c, 0x14, 0xbc, 0x24, 0xba, 0x24, 0xdb, 0x24
.byte 0xb9, 0x34, 0xe9, 0x41, 0x43, 0x61, 0xa4, 0xcb, 0xa6, 0xeb, 0x46, 0xdc, 0xa6, 0xdb, 0xc8, 0xec
.byte 0xc8, 0x9d, 0xc8, 0x9d, 0xc6, 0x9d, 0xc6, 0x8d, 0x46, 0x8d, 0xc6, 0x74, 0x46, 0x75, 0x48, 0x75
.byte 0x48, 0x9d, 0xcc, 0xad, 0x6c, 0xbe, 0x6e, 0xce, 0x6e, 0xce, 0x6e, 0xce, 0x6e, 0xce, 0x6e, 0xce
.byte 0x6c, 0xbe, 0xcc, 0xad, 0x6c, 0xbe, 0x6e, 0xce, 0x6e, 0xde, 0x6e, 0xce, 0xcc, 0xcd, 0xce, 0xbd
.byte 0x6c, 0xbe, 0xce, 0xcd, 0x6e, 0xde, 0x6e, 0xde, 0x6e, 0xde, 0x71, 0xde, 0x6e, 0xde, 0x6e, 0xce
.byte 0xcc, 0xbd, 0x6c, 0xbe, 0x6e, 0xbe, 0xf3, 0xce, 0xf5, 0xde, 0x73, 0xce, 0x71, 0xbe, 0x6e, 0xce
.byte 0x6e, 0xbe, 0x71, 0xce, 0xd3, 0xcd, 0x71, 0xbe, 0xce, 0xbd, 0xce, 0xbd, 0xcc, 0xad, 0xca, 0xad
.byte 0xc8, 0x9d, 0x66, 0x9e, 0xe6, 0xae, 0xe6, 0xae, 0x66, 0xbf, 0x68, 0xaf, 0x6a, 0xbf, 0x6c, 0xcf
.byte 0xf1, 0xce, 0xf1, 0xbe, 0xf1, 0xbe, 0xf1, 0xce, 0x75, 0xdf, 0x73, 0xcf, 0xf1, 0xce, 0xec, 0xbe
.byte 0xea, 0xbe, 0xe8, 0xbe, 0xe8, 0xbe, 0xea, 0xbe, 0xec, 0xbe, 0x6e, 0xbe, 0xec, 0xae, 0x68, 0xae
.byte 0x68, 0x9e, 0x68, 0x9e, 0x6a, 0x9e, 0x6c, 0xae, 0x6c, 0xae, 0x6c, 0xae, 0xea, 0x9e, 0xe6, 0x9e
.byte 0xe6, 0x9e, 0xe4, 0x8e, 0xe6, 0x8e, 0xe4, 0x9e, 0xe6, 0x8e, 0xe4, 0x8e, 0xe6, 0x9e, 0xe4, 0x8e
.byte 0x66, 0x8e, 0xe4, 0x8e, 0xe6, 0x8e, 0xe4, 0x8e, 0x64, 0x8e, 0xe4, 0x8e, 0x64, 0x8e, 0xe4, 0x8e
.byte 0xe6, 0x8e, 0x64, 0x8e, 0xe6, 0x8e, 0xe4, 0x9e, 0xe6, 0x8e, 0xe6, 0x9e, 0xe4, 0x8e, 0xe6, 0x9e
.byte 0xe4, 0x8e, 0xe6, 0x9e, 0xe4, 0x8e, 0xe6, 0x9e, 0xe4, 0x8e, 0xe4, 0x9e, 0xe6, 0x8e, 0x64, 0x8e
.byte 0x64, 0x76, 0x64, 0x66, 0x64, 0x66, 0x64, 0x76, 0xe4, 0x76, 0x66, 0x8e, 0xe4, 0x9e, 0xe6, 0x8e
.byte 0xe4, 0x8e, 0xe6, 0x8e, 0xe4, 0x9e, 0xe6, 0x8e, 0x64, 0x9e, 0xe6, 0x8e, 0xe4, 0x8e, 0x66, 0x8e
.byte 0x64, 0x76, 0x64, 0x76, 0x64, 0x66, 0xc4, 0x65, 0x64, 0x56, 0xc4, 0x65, 0x64, 0x56, 0xc2, 0x65
.byte 0x64, 0x56, 0xc2, 0x65, 0x64, 0x66, 0xc4, 0x65, 0x64, 0x66, 0x64, 0x66, 0x62, 0x66, 0xc4, 0x55
.byte 0x62, 0x66, 0xc4, 0x55, 0x62, 0x66, 0x64, 0x66, 0xc4, 0x65, 0x64, 0x66, 0x62, 0x66, 0xc4, 0x55
.byte 0x64, 0x56, 0xc2, 0x65, 0x64, 0x56, 0xc4, 0x65, 0xc4, 0x55, 0xc2, 0x55, 0xc4, 0x65, 0xc4, 0x55
.byte 0x44, 0x55, 0xc2, 0x55, 0x44, 0x55, 0x42, 0x45, 0xc4, 0x44, 0x42, 0x45, 0xc2, 0x44, 0x44, 0x44
.byte 0x42, 0x34, 0xa2, 0x43, 0xa2, 0x43, 0x24, 0x43, 0x24, 0x63, 0xa4, 0x62, 0x24, 0x73, 0xa6, 0x8a
.byte 0x26, 0x8b, 0x26, 0x9b, 0x26, 0x9b, 0x26, 0x8b, 0xa6, 0x9a, 0xa4, 0x8a, 0x26, 0x8b, 0xa6, 0x8a
.byte 0xa4, 0x72, 0x24, 0x63, 0x24, 0x53, 0x24, 0x53, 0x24, 0x63, 0xa6, 0x8b, 0x26, 0x9b, 0xa6, 0xab
.byte 0xa8, 0xbb, 0xa8, 0xab, 0xa6, 0xab, 0xa8, 0xab, 0xca, 0x9b, 0xa8, 0xab, 0xca, 0x9b, 0x4c, 0xac
.byte 0x4d, 0xa4, 0xb0, 0x94, 0xf5, 0x7c, 0xd8, 0x6c, 0xf9, 0x54, 0xbb, 0x34, 0x9c, 0x24, 0x9b, 0x2c
.byte 0xba, 0x3c, 0xb9, 0x4c, 0xb9, 0x4c, 0x18, 0x5d, 0xd8, 0x5c, 0x18, 0x55, 0x18, 0x55, 0xd8, 0x54
.byte 0xd8, 0x4c, 0xd8, 0x54, 0xd8, 0x4c, 0xd8, 0x54, 0xd8, 0x54, 0xb9, 0x4c, 0xba, 0x34, 0xba, 0x2c
.byte 0xba, 0x24, 0x7b, 0x1c, 0x7b, 0x14, 0x7b, 0x14, 0x9b, 0x14, 0x7a, 0x14, 0x7a, 0x14, 0x7b, 0x14
.byte 0x45, 0x29, 0xe5, 0x69, 0xa6, 0xdb, 0xa6, 0xdb, 0xa6, 0xdb, 0x46, 0xdc, 0x46, 0xdc, 0xce, 0xed
.byte 0xc6, 0x9d, 0xc8, 0x9d, 0xc6, 0x9d, 0xc6, 0x8d, 0x46, 0x75, 0x46, 0x75, 0xc6, 0x74, 0x46, 0x8d
.byte 0x48, 0x9d, 0xca, 0xad, 0xcc, 0xad, 0xca, 0xad, 0xcc, 0xad, 0xca, 0xad, 0xcc, 0xbd, 0xca, 0xad
.byte 0xca, 0x9d, 0xc8, 0x9d, 0xc8, 0x9d, 0xca, 0xad, 0xcc, 0xbd, 0x6c, 0xae, 0xca, 0xad, 0x48, 0x9d
.byte 0x4a, 0xad, 0xcc, 0xcd, 0x6e, 0xce, 0x6e, 0xde, 0xce, 0xcd, 0x6e, 0xde, 0x6e, 0xce, 0x71, 0xce
.byte 0x6c, 0xbe, 0x6c, 0xae, 0x6c, 0xbe, 0x71, 0xbe, 0x71, 0xbe, 0x6e, 0xbe, 0x6c, 0xbe, 0xca, 0xad
.byte 0xcc, 0xad, 0xcc, 0xbd, 0x6c, 0xbe, 0x6e, 0xbe, 0x6c, 0xbe, 0xcc, 0xbd, 0xcc, 0xad, 0x6a, 0xae
.byte 0x68, 0xae, 0xe8, 0xae, 0xe6, 0xae, 0x68, 0xbf, 0x66, 0xbf, 0x68, 0xbf, 0x68, 0xbf, 0x6a, 0xbf
.byte 0xea, 0xbe, 0xec, 0xae, 0xec, 0xbe, 0xf1, 0xbe, 0xf3, 0xce, 0xf1, 0xce, 0xee, 0xce, 0xea, 0xbe
.byte 0xea, 0xbe, 0x68, 0xbf, 0xea, 0xbe, 0xea, 0xbe, 0xea, 0xbe, 0xea, 0xbe, 0xea, 0xae, 0x68, 0x9e
.byte 0xe8, 0x9e, 0x68, 0x9e, 0xec, 0xae, 0x6c, 0xae, 0x6c, 0xae, 0x6a, 0xae, 0xe6, 0x9e, 0x66, 0x8e
.byte 0xe6, 0x9e, 0xe4, 0x8e, 0xe6, 0x9e, 0xe4, 0x8e, 0xe6, 0x8e, 0xe4, 0x9e, 0xe6, 0x8e, 0xe4, 0x9e
.byte 0xe6, 0x8e, 0xe4, 0x8e, 0x66, 0x8e, 0xe4, 0x8e, 0xe6, 0x8e, 0xe4, 0x8e, 0xe6, 0x8e, 0x64, 0x8e
.byte 0xe6, 0x8e, 0xe4, 0x9e, 0xe6, 0x8e, 0xe4, 0x8e, 0xe6, 0x9e, 0xe4, 0x8e, 0xe6, 0x9e, 0xe4, 0x8e
.byte 0xe6, 0x9e, 0xe4, 0x8e, 0xe6, 0x8e, 0xe4, 0x9e, 0xe6, 0x8e, 0xe6, 0x8e, 0xe6, 0x8e, 0x64, 0x76
.byte 0x64, 0x76, 0x64, 0x66, 0x64, 0x76, 0x64, 0x76, 0xe6, 0x8e, 0xe4, 0x8e, 0xe6, 0x8e, 0xe4, 0x9e
.byte 0xe6, 0x8e, 0xe4, 0x9e, 0xe6, 0x8e, 0xe4, 0x8e, 0xe6, 0x8e, 0xe4, 0x8e, 0x64, 0x8e, 0xe6, 0x8e
.byte 0xe4, 0x76, 0x64, 0x76, 0x64, 0x66, 0x64, 0x66, 0xc4, 0x55, 0x62, 0x66, 0xc4, 0x55, 0x64, 0x66
.byte 0xc4, 0x55, 0x64, 0x66, 0x64, 0x56, 0x64, 0x66, 0x64, 0x66, 0xc4, 0x55, 0x64, 0x66, 0x64, 0x56
.byte 0xc4, 0x55, 0x64, 0x66, 0x64, 0x56, 0xc4, 0x65, 0x62, 0x56, 0x64, 0x66, 0xc4, 0x55, 0x64, 0x56
.byte 0xc2, 0x65, 0x64, 0x56, 0x64, 0x66, 0xc4, 0x55, 0x62, 0x66, 0xc4, 0x55, 0xc4, 0x55, 0xc4, 0x55
.byte 0xc2, 0x55, 0x44, 0x55, 0x42, 0x45, 0x44, 0x55, 0x42, 0x45, 0xc2, 0x44, 0x44, 0x44, 0x42, 0x34
.byte 0xa2, 0x43, 0xa4, 0x43, 0x24, 0x53, 0x24, 0x63, 0xa4, 0x62, 0x24, 0x73, 0xa6, 0x8a, 0xa4, 0x8a
.byte 0x26, 0x9b, 0xa6, 0x9a, 0x26, 0x9b, 0x26, 0x9b, 0xa6, 0x8a, 0x26, 0x9b, 0xa6, 0x8a, 0xa4, 0x8a
.byte 0x26, 0x8b, 0xa4, 0x72, 0x24, 0x63, 0x24, 0x53, 0x46, 0x5b, 0xa6, 0x8b, 0xca, 0x8b, 0xa8, 0xab
.byte 0xca, 0x9b, 0xca, 0xa3, 0xaa, 0xab, 0xcb, 0x93, 0x4c, 0xac, 0x4d, 0xa4, 0x4d, 0xa4, 0x50, 0x94
.byte 0x93, 0x7c, 0xf5, 0x7c, 0x18, 0x5d, 0xda, 0x44, 0xbc, 0x2c, 0x9c, 0x24, 0x7c, 0x14, 0x5b, 0x1c
.byte 0x5b, 0x1c, 0x7b, 0x1c, 0x7a, 0x2c, 0x7a, 0x34, 0xb9, 0x3c, 0x9a, 0x34, 0x7a, 0x3c, 0x79, 0x44
.byte 0x19, 0x34, 0xba, 0x34, 0xb9, 0x2c, 0xba, 0x34, 0x9b, 0x34, 0x9a, 0x2c, 0x7a, 0x24, 0x7b, 0x1c
.byte 0x7a, 0x14, 0x7a, 0x14, 0x7b, 0x1c, 0x7a, 0x1c, 0x7a, 0x14, 0x7a, 0x14, 0x7a, 0x14, 0x7a, 0x14
.byte 0xca, 0x31, 0x03, 0x39, 0x41, 0x51, 0xc3, 0x71, 0x82, 0x71, 0x02, 0x71, 0x24, 0x8a, 0x71, 0xee
.byte 0xc8, 0x8d, 0x66, 0x9e, 0xc8, 0x8d, 0xc6, 0x8d, 0x46, 0x75, 0x46, 0x75, 0x46, 0x75, 0xc6, 0x74
.byte 0x48, 0x8d, 0x48, 0x9d, 0x48, 0x9d, 0x48, 0x8d, 0x48, 0x8d, 0x48, 0x9d, 0xca, 0x9d, 0xc8, 0x9d
.byte 0xc6, 0x8d, 0xc6, 0x8d, 0xc6, 0x75, 0xc8, 0x8d, 0xc8, 0x9d, 0x48, 0x8d, 0x48, 0x8d, 0x48, 0x8d
.byte 0xca, 0x9d, 0xcc, 0xbd, 0xce, 0xcd, 0xce, 0xcd, 0x6e, 0xce, 0xce, 0xbd, 0x71, 0xce, 0x71, 0xce
.byte 0xf1, 0xbe, 0x6c, 0xbe, 0x6a, 0xae, 0x6e, 0xae, 0xcc, 0xbd, 0x6c, 0xae, 0xca, 0xad, 0x68, 0xae
.byte 0x68, 0xae, 0xca, 0xad, 0x6a, 0xbe, 0x6e, 0xbe, 0x71, 0xce, 0x71, 0xbe, 0x6e, 0xbe, 0x6e, 0xbe
.byte 0xea, 0xbe, 0x68, 0xaf, 0x66, 0xbf, 0x66, 0xbf, 0x66, 0xaf, 0x66, 0xbf, 0x68, 0xbf, 0x66, 0xbf
.byte 0xe8, 0xae, 0xea, 0xbe, 0xec, 0xbe, 0xec, 0xce, 0xf1, 0xce, 0xee, 0xbe, 0x6c, 0xbe, 0xea, 0xbe
.byte 0xea, 0xbe, 0xec, 0xce, 0xec, 0xbe, 0xea, 0xbe, 0xea, 0xbe, 0xea, 0xbe, 0xe8, 0xae, 0x68, 0xae
.byte 0xe8, 0x9e, 0x6a, 0xae, 0x6c, 0xae, 0x6c, 0xae, 0x6a, 0xae, 0xe8, 0x9e, 0xe6, 0x9e, 0xe4, 0x9e
.byte 0xe6, 0x8e, 0xe6, 0x9e, 0xe4, 0x8e, 0xe6, 0x9e, 0xe4, 0x8e, 0xe3, 0x93, 0x24, 0x8e, 0xe6, 0x9e
.byte 0xe4, 0x8e, 0xe6, 0x9e, 0xe4, 0x8e, 0xe6, 0x8e, 0xe4, 0x8e, 0x66, 0x8e, 0xe4, 0x8e, 0xe6, 0x8e
.byte 0xe4, 0x9e, 0xe6, 0x8e, 0xe4, 0x8e, 0xe6, 0x9e, 0xe4, 0x8e, 0xe6, 0x8e, 0xe4, 0x9e, 0xe6, 0x8e
.byte 0xe6, 0x9e, 0xe4, 0x8e, 0x66, 0x9e, 0xe4, 0x8e, 0xe4, 0x8e, 0x64, 0x8e, 0xe4, 0x8e, 0x64, 0x76
.byte 0x64, 0x66, 0x64, 0x66, 0x64, 0x76, 0x64, 0x76, 0xe6, 0x8e, 0xe4, 0x8e, 0xe6, 0x9e, 0xe4, 0x8e
.byte 0xe6, 0x9e, 0xe6, 0x8e, 0xe4, 0x8e, 0x64, 0x76, 0xe4, 0x76, 0x64, 0x76, 0xe6, 0x8e, 0xe4, 0x8e
.byte 0x64, 0x8e, 0x64, 0x76, 0x64, 0x66, 0x64, 0x66, 0xc2, 0x65, 0x64, 0x56, 0xc2, 0x55, 0x64, 0x66
.byte 0xc2, 0x55, 0x64, 0x66, 0xc4, 0x55, 0x62, 0x66, 0xc4, 0x55, 0x64, 0x66, 0xc2, 0x55, 0x64, 0x66
.byte 0xc2, 0x55, 0x64, 0x66, 0xc2, 0x55, 0x64, 0x66, 0x64, 0x56, 0xc4, 0x65, 0x64, 0x56, 0xc2, 0x65
.byte 0x64, 0x56, 0xc4, 0x65, 0x64, 0x56, 0xc2, 0x65, 0x64, 0x56, 0xc4, 0x55, 0xc2, 0x55, 0x44, 0x55
.byte 0x42, 0x55, 0x44, 0x45, 0x42, 0x55, 0x44, 0x45, 0xc2, 0x44, 0xc4, 0x44, 0x42, 0x34, 0xa2, 0x43
.byte 0xa4, 0x43, 0x22, 0x53, 0x24, 0x63, 0x26, 0x73, 0xa4, 0x72, 0xa6, 0x8a, 0x24, 0x8b, 0xa6, 0x8a
.byte 0x26, 0x9b, 0x26, 0x8b, 0x26, 0x9b, 0x26, 0x9b, 0xa6, 0x9a, 0x24, 0x8b, 0xa6, 0x8a, 0x26, 0x8b
.byte 0xa6, 0x8a, 0x24, 0x8b, 0xa4, 0x72, 0x26, 0x63, 0x48, 0x6b, 0xc8, 0x7b, 0xcb, 0x93, 0x4d, 0xa4
.byte 0x4d, 0xa4, 0x4d, 0xa4, 0xb0, 0x94, 0xb0, 0x94, 0xb1, 0x8c, 0x93, 0x7c, 0xf4, 0x8c, 0xf5, 0x74
.byte 0xd8, 0x5c, 0xf9, 0x4c, 0xbb, 0x34, 0x7c, 0x24, 0x7c, 0x14, 0x7c, 0x14, 0x5c, 0x1c, 0x3c, 0x0c
.byte 0x3c, 0x14, 0x1a, 0x1c, 0x3a, 0x1c, 0x7a, 0x24, 0x5a, 0x24, 0x7a, 0x34, 0x5b, 0x24, 0x5a, 0x24
.byte 0x5b, 0x1c, 0x7a, 0x1c, 0x7b, 0x24, 0x7b, 0x1c, 0x7b, 0x1c, 0x7b, 0x1c, 0x7b, 0x1c, 0x7a, 0x14
.byte 0x7a, 0x14, 0x7a, 0x1c, 0x7a, 0x1c, 0x5a, 0x1c, 0x0c, 0x2a, 0xf1, 0x22, 0x73, 0x23, 0xf6, 0x1b
.byte 0x59, 0x1c, 0x9a, 0x1c, 0x39, 0x1c, 0xd6, 0x2b, 0xd7, 0x23, 0x85, 0x69, 0xa6, 0x8a, 0x71, 0xfe
.byte 0x66, 0x9e, 0x66, 0x8e, 0xc6, 0x8d, 0xc6, 0x8d, 0xc6, 0x75, 0x46, 0x75, 0x46, 0x75, 0x46, 0x75
.byte 0x46, 0x75, 0x46, 0x8d, 0x46, 0x75, 0xc6, 0x74, 0x46, 0x8d, 0xc6, 0x8d, 0xc6, 0x8d, 0xc6, 0x8d
.byte 0x66, 0x8e, 0x66, 0x8e, 0xc6, 0x75, 0xc6, 0x75, 0x46, 0x65, 0x46, 0x75, 0xc6, 0x65, 0x46, 0x75
.byte 0x48, 0x9d, 0xcc, 0xad, 0xcc, 0xbd, 0xcc, 0xbd, 0xcc, 0xbd, 0xce, 0xbd, 0x73, 0xce, 0xf3, 0xce
.byte 0xf1, 0xce, 0xec, 0xbe, 0xec, 0xbe, 0x6c, 0xae, 0x6c, 0xbe, 0x6c, 0xae, 0x68, 0xae, 0xe8, 0xbe
.byte 0x68, 0xae, 0xe8, 0xbe, 0xec, 0xbe, 0xee, 0xce, 0xf3, 0xde, 0xf5, 0xde, 0xf3, 0xce, 0xf1, 0xce
.byte 0x6c, 0xbf, 0xe8, 0xae, 0x68, 0xbf, 0x66, 0xaf, 0x66, 0xbf, 0x68, 0xbf, 0x66, 0xbf, 0x68, 0xaf
.byte 0x68, 0xbf, 0xea, 0xbe, 0xec, 0xce, 0x71, 0xce, 0x71, 0xce, 0xce, 0xcd, 0x6c, 0xbe, 0x6c, 0xbe
.byte 0xec, 0xce, 0x6e, 0xce, 0xf1, 0xde, 0x6e, 0xce, 0x6e, 0xce, 0x6c, 0xce, 0x6c, 0xbe, 0xe8, 0xae
.byte 0x68, 0x9e, 0xe8, 0xae, 0x6a, 0xae, 0x6a, 0xae, 0xe8, 0xae, 0xe6, 0x9e, 0xe6, 0x9e, 0xe6, 0x8e
.byte 0xe4, 0x9e, 0xe4, 0x8e, 0xe6, 0x9e, 0xe4, 0x8e, 0xe6, 0x9e, 0x02, 0x99, 0x02, 0xa9, 0xa5, 0x96
.byte 0xe6, 0x8e, 0x64, 0x8e, 0xe4, 0x8e, 0x66, 0x76, 0x64, 0x8e, 0xe4, 0x8e, 0x02, 0x8b, 0x84, 0x86
.byte 0xe6, 0x9e, 0xe4, 0x8e, 0xe6, 0x9e, 0xe4, 0x8e, 0x66, 0x9e, 0xe4, 0x8e, 0xe6, 0x9e, 0xe4, 0x8e
.byte 0xe4, 0x8e, 0xe6, 0x8e, 0xe4, 0x8e, 0xe6, 0x8e, 0x64, 0x8e, 0xe6, 0x76, 0x64, 0x76, 0x64, 0x76
.byte 0xc4, 0x65, 0x64, 0x66, 0x64, 0x76, 0x64, 0x76, 0xe4, 0x8e, 0x66, 0x8e, 0xe4, 0x8e, 0xe6, 0x9e
.byte 0xe4, 0x8e, 0xe4, 0x8e, 0xe6, 0x8e, 0x64, 0x76, 0x64, 0x76, 0x64, 0x76, 0x64, 0x76, 0xe4, 0x76
.byte 0x64, 0x76, 0x64, 0x66, 0x64, 0x66, 0x64, 0x66, 0xc4, 0x55, 0x64, 0x56, 0xc4, 0x65, 0x64, 0x56
.byte 0xc4, 0x65, 0xc2, 0x55, 0x64, 0x66, 0xc4, 0x55, 0x64, 0x66, 0xc2, 0x55, 0x64, 0x66, 0xc4, 0x55
.byte 0xc4, 0x65, 0x64, 0x56, 0xc4, 0x65, 0x64, 0x56, 0xc2, 0x65, 0x64, 0x56, 0xc2, 0x65, 0x64, 0x56
.byte 0xc4, 0x65, 0x62, 0x56, 0xc4, 0x55, 0x64, 0x66, 0xc4, 0x55, 0xc2, 0x55, 0xc4, 0x55, 0x42, 0x55
.byte 0x44, 0x45, 0x42, 0x55, 0x44, 0x45, 0x42, 0x45, 0xc2, 0x44, 0xc2, 0x44, 0x42, 0x34, 0xa2, 0x43
.byte 0x24, 0x43, 0x24, 0x53, 0xa4, 0x72, 0xa4, 0x72, 0x26, 0x8b, 0xa6, 0x8a, 0xa6, 0x8a, 0x26, 0x8b
.byte 0xa6, 0x8a, 0x26, 0x9b, 0xa6, 0x9a, 0x26, 0x8b, 0x26, 0x9b, 0xa6, 0x8a, 0xa6, 0x8a, 0xa4, 0x8a
.byte 0xa6, 0x8a, 0xa4, 0x8a, 0x26, 0x8b, 0xc6, 0x72, 0x48, 0x7b, 0xcb, 0x83, 0xb0, 0x8c, 0xb1, 0x8c
.byte 0xb3, 0x8c, 0xf3, 0x8c, 0x95, 0x74, 0xd6, 0x6c, 0xd6, 0x6c, 0xd8, 0x54, 0xb9, 0x54, 0xf9, 0x4c
.byte 0x9b, 0x34, 0x9a, 0x2c, 0x7b, 0x1c, 0x5c, 0x14, 0x5c, 0x0c, 0x5c, 0x0c, 0x5a, 0x14, 0x3c, 0x0c
.byte 0xfa, 0x0b, 0x1a, 0x24, 0x3a, 0x1c, 0x59, 0x24, 0x5a, 0x24, 0x59, 0x2c, 0x3a, 0x24, 0x3a, 0x24
.byte 0x5a, 0x1c, 0x7a, 0x1c, 0x7a, 0x1c, 0x7b, 0x1c, 0x7b, 0x1c, 0x7b, 0x1c, 0x7b, 0x1c, 0x9a, 0x1c
.byte 0x9a, 0x1c, 0x7b, 0x1c, 0x7a, 0x1c, 0x5a, 0x1c, 0x67, 0x29, 0x43, 0x51, 0x82, 0x61, 0x02, 0x51
.byte 0xc3, 0x40, 0x82, 0x40, 0x00, 0x41, 0x82, 0x50, 0xc1, 0x40, 0x02, 0x51, 0x4a, 0xdd, 0x4a, 0xed
.byte 0xc6, 0x9d, 0x68, 0x8e, 0xc6, 0x8d, 0xc6, 0x8d, 0xc6, 0x8d, 0xc6, 0x8d, 0x46, 0x75, 0x46, 0x8d
.byte 0x46, 0x75, 0x44, 0x75, 0x46, 0x75, 0x46, 0x75, 0x46, 0x75, 0xc6, 0x75, 0x66, 0x8e, 0x64, 0x8e
.byte 0x66, 0x8e, 0x64, 0x76, 0x64, 0x76, 0xc4, 0x75, 0xc4, 0x65, 0xc4, 0x65, 0xc4, 0x65, 0x46, 0x65
.byte 0xc6, 0x8d, 0x4a, 0x9d, 0xca, 0xad, 0xcc, 0xad, 0x4c, 0xad, 0x6e, 0xbe, 0x73, 0xbe, 0xf3, 0xce
.byte 0xee, 0xce, 0xee, 0xce, 0xee, 0xbe, 0x6e, 0xce, 0x71, 0xbe, 0xec, 0xbe, 0xea, 0xbe, 0xe8, 0xbe
.byte 0xe8, 0xbe, 0xe8, 0xbe, 0x6a, 0xcf, 0x71, 0xcf, 0x75, 0xdf, 0xf5, 0xde, 0xf5, 0xde, 0xf1, 0xce
.byte 0xec, 0xbe, 0xe8, 0xae, 0x66, 0xbf, 0x68, 0xbf, 0x66, 0xbf, 0x68, 0xbf, 0x68, 0xaf, 0xe8, 0xbe
.byte 0xec, 0xbe, 0xee, 0xbe, 0x71, 0xce, 0x73, 0xde, 0xd3, 0xdd, 0xd3, 0xdd, 0xd1, 0xcd, 0x6c, 0xbe
.byte 0x6e, 0xce, 0x73, 0xce, 0x75, 0xde, 0x73, 0xde, 0xd5, 0xdd, 0xd3, 0xcd, 0xce, 0xbd, 0x6c, 0xae
.byte 0x68, 0xae, 0xe6, 0x9e, 0x68, 0xae, 0xe8, 0x9e, 0x66, 0x9e, 0xe6, 0x9e, 0xe6, 0x8e, 0xe4, 0x9e
.byte 0xe6, 0x8e, 0xe6, 0x9e, 0xe4, 0x8e, 0xe6, 0x8e, 0xe4, 0x8e, 0x02, 0xa9, 0x24, 0xcb, 0x64, 0xba
.byte 0xe4, 0x8e, 0x66, 0x76, 0x64, 0x76, 0x64, 0x76, 0x83, 0x7d, 0x62, 0x81, 0x82, 0xa9, 0xe2, 0x8b
.byte 0xe6, 0x8e, 0xe4, 0x9e, 0xe6, 0x8e, 0xe4, 0x8e, 0xe6, 0x8e, 0xe4, 0x8e, 0xe4, 0x8e, 0xe6, 0x8e
.byte 0xe4, 0x8e, 0x66, 0x76, 0xe4, 0x8e, 0xe4, 0x8e, 0xe6, 0x8e, 0x64, 0x8e, 0xe4, 0x76, 0x64, 0x66
.byte 0x64, 0x66, 0x62, 0x66, 0x64, 0x66, 0x64, 0x76, 0xe6, 0x8e, 0xe4, 0x8e, 0xe6, 0x9e, 0xe4, 0x8e
.byte 0xe6, 0x9e, 0xe6, 0x8e, 0x64, 0x76, 0x64, 0x66, 0x64, 0x66, 0x64, 0x66, 0x64, 0x66, 0x64, 0x76
.byte 0x64, 0x66, 0x64, 0x66, 0x64, 0x66, 0xc4, 0x55, 0x62, 0x56, 0xc4, 0x65, 0x62, 0x56, 0xc4, 0x55
.byte 0xc2, 0x55, 0xc4, 0x55, 0xc4, 0x55, 0xc2, 0x55, 0x64, 0x66, 0xc4, 0x55, 0x64, 0x66, 0x64, 0x56
.byte 0x62, 0x56, 0x64, 0x66, 0x64, 0x56, 0xc2, 0x65, 0x64, 0x56, 0xc4, 0x65, 0x64, 0x56, 0xc4, 0x55
.byte 0x62, 0x66, 0xc4, 0x55, 0x64, 0x66, 0xc2, 0x65, 0xc4, 0x55, 0xc4, 0x65, 0xc2, 0x55, 0x44, 0x55
.byte 0x42, 0x45, 0x44, 0x45, 0x42, 0x45, 0xc4, 0x44, 0xc2, 0x44, 0xc4, 0x34, 0x42, 0x44, 0xa4, 0x33
.byte 0xa2, 0x53, 0x24, 0x53, 0xa4, 0x72, 0x26, 0x8b, 0xa6, 0x8a, 0xa6, 0x8a, 0x24, 0x8b, 0xa6, 0x8a
.byte 0xa4, 0x9a, 0x26, 0x8b, 0x26, 0x9b, 0x26, 0x9b, 0xa6, 0x9a, 0x24, 0x8b, 0xa6, 0x9a, 0x26, 0x8b
.byte 0xa6, 0x8a, 0x26, 0x8b, 0xa6, 0x8a, 0x26, 0x8b, 0x48, 0x7b, 0xcd, 0x7b, 0x51, 0x7c, 0x95, 0x64
.byte 0xd8, 0x5c, 0xd8, 0x5c, 0xf9, 0x4c, 0xf9, 0x4c, 0xba, 0x3c, 0xba, 0x34, 0x9a, 0x2c, 0x9a, 0x2c
.byte 0x7b, 0x2c, 0x7b, 0x1c, 0x5c, 0x0c, 0x5a, 0x14, 0x5c, 0x0c, 0x5c, 0x0c, 0x3c, 0x0c, 0x3a, 0x0c
.byte 0x3c, 0x0c, 0x1a, 0x14, 0x39, 0x1c, 0x59, 0x1c, 0x5a, 0x24, 0x39, 0x24, 0x39, 0x1c, 0x39, 0x1c
.byte 0x59, 0x1c, 0x7a, 0x1c, 0x7a, 0x1c, 0x7a, 0x1c, 0x7b, 0x1c, 0xd7, 0x1b, 0xf7, 0x2b, 0x9b, 0x1c
.byte 0xbb, 0x1c, 0x9a, 0x1c, 0x7a, 0x24, 0x7a, 0x1c, 0xb6, 0x23, 0x80, 0x30, 0xca, 0xdc, 0x4c, 0xed
.byte 0xcc, 0xed, 0xcc, 0xfd, 0xcc, 0xed, 0xcc, 0xdd, 0xce, 0xed, 0xcc, 0xed, 0x71, 0xee, 0xce, 0xed
.byte 0x66, 0x8e, 0xc6, 0x8d, 0xc6, 0x8d, 0x66, 0x8e, 0xc6, 0x8d, 0xc6, 0x8d, 0xc6, 0x75, 0xc6, 0x75
.byte 0x44, 0x75, 0x46, 0x75, 0x46, 0x75, 0x46, 0x75, 0x44, 0x75, 0xc6, 0x8d, 0x64, 0x8e, 0x66, 0x8e
.byte 0xe4, 0x9e, 0x66, 0x8e, 0xe4, 0x8e, 0x64, 0x76, 0xc4, 0x65, 0xc4, 0x65, 0xc4, 0x55, 0x44, 0x65
.byte 0x46, 0x65, 0x46, 0x8d, 0xc8, 0x8d, 0x48, 0x8d, 0xcc, 0x9d, 0xce, 0xad, 0x6e, 0xbe, 0xee, 0xbe
.byte 0xec, 0xbe, 0xee, 0xce, 0xf1, 0xce, 0xf5, 0xde, 0x73, 0xce, 0xee, 0xce, 0xea, 0xbe, 0xe8, 0xbe
.byte 0x68, 0xbf, 0x68, 0xbf, 0x6a, 0xcf, 0xee, 0xce, 0xf1, 0xce, 0xf3, 0xce, 0xf3, 0xce, 0x6e, 0xbe
.byte 0xec, 0xae, 0xe8, 0x9e, 0xe8, 0xae, 0x6a, 0xbf, 0x6a, 0xbf, 0x6a, 0xcf, 0x6a, 0xbf, 0xea, 0xbe
.byte 0xec, 0xbe, 0x71, 0xce, 0xd5, 0xdd, 0xd5, 0xdd, 0x57, 0xed, 0x55, 0xdd, 0x53, 0xcd, 0xd1, 0xcd
.byte 0x71, 0xce, 0xd3, 0xdd, 0xd7, 0xdd, 0x59, 0xed, 0x57, 0xdd, 0x55, 0xdd, 0xd1, 0xcd, 0x6c, 0xbe
.byte 0x6a, 0xae, 0xe8, 0xae, 0x68, 0x9e, 0xe6, 0x9e, 0xe6, 0x9e, 0xe6, 0x8e, 0xe4, 0x9e, 0xe6, 0x8e
.byte 0xe4, 0x9e, 0xe4, 0x8e, 0xe6, 0x8e, 0x64, 0x8e, 0x83, 0x7d, 0x22, 0xaa, 0x6c, 0xfe, 0xa4, 0xba
.byte 0x82, 0xa2, 0x64, 0x76, 0x64, 0x66, 0x23, 0x6d, 0xc2, 0x91, 0x46, 0xcc, 0x24, 0xcb, 0x84, 0x7b
.byte 0xe4, 0x8e, 0xe4, 0x8e, 0xe6, 0x8e, 0x64, 0x8e, 0xe6, 0x8e, 0x64, 0x76, 0xe6, 0x8e, 0x64, 0x76
.byte 0x64, 0x76, 0x64, 0x76, 0xe4, 0x76, 0x66, 0x8e, 0xe4, 0x8e, 0xe4, 0x76, 0x64, 0x76, 0x64, 0x76
.byte 0x64, 0x66, 0xc4, 0x65, 0x64, 0x66, 0x64, 0x76, 0xe4, 0x8e, 0xe6, 0x8e, 0xe4, 0x8e, 0xe6, 0x8e
.byte 0xe4, 0x8e, 0xe4, 0x8e, 0x64, 0x76, 0x64, 0x66, 0x64, 0x66, 0x64, 0x66, 0xc4, 0x65, 0x62, 0x66
.byte 0x64, 0x66, 0xc2, 0x65, 0x64, 0x56, 0xc2, 0x65, 0x64, 0x56, 0xc4, 0x55, 0xc4, 0x65, 0xc2, 0x55
.byte 0xc4, 0x55, 0xc4, 0x55, 0xc2, 0x55, 0xc4, 0x55, 0xc4, 0x55, 0xc4, 0x55, 0x62, 0x66, 0xc4, 0x55
.byte 0xc4, 0x65, 0xc4, 0x55, 0xc2, 0x55, 0xc4, 0x65, 0x64, 0x56, 0xc4, 0x65, 0x62, 0x56, 0xc4, 0x65
.byte 0xc4, 0x55, 0xc4, 0x55, 0xc2, 0x55, 0xc4, 0x55, 0xc2, 0x55, 0xc4, 0x55, 0xc4, 0x55, 0x42, 0x55
.byte 0x44, 0x45, 0xc2, 0x44, 0xc2, 0x44, 0xc2, 0x44, 0xc4, 0x44, 0x42, 0x34, 0x42, 0x34, 0xa2, 0x43
.byte 0x24, 0x43, 0x24, 0x63, 0x24, 0x73, 0x26, 0x8b, 0xa4, 0x8a, 0x26, 0x9b, 0xa6, 0x8a, 0xa6, 0x8a
.byte 0x26, 0x8b, 0xa6, 0x9a, 0x26, 0x8b, 0xa6, 0x9a, 0x26, 0x8b, 0x26, 0x8b, 0xa6, 0x8a, 0xa6, 0x8a
.byte 0xa4, 0x8a, 0xa6, 0x8a, 0xa4, 0x9a, 0x48, 0x7b, 0xc8, 0x7a, 0x4b, 0x83, 0xce, 0x73, 0x95, 0x5c
.byte 0xb8, 0x4c, 0x9a, 0x34, 0x9a, 0x3c, 0x7b, 0x24, 0x7b, 0x1c, 0x7b, 0x1c, 0x7b, 0x2c, 0x7a, 0x1c
.byte 0x7a, 0x1c, 0x5c, 0x0c, 0x7a, 0x14, 0x5c, 0x0c, 0x5b, 0x0c, 0x5a, 0x0c, 0x3a, 0x1c, 0x1a, 0x0c
.byte 0x1a, 0x0c, 0x1a, 0x0c, 0x1a, 0x14, 0x3b, 0x1c, 0x39, 0x1c, 0x19, 0x1c, 0x39, 0x1c, 0x59, 0x1c
.byte 0x7a, 0x2c, 0x7a, 0x1c, 0x7a, 0x1c, 0x7a, 0x1c, 0x7a, 0x2c, 0x45, 0x29, 0x03, 0x39, 0x03, 0x31
.byte 0x03, 0x39, 0xca, 0x29, 0x6c, 0x2a, 0x95, 0x2b, 0x7a, 0x34, 0x31, 0x2b, 0x02, 0x61, 0xc8, 0xdc
.byte 0x4c, 0xed, 0xcc, 0xed, 0xce, 0xed, 0xcc, 0xfd, 0xce, 0xfd, 0x6e, 0xee, 0x71, 0xfe, 0x6e, 0xfe
.byte 0xc6, 0x8d, 0x66, 0x8e, 0xc6, 0x8d, 0x66, 0x8e, 0xc6, 0x8d, 0xc6, 0x8d, 0xc6, 0x75, 0xc6, 0x75
.byte 0x44, 0x75, 0x46, 0x65, 0xc4, 0x64, 0x44, 0x75, 0xc6, 0x75, 0x64, 0x76, 0x66, 0x8e, 0xe4, 0x8e
.byte 0xe6, 0x8e, 0xe4, 0x8e, 0x66, 0x8e, 0xe4, 0x76, 0x64, 0x66, 0xc4, 0x65, 0xc2, 0x65, 0xc4, 0x55
.byte 0x44, 0x65, 0x44, 0x65, 0x44, 0x65, 0x46, 0x75, 0x48, 0x8d, 0xca, 0x9d, 0xca, 0x9d, 0xea, 0xae
.byte 0xea, 0xbe, 0xec, 0xce, 0xf3, 0xce, 0xf5, 0xde, 0xf1, 0xce, 0xee, 0xce, 0xe8, 0xbe, 0x68, 0xbf
.byte 0xe8, 0xbe, 0x68, 0xcf, 0xea, 0xbe, 0x6a, 0xbf, 0xee, 0xce, 0x6e, 0xbe, 0xd1, 0xad, 0xce, 0xad
.byte 0x6a, 0x9e, 0x6a, 0xae, 0xea, 0xae, 0x6c, 0xbf, 0x71, 0xcf, 0x71, 0xdf, 0x6e, 0xcf, 0xec, 0xbe
.byte 0xec, 0xbe, 0xd1, 0xbd, 0xd5, 0xdd, 0x57, 0xdd, 0xd5, 0xdc, 0xd5, 0xcc, 0x51, 0xcd, 0x51, 0xcd
.byte 0xd1, 0xcd, 0xd5, 0xdd, 0x57, 0xdd, 0xd7, 0xdc, 0xd7, 0xdc, 0x55, 0xcd, 0xd3, 0xcd, 0xce, 0xbd
.byte 0x6c, 0xbe, 0x6c, 0xae, 0x6a, 0xae, 0x68, 0x9e, 0x66, 0x9e, 0xe6, 0x8e, 0xe4, 0x8e, 0x66, 0x8e
.byte 0xe4, 0x8e, 0xe6, 0x8e, 0xe4, 0x8e, 0x66, 0x76, 0xc3, 0x7c, 0x22, 0xaa, 0x6c, 0xee, 0xcc, 0xed
.byte 0x22, 0xba, 0xc2, 0x9a, 0xc4, 0x65, 0xc2, 0x8a, 0xa6, 0xcb, 0xcc, 0xfd, 0xa4, 0xba, 0xa2, 0x73
.byte 0x64, 0x8e, 0xe6, 0x8e, 0x64, 0x8e, 0xe4, 0x76, 0x64, 0x76, 0x64, 0x76, 0x64, 0x76, 0x64, 0x76
.byte 0x64, 0x76, 0x64, 0x66, 0x64, 0x76, 0xe4, 0x76, 0x66, 0x8e, 0x64, 0x76, 0x64, 0x76, 0x64, 0x66
.byte 0xc4, 0x65, 0x64, 0x66, 0x64, 0x66, 0x64, 0x76, 0x64, 0x8e, 0xe4, 0x76, 0x64, 0x8e, 0xe6, 0x8e
.byte 0xe4, 0x8e, 0x66, 0x8e, 0x64, 0x76, 0x64, 0x66, 0xc2, 0x55, 0x64, 0x66, 0x64, 0x56, 0x64, 0x66
.byte 0xc4, 0x55, 0x64, 0x66, 0x64, 0x56, 0xc4, 0x55, 0x62, 0x66, 0xc4, 0x55, 0x62, 0x56, 0xc4, 0x65
.byte 0xc4, 0x55, 0xc2, 0x55, 0x44, 0x55, 0xc2, 0x45, 0xc4, 0x55, 0xc2, 0x55, 0x64, 0x56, 0xc4, 0x65
.byte 0x62, 0x56, 0xc4, 0x65, 0xc4, 0x55, 0xc4, 0x55, 0xc4, 0x55, 0xc2, 0x65, 0xc4, 0x55, 0xc4, 0x55
.byte 0xc2, 0x55, 0xc4, 0x55, 0xc4, 0x55, 0xc4, 0x55, 0xc4, 0x55, 0x42, 0x55, 0xc4, 0x55, 0x42, 0x45
.byte 0x44, 0x45, 0x42, 0x45, 0xc2, 0x44, 0xc4, 0x34, 0xc2, 0x34, 0x42, 0x34, 0xa2, 0x43, 0x24, 0x43
.byte 0x24, 0x63, 0x24, 0x63, 0x26, 0x8b, 0xa6, 0x8a, 0x26, 0x9b, 0xa6, 0x8a, 0xa4, 0x8a, 0x26, 0x8b
.byte 0xa6, 0x8a, 0x26, 0x9b, 0xa6, 0x8a, 0x26, 0x9b, 0x26, 0x9b, 0xa6, 0x9a, 0xa4, 0x8a, 0x26, 0x8b
.byte 0xa6, 0x8a, 0xa6, 0x8a, 0x26, 0x8b, 0xa6, 0x8a, 0x48, 0x7b, 0x48, 0x8b, 0xce, 0x73, 0x53, 0x64
.byte 0x78, 0x3c, 0x7a, 0x2c, 0x7b, 0x1c, 0x7a, 0x1c, 0x7a, 0x1c, 0x7a, 0x1c, 0x5a, 0x1c, 0x5c, 0x14
.byte 0x5a, 0x14, 0x7a, 0x14, 0x5b, 0x14, 0x7b, 0x0c, 0x5c, 0x0c, 0x5b, 0x0c, 0x5b, 0x0c, 0x3c, 0x04
.byte 0x1a, 0x0c, 0x1a, 0x1c, 0x1a, 0x0c, 0xfa, 0x0b, 0xf9, 0x13, 0x1a, 0x14, 0x96, 0x1b, 0xf8, 0x1b
.byte 0x7a, 0x1c, 0x79, 0x24, 0x7a, 0x24, 0x5a, 0x24, 0x5a, 0x1c, 0x33, 0x23, 0x03, 0x39, 0xa2, 0xca
.byte 0x22, 0xba, 0x22, 0xaa, 0x82, 0x89, 0x02, 0x61, 0x02, 0x51, 0x43, 0x71, 0x45, 0x39, 0x82, 0x89
.byte 0xa6, 0xcb, 0xc8, 0xec, 0x4a, 0xed, 0xcc, 0xed, 0x6c, 0xee, 0xce, 0xfd, 0x6e, 0xfe, 0x71, 0xee
.byte 0xc8, 0x8d, 0xc6, 0x8d, 0xc6, 0x8d, 0xc6, 0x8d, 0xc6, 0x75, 0xc6, 0x75, 0xc6, 0x75, 0x46, 0x75
.byte 0x44, 0x65, 0x46, 0x65, 0x44, 0x65, 0x46, 0x65, 0xc4, 0x75, 0x64, 0x8e, 0xe6, 0x8e, 0x64, 0x8e
.byte 0xe6, 0x8e, 0x64, 0x8e, 0xe4, 0x8e, 0x64, 0x76, 0x64, 0x76, 0x64, 0x66, 0xc4, 0x55, 0xc4, 0x65
.byte 0xc4, 0x55, 0xc4, 0x55, 0xc4, 0x65, 0xc4, 0x65, 0xc6, 0x75, 0xc6, 0x8d, 0x68, 0x9e, 0x68, 0xae
.byte 0x68, 0xaf, 0xec, 0xce, 0x6e, 0xcf, 0xf1, 0xce, 0xee, 0xbe, 0xea, 0xbe, 0xe8, 0xbe, 0xe8, 0xbe
.byte 0x68, 0xbf, 0xe8, 0xbe, 0x68, 0xbf, 0xea, 0xbe, 0xea, 0xae, 0x6e, 0xae, 0xce, 0xbd, 0x4e, 0xad
.byte 0x4e, 0xad, 0xca, 0x9d, 0xec, 0xae, 0xf1, 0xce, 0x73, 0xdf, 0x75, 0xdf, 0x73, 0xdf, 0xf1, 0xbe
.byte 0xee, 0xbe, 0xce, 0xbd, 0x53, 0xcd, 0x53, 0xcd, 0xd3, 0xbc, 0xd1, 0xbc, 0x4e, 0xad, 0xcc, 0xbd
.byte 0xce, 0xbd, 0x53, 0xcd, 0xd3, 0xcc, 0xd5, 0xcc, 0x55, 0xcc, 0xd5, 0xcc, 0x53, 0xcd, 0xd1, 0xcd
.byte 0x71, 0xbe, 0xd1, 0xcd, 0xce, 0xad, 0xca, 0x9d, 0x68, 0x8e, 0x64, 0x8e, 0x25, 0x8e, 0xc2, 0xa2
.byte 0x24, 0xb3, 0x24, 0xb3, 0x64, 0xa2, 0x22, 0x92, 0xa1, 0x81, 0x62, 0xa1, 0x6c, 0xfe, 0x6c, 0xfe
.byte 0x46, 0xdc, 0x82, 0xa9, 0x43, 0xab, 0xa4, 0xba, 0x4a, 0xed, 0xca, 0xed, 0x24, 0xba, 0x02, 0x74
.byte 0x64, 0x76, 0xe4, 0x75, 0x61, 0x6a, 0x43, 0x6b, 0x64, 0x66, 0x64, 0x66, 0x64, 0x66, 0x64, 0x66
.byte 0xc4, 0x65, 0x64, 0x66, 0x64, 0x76, 0x64, 0x76, 0x64, 0x76, 0x64, 0x66, 0x64, 0x66, 0xc4, 0x65
.byte 0x64, 0x56, 0xc4, 0x65, 0x64, 0x66, 0x64, 0x66, 0x64, 0x66, 0x64, 0x76, 0x64, 0x76, 0xe4, 0x8e
.byte 0x64, 0x8e, 0xe4, 0x76, 0x64, 0x76, 0x64, 0x66, 0x64, 0x66, 0xc4, 0x55, 0x62, 0x66, 0xc4, 0x55
.byte 0x64, 0x66, 0xc2, 0x55, 0x64, 0x66, 0xc2, 0x55, 0x64, 0x56, 0x64, 0x66, 0xc4, 0x55, 0x64, 0x56
.byte 0xc2, 0x55, 0xc4, 0x55, 0x42, 0x55, 0x44, 0x45, 0x42, 0x55, 0xc4, 0x55, 0xc4, 0x55, 0xc2, 0x55
.byte 0xc4, 0x55, 0xc4, 0x55, 0xc2, 0x55, 0xc4, 0x55, 0xc2, 0x55, 0xc4, 0x55, 0xc4, 0x55, 0xc4, 0x55
.byte 0xc2, 0x55, 0xc4, 0x55, 0xc2, 0x55, 0x44, 0x55, 0x42, 0x55, 0xc4, 0x55, 0x42, 0x55, 0x44, 0x55
.byte 0x42, 0x55, 0xc4, 0x44, 0x42, 0x35, 0xc2, 0x44, 0x42, 0x34, 0x42, 0x44, 0xa4, 0x43, 0x24, 0x53
.byte 0x24, 0x73, 0xa4, 0x72, 0x26, 0x9b, 0x26, 0x8b, 0x26, 0x9b, 0xa6, 0x9a, 0x26, 0x8b, 0xa4, 0x8a
.byte 0xa6, 0x8a, 0xa4, 0x8a, 0x26, 0x8b, 0xa6, 0x9a, 0x26, 0x8b, 0xa6, 0x8a, 0x26, 0x8b, 0xa6, 0x9a
.byte 0x24, 0x8b, 0xa6, 0x8a, 0xa4, 0x8a, 0xa6, 0x8a, 0xa6, 0x9a, 0x48, 0x7b, 0x6d, 0x7b, 0xf3, 0x5b
.byte 0x77, 0x4c, 0x7a, 0x2c, 0x7c, 0x14, 0x7a, 0x1c, 0x5c, 0x24, 0x7a, 0x1c, 0x5c, 0x14, 0x7a, 0x14
.byte 0x5c, 0x0c, 0x7a, 0x14, 0x5c, 0x0c, 0x5b, 0x0c, 0x5b, 0x0c, 0x5b, 0x0c, 0x3a, 0x0c, 0x3a, 0x0c
.byte 0x1a, 0x04, 0xfa, 0x0b, 0xfa, 0x03, 0xfa, 0x03, 0xda, 0x0b, 0x4d, 0x1a, 0x83, 0x30, 0x02, 0x51
.byte 0x80, 0x40, 0x00, 0x51, 0x85, 0x59, 0x2a, 0x42, 0x33, 0x2b, 0x18, 0x24, 0x27, 0x29, 0x00, 0x71
.byte 0x22, 0xba, 0x22, 0xba, 0x22, 0xba, 0xa2, 0xba, 0x24, 0xba, 0x24, 0x8a, 0x80, 0x40, 0x80, 0x40
.byte 0x24, 0xaa, 0x24, 0xcb, 0x24, 0xcb, 0xa6, 0xdb, 0x4c, 0xed, 0xcc, 0xed, 0xcc, 0xed, 0xce, 0xed
.byte 0xc6, 0x9d, 0xc6, 0x8d, 0xc6, 0x75, 0xc6, 0x75, 0xc6, 0x75, 0xc6, 0x75, 0x46, 0x65, 0xc4, 0x65
.byte 0x46, 0x65, 0x44, 0x65, 0x44, 0x65, 0xc4, 0x75, 0xc4, 0x75, 0x66, 0x8e, 0xe4, 0x8e, 0xe6, 0x8e
.byte 0xe6, 0x8e, 0xe4, 0x8e, 0xe6, 0x8e, 0x64, 0x76, 0x64, 0x66, 0x64, 0x56, 0xc2, 0x65, 0x64, 0x56
.byte 0xc4, 0x55, 0xc2, 0x65, 0xc4, 0x55, 0xc4, 0x65, 0x64, 0x76, 0x66, 0x8e, 0x66, 0x9e, 0xe6, 0xae
.byte 0xe8, 0xae, 0x6a, 0xbf, 0xea, 0xbe, 0xec, 0xbe, 0x68, 0xaf, 0xe8, 0xae, 0xe8, 0xbe, 0x68, 0xbf
.byte 0x68, 0xbf, 0xe8, 0xae, 0xe6, 0xbe, 0xea, 0xae, 0x6c, 0xbe, 0x6e, 0xbe, 0x53, 0xbd, 0x53, 0xbd
.byte 0x4e, 0xad, 0x4c, 0x9d, 0x6c, 0xae, 0xf1, 0xbe, 0xf5, 0xde, 0x77, 0xef, 0xf5, 0xde, 0xf1, 0xce
.byte 0x6c, 0xae, 0x6c, 0xae, 0xce, 0xad, 0x4e, 0xad, 0x4c, 0xad, 0xca, 0x9c, 0x4a, 0x8d, 0xc8, 0xad
.byte 0xcc, 0xad, 0xcc, 0xbd, 0xce, 0xac, 0xce, 0xac, 0x51, 0xac, 0x51, 0xbd, 0x53, 0xbd, 0x53, 0xcd
.byte 0xd5, 0xdd, 0x53, 0xcd, 0x53, 0xbd, 0xcc, 0x9d, 0xc6, 0x8d, 0x66, 0x76, 0x02, 0x7c, 0x62, 0x99
.byte 0x46, 0xdc, 0x48, 0xdd, 0x4a, 0xed, 0x4a, 0xed, 0xc8, 0xdc, 0xe8, 0xd4, 0x6c, 0xee, 0x6c, 0xfe
.byte 0x4a, 0xed, 0x80, 0xb9, 0x02, 0x99, 0x48, 0xed, 0xca, 0xed, 0xca, 0xfd, 0xe2, 0x91, 0x63, 0x6c
.byte 0x22, 0x72, 0x80, 0x60, 0x82, 0x70, 0x61, 0x6a, 0xc4, 0x65, 0x62, 0x66, 0xc4, 0x65, 0x64, 0x66
.byte 0xc2, 0x55, 0x64, 0x66, 0xc4, 0x65, 0x64, 0x76, 0x64, 0x66, 0x64, 0x66, 0xc4, 0x65, 0x64, 0x56
.byte 0x62, 0x66, 0xc4, 0x55, 0x62, 0x66, 0xc4, 0x65, 0x64, 0x66, 0x64, 0x66, 0x64, 0x66, 0x64, 0x66
.byte 0x64, 0x76, 0x64, 0x76, 0x64, 0x66, 0x64, 0x66, 0xc4, 0x55, 0x62, 0x56, 0xc4, 0x65, 0x64, 0x56
.byte 0xc2, 0x55, 0x64, 0x66, 0xc4, 0x55, 0x64, 0x66, 0xc4, 0x55, 0xc2, 0x65, 0xc4, 0x55, 0xc2, 0x65
.byte 0xc4, 0x55, 0xc2, 0x55, 0x44, 0x55, 0x44, 0x45, 0x42, 0x55, 0x44, 0x45, 0xc2, 0x55, 0xc4, 0x55
.byte 0xc4, 0x55, 0xc2, 0x55, 0xc4, 0x55, 0x42, 0x55, 0xc4, 0x55, 0xc2, 0x55, 0x44, 0x55, 0xc2, 0x55
.byte 0x44, 0x55, 0x42, 0x55, 0x44, 0x55, 0xc2, 0x55, 0x44, 0x55, 0x42, 0x45, 0x44, 0x55, 0x42, 0x45
.byte 0x44, 0x45, 0x42, 0x45, 0xc4, 0x44, 0xc2, 0x34, 0xc2, 0x34, 0xa4, 0x33, 0xa2, 0x53, 0x24, 0x63
.byte 0x26, 0x73, 0x26, 0x9b, 0x26, 0x9b, 0x26, 0x9b, 0x26, 0x9b, 0xa6, 0x8a, 0x26, 0x8b, 0xa6, 0x8a
.byte 0xa6, 0x8a, 0x26, 0x9b, 0xa6, 0x8a, 0x24, 0x9b, 0xa6, 0x8a, 0x26, 0x9b, 0xa4, 0x8a, 0xa6, 0x8a
.byte 0xa6, 0x8a, 0x26, 0x8b, 0xa6, 0x8a, 0x26, 0x8b, 0xa6, 0x8a, 0x48, 0x7b, 0x6d, 0x7b, 0xf1, 0x63
.byte 0x77, 0x44, 0x9a, 0x2c, 0x7a, 0x24, 0x5c, 0x14, 0x87, 0x59, 0x54, 0x2b, 0x7a, 0x1c, 0x5a, 0x1c
.byte 0x5a, 0x14, 0x5a, 0x14, 0x5b, 0x0c, 0x5a, 0x0c, 0x5c, 0x0c, 0x3a, 0x1c, 0x3a, 0x0c, 0x3a, 0x0c
.byte 0x1a, 0x0c, 0x1a, 0x04, 0xfa, 0x03, 0xda, 0x03, 0xf9, 0x13, 0xfa, 0x0b, 0x03, 0x29, 0x02, 0x99
.byte 0xa4, 0xca, 0xa6, 0xba, 0x24, 0x9a, 0x82, 0x89, 0x02, 0x61, 0x80, 0x40, 0xc8, 0x29, 0x41, 0x30
.byte 0x82, 0xa9, 0x22, 0xba, 0x80, 0xb9, 0x82, 0xb9, 0x20, 0xba, 0xa4, 0xba, 0x26, 0xcb, 0xa6, 0xaa
.byte 0xa6, 0xcb, 0xa6, 0xdb, 0x26, 0xcb, 0xca, 0xdc, 0x4a, 0xed, 0x4c, 0xed, 0xcc, 0xfd, 0xcc, 0xed
.byte 0x45, 0x9d, 0x66, 0x9e, 0xc6, 0x8d, 0xc6, 0x75, 0x46, 0x65, 0xc6, 0x75, 0x44, 0x65, 0x46, 0x65
.byte 0xc4, 0x65, 0xc4, 0x65, 0xc6, 0x75, 0xc4, 0x75, 0x64, 0x76, 0x66, 0x8e, 0xe4, 0x8e, 0x64, 0x8e
.byte 0xe4, 0x76, 0x64, 0x76, 0x64, 0x76, 0x64, 0x66, 0x64, 0x66, 0xc2, 0x65, 0x64, 0x56, 0xc2, 0x55
.byte 0x64, 0x66, 0xc4, 0x55, 0x64, 0x66, 0x64, 0x66, 0x64, 0x76, 0x64, 0x8e, 0xe6, 0x9e, 0xe6, 0xae
.byte 0x66, 0xaf, 0xe6, 0xae, 0xe8, 0xae, 0xe6, 0x9e, 0xe8, 0xae, 0xe6, 0x9e, 0x66, 0xaf, 0xe6, 0xae
.byte 0xe6, 0xae, 0xe6, 0xae, 0xe8, 0x9e, 0xe8, 0xae, 0x6c, 0xbe, 0xd3, 0xbd, 0xd5, 0xcd, 0x55, 0xcd
.byte 0xd1, 0xac, 0x4c, 0x9d, 0xcc, 0xad, 0xf1, 0xbe, 0xf5, 0xce, 0xf5, 0xce, 0xf3, 0xce, 0x6e, 0xae
.byte 0x6a, 0x9e, 0x68, 0x9e, 0x68, 0x9e, 0xc8, 0x9d, 0xc8, 0x8d, 0xc8, 0x8d, 0xc6, 0x8d, 0x66, 0x8e
.byte 0x68, 0x9e, 0xc8, 0x9d, 0xc8, 0x8d, 0x48, 0x8d, 0x66, 0x8b, 0x40, 0x89, 0x43, 0x99, 0x43, 0x99
.byte 0x43, 0x99, 0xa5, 0x99, 0x6a, 0xa3, 0x4a, 0x8d, 0xc6, 0x75, 0x66, 0x76, 0xe4, 0x8e, 0xa3, 0x8b
.byte 0x02, 0x99, 0xca, 0xed, 0x6c, 0xee, 0x6c, 0xfe, 0x6c, 0xfe, 0x6c, 0xfe, 0x6c, 0xfe, 0x6c, 0xfe
.byte 0x6c, 0xee, 0x22, 0xba, 0xa6, 0xdb, 0xcc, 0xed, 0xca, 0xfd, 0xca, 0xed, 0x02, 0x89, 0x80, 0x70
.byte 0x02, 0x89, 0x20, 0xca, 0x82, 0x70, 0xa2, 0x63, 0x64, 0x66, 0xc4, 0x55, 0x64, 0x66, 0xc4, 0x55
.byte 0x64, 0x66, 0xc4, 0x55, 0x62, 0x66, 0x64, 0x66, 0xc4, 0x65, 0x64, 0x66, 0xc4, 0x65, 0xc2, 0x55
.byte 0xc4, 0x65, 0x64, 0x56, 0xc4, 0x65, 0x64, 0x66, 0xc4, 0x55, 0x64, 0x66, 0xc2, 0x65, 0x64, 0x66
.byte 0x64, 0x66, 0x64, 0x66, 0x64, 0x66, 0xc4, 0x65, 0x62, 0x56, 0xc4, 0x65, 0x64, 0x56, 0xc2, 0x55
.byte 0x64, 0x66, 0xc4, 0x55, 0x62, 0x56, 0xc4, 0x55, 0xc2, 0x55, 0xc4, 0x55, 0xc4, 0x55, 0xc4, 0x55
.byte 0xc2, 0x55, 0x44, 0x55, 0x42, 0x45, 0x42, 0x45, 0x44, 0x45, 0x42, 0x45, 0x44, 0x55, 0xc4, 0x55
.byte 0x42, 0x55, 0xc4, 0x55, 0x42, 0x55, 0x44, 0x55, 0x42, 0x55, 0x44, 0x45, 0xc2, 0x55, 0x44, 0x55
.byte 0x44, 0x55, 0x42, 0x45, 0x44, 0x45, 0xc2, 0x44, 0x42, 0x45, 0x44, 0x55, 0x42, 0x45, 0x44, 0x45
.byte 0x42, 0x45, 0xc2, 0x44, 0xc2, 0x34, 0xc4, 0x44, 0x42, 0x34, 0x42, 0x44, 0xa4, 0x43, 0x24, 0x73
.byte 0x26, 0x8b, 0xa6, 0x8a, 0x26, 0x9b, 0x26, 0x9b, 0xa6, 0x9a, 0x26, 0x8b, 0xa6, 0x9a, 0xa4, 0x8a
.byte 0x26, 0x8b, 0xa4, 0x8a, 0xa6, 0x8a, 0x26, 0x8b, 0xa6, 0x8a, 0x26, 0x8b, 0xa6, 0x8a, 0xa6, 0x8a
.byte 0x24, 0x8b, 0xa6, 0x9a, 0xa4, 0x8a, 0xa6, 0x8a, 0x26, 0x9b, 0x48, 0x7b, 0xcd, 0x7b, 0x53, 0x64
.byte 0x78, 0x3c, 0x7b, 0x24, 0x7c, 0x24, 0x54, 0x2b, 0x80, 0x88, 0xc8, 0x59, 0x5c, 0x1c, 0x7a, 0x14
.byte 0x5a, 0x14, 0x5c, 0x0c, 0x5a, 0x0c, 0x3a, 0x0c, 0x3a, 0x0c, 0x5a, 0x0c, 0x3c, 0x04, 0x5a, 0x0c
.byte 0x3a, 0x1c, 0x3c, 0x04, 0xfa, 0x03, 0xfa, 0x03, 0xf9, 0x03, 0xfa, 0x0b, 0xaf, 0x22, 0x00, 0x60
.byte 0xc3, 0xa1, 0x26, 0xbb, 0xa4, 0xca, 0x26, 0xcb, 0x47, 0xc3, 0xc7, 0xc2, 0x24, 0x9a, 0x80, 0x40
.byte 0x82, 0x99, 0x80, 0xb9, 0x82, 0xb9, 0x82, 0xb9, 0x82, 0xb9, 0x82, 0xb9, 0x22, 0xba, 0x24, 0xcb
.byte 0x26, 0xcb, 0x26, 0xcb, 0x24, 0xcb, 0xca, 0xec, 0x4a, 0xed, 0x4c, 0xed, 0xcc, 0xed, 0xa6, 0xdb
.byte 0x83, 0x9a, 0x86, 0x85, 0xc6, 0x75, 0xc6, 0x75, 0x44, 0x65, 0x46, 0x65, 0x44, 0x65, 0xc6, 0x65
.byte 0xc4, 0x65, 0xc6, 0x75, 0xc4, 0x75, 0x64, 0x76, 0x66, 0x8e, 0xe4, 0x8e, 0xe4, 0x8e, 0x66, 0x76
.byte 0x64, 0x76, 0x64, 0x76, 0x64, 0x66, 0x64, 0x66, 0x64, 0x66, 0xc4, 0x55, 0x64, 0x66, 0xc4, 0x55
.byte 0xc2, 0x55, 0x64, 0x56, 0x64, 0x66, 0x64, 0x66, 0x64, 0x8e, 0xe6, 0x8e, 0x66, 0x9e, 0xe4, 0x9e
.byte 0xe6, 0x9e, 0xe6, 0x9e, 0xe6, 0x9e, 0xe6, 0x9e, 0xe4, 0x9e, 0xe6, 0x9e, 0x23, 0x6b, 0x60, 0x49
.byte 0xa3, 0x73, 0xe6, 0x9e, 0x66, 0x9e, 0x6a, 0x9e, 0xce, 0xad, 0xd3, 0xcd, 0x55, 0xcd, 0xd5, 0xcc
.byte 0xd1, 0xac, 0x4a, 0x8d, 0xca, 0x9d, 0x6c, 0xae, 0x6e, 0xbe, 0x6e, 0xae, 0x6c, 0xae, 0xca, 0x8d
.byte 0x68, 0x8e, 0x66, 0x76, 0x66, 0x8e, 0x66, 0x8e, 0x66, 0x8e, 0x64, 0x8e, 0x66, 0x76, 0x66, 0x8e
.byte 0x66, 0x8e, 0x66, 0x8e, 0xc6, 0x75, 0xc6, 0x8d, 0x86, 0x8d, 0x02, 0x99, 0x52, 0xfe, 0xf3, 0xee
.byte 0xd1, 0xed, 0x4e, 0xdd, 0xa6, 0xba, 0x23, 0x92, 0x64, 0x7c, 0x64, 0x66, 0x64, 0x76, 0xe6, 0x8e
.byte 0xc2, 0x7c, 0x62, 0x91, 0xc8, 0xdc, 0x6c, 0xfe, 0x6c, 0xee, 0x6c, 0xfe, 0x6c, 0xee, 0xcc, 0xfd
.byte 0xca, 0xed, 0xca, 0xfd, 0xca, 0xed, 0xca, 0xed, 0xca, 0xfd, 0x4a, 0xed, 0xa2, 0xca, 0xa0, 0xda
.byte 0xa2, 0xda, 0x20, 0xca, 0x80, 0x60, 0xa2, 0x74, 0x25, 0x75, 0x64, 0x66, 0xc2, 0x55, 0x64, 0x65
.byte 0xc1, 0x4c, 0xa2, 0x5b, 0xc2, 0x43, 0xc4, 0x65, 0x62, 0x56, 0xc4, 0x65, 0x62, 0x56, 0xc4, 0x65
.byte 0x64, 0x56, 0xc4, 0x65, 0x62, 0x56, 0xc4, 0x55, 0x62, 0x66, 0xc4, 0x55, 0x64, 0x66, 0xc4, 0x55
.byte 0x64, 0x66, 0x64, 0x66, 0x62, 0x56, 0xc4, 0x65, 0x64, 0x56, 0xc2, 0x55, 0x64, 0x56, 0xc4, 0x65
.byte 0x64, 0x56, 0xc2, 0x55, 0xc4, 0x65, 0x64, 0x56, 0xc4, 0x55, 0xc2, 0x55, 0xc4, 0x55, 0xc2, 0x55
.byte 0xc4, 0x55, 0x44, 0x55, 0x42, 0x45, 0x44, 0x45, 0xc2, 0x44, 0x42, 0x45, 0x44, 0x45, 0x42, 0x55
.byte 0x44, 0x45, 0x42, 0x55, 0x44, 0x45, 0x42, 0x55, 0x44, 0x45, 0x42, 0x55, 0x44, 0x55, 0x42, 0x55
.byte 0x42, 0x45, 0x44, 0x55, 0x42, 0x45, 0x44, 0x45, 0x42, 0x45, 0x44, 0x45, 0xc2, 0x44, 0xc4, 0x44
.byte 0xc2, 0x44, 0xc4, 0x34, 0xc2, 0x44, 0xc2, 0x34, 0x42, 0x34, 0x42, 0x44, 0x24, 0x43, 0x24, 0x63
.byte 0x24, 0x8b, 0x26, 0x9b, 0x26, 0x9b, 0x26, 0x9b, 0x26, 0x9b, 0x26, 0x9b, 0xa6, 0x8a, 0x26, 0x9b
.byte 0xa6, 0x8a, 0x26, 0x8b, 0x04, 0x8a, 0xa0, 0x88, 0x03, 0x8a, 0xa6, 0x8a, 0xa4, 0x9a, 0x26, 0x8b
.byte 0xa6, 0x8a, 0xa6, 0x8a, 0xa6, 0x8a, 0x26, 0x8b, 0xc8, 0x7a, 0x4b, 0x83, 0xce, 0x7b, 0x96, 0x4c
.byte 0x78, 0x3c, 0x7a, 0x24, 0x7c, 0x14, 0x41, 0x81, 0x24, 0xba, 0x03, 0x79, 0x5c, 0x14, 0x7a, 0x14
.byte 0x5c, 0x0c, 0x7a, 0x14, 0x5a, 0x14, 0x5c, 0x0c, 0xd7, 0x13, 0xc1, 0x70, 0x5a, 0x1c, 0x5a, 0x0c
.byte 0x3a, 0x0c, 0x3a, 0x0c, 0xfa, 0x03, 0x1a, 0x14, 0xda, 0x03, 0xb1, 0x1a, 0x66, 0x31, 0x80, 0x40
.byte 0xa4, 0xca, 0xa6, 0xca, 0x26, 0xbb, 0xa4, 0xca, 0xa6, 0xba, 0x24, 0xcb, 0x26, 0xcb, 0xa6, 0xca
.byte 0x22, 0xba, 0x82, 0xb9, 0x80, 0xa9, 0x82, 0xb9, 0x80, 0xa9, 0x80, 0xb9, 0x82, 0xa9, 0x82, 0xb9
.byte 0x22, 0xba, 0x22, 0xba, 0x22, 0xba, 0xca, 0xdc, 0xca, 0xdc, 0x4a, 0xed, 0xa6, 0xcb, 0x26, 0xcb
.byte 0x24, 0xb3, 0xe3, 0x8a, 0xc6, 0x75, 0xc4, 0x65, 0x46, 0x65, 0xc4, 0x65, 0x46, 0x65, 0xc4, 0x65
.byte 0xc4, 0x75, 0x64, 0x76, 0x66, 0x76, 0x64, 0x8e, 0x66, 0x8e, 0xe4, 0x8e, 0x66, 0x8e, 0xe4, 0x8e
.byte 0x64, 0x76, 0x64, 0x66, 0x64, 0x66, 0x64, 0x66, 0xc4, 0x65, 0x62, 0x56, 0x64, 0x56, 0xc2, 0x65
.byte 0x64, 0x56, 0x62, 0x66, 0xc4, 0x65, 0x64, 0x66, 0x64, 0x76, 0xe4, 0x8e, 0xe4, 0x8e, 0xe6, 0x8e
.byte 0xe4, 0x8e, 0xe6, 0x8e, 0xe6, 0x9e, 0xe4, 0x8e, 0xe6, 0x8e, 0x41, 0x62, 0x82, 0x61, 0x68, 0xab
.byte 0x01, 0x52, 0xe6, 0x76, 0x66, 0x8e, 0x68, 0x8e, 0xca, 0x9d, 0xce, 0xbd, 0x51, 0xbd, 0xcd, 0x93
.byte 0x86, 0x7a, 0x48, 0x74, 0xc8, 0x8d, 0x6a, 0x9e, 0x6a, 0x8e, 0x6a, 0x8e, 0xc8, 0x75, 0xc6, 0x75
.byte 0xc6, 0x75, 0x64, 0x76, 0x66, 0x8e, 0xe4, 0x8e, 0x66, 0x8e, 0xe6, 0x8e, 0x64, 0x8e, 0xe6, 0x8e
.byte 0x64, 0x76, 0x66, 0x8e, 0x64, 0x76, 0x66, 0x8e, 0x66, 0x8e, 0xe2, 0x89, 0xc6, 0xaa, 0xf3, 0xfe
.byte 0x73, 0xfe, 0xf3, 0xee, 0xf3, 0xfe, 0xcc, 0xdc, 0xe2, 0x90, 0x82, 0x74, 0xe4, 0x76, 0xe6, 0x76
.byte 0x64, 0x76, 0x43, 0x7d, 0x40, 0x81, 0x64, 0xa2, 0xc8, 0xec, 0x6c, 0xee, 0xcc, 0xfd, 0x6a, 0xfe
.byte 0xcc, 0xed, 0xca, 0xfd, 0xca, 0xed, 0xca, 0xfd, 0x4a, 0xed, 0x48, 0xed, 0x20, 0xda, 0x20, 0xda
.byte 0x20, 0xca, 0x00, 0xa9, 0x02, 0x71, 0x00, 0x89, 0x80, 0x60, 0x80, 0x50, 0x80, 0x40, 0x80, 0x40
.byte 0x80, 0x50, 0x80, 0x60, 0x80, 0x50, 0xe2, 0x50, 0xc4, 0x65, 0x64, 0x56, 0xc4, 0x55, 0x64, 0x66
.byte 0xc4, 0x55, 0x62, 0x66, 0xc4, 0x55, 0x64, 0x66, 0xc4, 0x55, 0x64, 0x56, 0xc2, 0x65, 0x64, 0x56
.byte 0xc2, 0x65, 0x64, 0x56, 0xc4, 0x65, 0x62, 0x56, 0xc4, 0x65, 0x64, 0x56, 0xc4, 0x65, 0x62, 0x56
.byte 0xc4, 0x55, 0x64, 0x66, 0x62, 0x56, 0xc4, 0x65, 0xc2, 0x55, 0xc4, 0x55, 0xc4, 0x55, 0x42, 0x55
.byte 0x44, 0x55, 0x42, 0x45, 0x44, 0x45, 0xc2, 0x44, 0xc2, 0x44, 0x44, 0x45, 0x42, 0x45, 0x42, 0x45
.byte 0x44, 0x45, 0x42, 0x45, 0xc4, 0x44, 0x42, 0x45, 0x44, 0x45, 0x42, 0x45, 0x42, 0x45, 0x44, 0x45
.byte 0x44, 0x45, 0xc2, 0x44, 0xe2, 0x44, 0xc2, 0x44, 0xc4, 0x44, 0xc2, 0x44, 0xc2, 0x34, 0x42, 0x45
.byte 0xc2, 0x34, 0xc2, 0x44, 0xc4, 0x34, 0xc2, 0x34, 0x44, 0x34, 0xa2, 0x33, 0xa4, 0x53, 0xa4, 0x62
.byte 0x26, 0x8b, 0x84, 0x82, 0x26, 0x9b, 0x26, 0x9b, 0x26, 0x9b, 0xa6, 0x9a, 0x26, 0x8b, 0xa4, 0x8a
.byte 0xa6, 0x8a, 0xa4, 0x8a, 0x22, 0x99, 0x48, 0xcc, 0x02, 0x99, 0x26, 0x8b, 0xa6, 0x8a, 0xa6, 0x8a
.byte 0xa4, 0x8a, 0x26, 0x8b, 0xa6, 0x8a, 0x26, 0x9b, 0x4b, 0x83, 0xee, 0x7b, 0x53, 0x64, 0xb8, 0x4c
.byte 0x7b, 0x34, 0xfa, 0x24, 0x4e, 0x52, 0x22, 0xba, 0x44, 0xdc, 0x02, 0x99, 0x7a, 0x1c, 0x7b, 0x24
.byte 0x7b, 0x1c, 0x7a, 0x14, 0x5a, 0x14, 0x5a, 0x0c, 0x87, 0x59, 0x80, 0x70, 0x79, 0x14, 0x5a, 0x0c
.byte 0x5a, 0x0c, 0x3a, 0x0c, 0x1a, 0x04, 0x53, 0x1b, 0x65, 0x49, 0x02, 0x61, 0xa4, 0xaa, 0xa6, 0xca
.byte 0x26, 0xcb, 0x24, 0xcb, 0xa6, 0xca, 0x26, 0xcb, 0x26, 0xcb, 0x26, 0xcb, 0x26, 0xcb, 0xa4, 0xba
.byte 0x80, 0xb9, 0x82, 0xa9, 0x82, 0xb9, 0x80, 0xb9, 0x82, 0xa9, 0x82, 0xb9, 0x00, 0xa9, 0x80, 0xb9
.byte 0x02, 0xa9, 0x80, 0xb9, 0x80, 0xa9, 0xca, 0xec, 0x48, 0xdc, 0x22, 0xba, 0x82, 0xb9, 0x22, 0xba
.byte 0xc8, 0xdc, 0xe2, 0xa1, 0x43, 0x83, 0xc6, 0x75, 0xc4, 0x65, 0xc6, 0x65, 0xc4, 0x75, 0xc6, 0x65
.byte 0xc4, 0x75, 0x66, 0x76, 0x64, 0x76, 0xe6, 0x8e, 0xe4, 0x8e, 0xe6, 0x8e, 0x64, 0x76, 0xe4, 0x76
.byte 0x64, 0x66, 0x65, 0x6e, 0x00, 0x50, 0x02, 0xa9, 0x02, 0xa9, 0xe2, 0xa1, 0x84, 0x8b, 0xc4, 0x65
.byte 0xc4, 0x55, 0xc4, 0x65, 0xc2, 0x55, 0xc4, 0x65, 0x64, 0x66, 0x64, 0x76, 0x64, 0x76, 0x64, 0x76
.byte 0xe4, 0x76, 0x64, 0x8e, 0xe4, 0x76, 0x66, 0x86, 0x40, 0x49, 0xa4, 0x9a, 0x71, 0xfe, 0xce, 0xed
.byte 0x40, 0x49, 0x64, 0x76, 0xc4, 0x75, 0xe6, 0x75, 0x64, 0x6b, 0x22, 0x51, 0x80, 0x40, 0xe0, 0x48
.byte 0xc0, 0x58, 0xe2, 0x49, 0xc6, 0x75, 0xc6, 0x75, 0x66, 0x76, 0xc6, 0x75, 0xc6, 0x75, 0xc6, 0x65
.byte 0xc4, 0x65, 0x64, 0x76, 0x45, 0x7d, 0x82, 0x7b, 0x21, 0x62, 0x01, 0x62, 0xa1, 0x49, 0xc0, 0x48
.byte 0x64, 0x76, 0x66, 0x76, 0x64, 0x76, 0x66, 0x76, 0xe4, 0x8e, 0x66, 0x8e, 0xe2, 0x90, 0xce, 0xed
.byte 0xf3, 0xee, 0x73, 0xfe, 0x73, 0xfe, 0xf3, 0xee, 0xce, 0xed, 0x62, 0x91, 0x83, 0x75, 0x64, 0x66
.byte 0x64, 0x76, 0x83, 0x6d, 0xe1, 0x7a, 0xc2, 0x81, 0x02, 0x89, 0xc8, 0xec, 0xcc, 0xed, 0xca, 0xed
.byte 0xca, 0xed, 0x48, 0xed, 0xca, 0xfd, 0x4a, 0xed, 0x48, 0xed, 0x22, 0xeb, 0xa0, 0xda, 0xa0, 0xda
.byte 0xa0, 0xda, 0x02, 0x71, 0x80, 0x50, 0x00, 0x89, 0x80, 0xb9, 0x82, 0xb9, 0x80, 0xc9, 0x80, 0xc9
.byte 0x82, 0xc9, 0x00, 0x99, 0xe2, 0x50, 0x02, 0x5c, 0x62, 0x56, 0xc4, 0x65, 0x64, 0x56, 0xc2, 0x65
.byte 0x64, 0x56, 0xc4, 0x55, 0x64, 0x66, 0xc2, 0x55, 0x64, 0x56, 0xc2, 0x65, 0x64, 0x56, 0x64, 0x56
.byte 0xc4, 0x65, 0x62, 0x56, 0xc4, 0x55, 0x64, 0x66, 0xc4, 0x55, 0x62, 0x66, 0xc4, 0x55, 0x64, 0x56
.byte 0x62, 0x66, 0xc4, 0x55, 0xc4, 0x55, 0x64, 0x56, 0xc4, 0x65, 0xc2, 0x55, 0xc4, 0x55, 0x42, 0x55
.byte 0x44, 0x45, 0x42, 0x45, 0xc2, 0x44, 0x42, 0x35, 0xc4, 0x44, 0xc2, 0x34, 0xc2, 0x44, 0x61, 0x31
.byte 0xa0, 0x30, 0xc3, 0x43, 0x42, 0x45, 0xc4, 0x44, 0xc2, 0x44, 0xc2, 0x44, 0xc4, 0x44, 0x42, 0x45
.byte 0xc2, 0x44, 0xa1, 0x3b, 0xe0, 0x30, 0xa0, 0x31, 0x40, 0x31, 0xe0, 0x31, 0x22, 0x3a, 0x21, 0x33
.byte 0x23, 0x44, 0x42, 0x45, 0xc2, 0x34, 0xc2, 0x44, 0x42, 0x34, 0x42, 0x44, 0x24, 0x53, 0x24, 0x63
.byte 0x24, 0x73, 0x80, 0x88, 0x02, 0x99, 0x21, 0x89, 0x84, 0x92, 0x26, 0x9b, 0xa6, 0x9a, 0x26, 0x8b
.byte 0xa6, 0x8a, 0x62, 0x89, 0x48, 0xcc, 0x75, 0xff, 0x26, 0xcb, 0x22, 0x89, 0x24, 0x8b, 0xa6, 0x8a
.byte 0x26, 0x8b, 0xa6, 0x8a, 0x48, 0x8b, 0x4a, 0x83, 0xcb, 0x83, 0x51, 0x74, 0x78, 0x4c, 0x9a, 0x34
.byte 0x9b, 0x2c, 0x31, 0x43, 0x82, 0xa9, 0x48, 0xed, 0x48, 0xed, 0x00, 0x99, 0x7b, 0x1c, 0x5d, 0x14
.byte 0x7b, 0x14, 0x7b, 0x14, 0x5c, 0x0c, 0x0a, 0x4a, 0x83, 0x79, 0x02, 0x71, 0x5a, 0x0c, 0x5a, 0x0c
.byte 0x3a, 0x0c, 0x3a, 0x1c, 0xa8, 0x39, 0x02, 0x51, 0xa4, 0xaa, 0x26, 0xcb, 0x26, 0xcb, 0x26, 0xcb
.byte 0x26, 0xcb, 0x26, 0xcb, 0x26, 0xcb, 0x26, 0xcb, 0xa4, 0xca, 0xa4, 0xba, 0x22, 0xba, 0x22, 0xba
.byte 0x82, 0xb9, 0x80, 0xb9, 0x82, 0xb9, 0x80, 0xa9, 0x82, 0xa9, 0x00, 0xb9, 0x82, 0xa9, 0x82, 0xb9
.byte 0x82, 0xa9, 0x82, 0xb9, 0x02, 0xa9, 0xa4, 0xca, 0x00, 0xa9, 0x80, 0xb9, 0x02, 0xa9, 0x80, 0xb9
.byte 0x6c, 0xfe, 0xc8, 0xec, 0x64, 0xaa, 0xc2, 0x82, 0x06, 0x76, 0x64, 0x76, 0x64, 0x76, 0x64, 0x66
.byte 0x64, 0x76, 0x64, 0x76, 0x64, 0x76, 0xe4, 0x76, 0x64, 0x76, 0x64, 0x76, 0x64, 0x76, 0x64, 0x76
.byte 0x64, 0x66, 0xc4, 0x65, 0xe0, 0x60, 0x00, 0xa9, 0x24, 0xdb, 0xa4, 0xca, 0x82, 0xa9, 0x02, 0xa9
.byte 0x02, 0xa9, 0x02, 0x8b, 0xa4, 0x64, 0xc4, 0x55, 0xc2, 0x65, 0xc4, 0x55, 0x64, 0x66, 0x64, 0x66
.byte 0x64, 0x76, 0x64, 0x76, 0x64, 0x76, 0x21, 0x52, 0x26, 0xab, 0x73, 0xfe, 0x71, 0xee, 0x71, 0xee
.byte 0xe0, 0x50, 0xe2, 0x5b, 0x40, 0x49, 0x00, 0x61, 0x24, 0x8a, 0xa8, 0xbb, 0xca, 0xec, 0xca, 0xdc
.byte 0xe2, 0x79, 0xc4, 0x6c, 0x64, 0x76, 0x66, 0x76, 0xc6, 0x75, 0x64, 0x66, 0xc4, 0x65, 0x03, 0x5d
.byte 0x01, 0x5a, 0xe0, 0x50, 0x80, 0x40, 0x80, 0x50, 0x80, 0x60, 0x00, 0x89, 0x80, 0x70, 0xe0, 0x40
.byte 0xe4, 0x75, 0x64, 0x76, 0x23, 0x7d, 0x84, 0x83, 0x22, 0x8b, 0x44, 0x9b, 0x83, 0x92, 0xe4, 0xa1
.byte 0x71, 0xee, 0x73, 0xfe, 0xf3, 0xee, 0xf3, 0xfe, 0x73, 0xfe, 0xe8, 0xb3, 0x62, 0x7a, 0x64, 0x66
.byte 0xa2, 0x63, 0xe0, 0x80, 0xe4, 0xa2, 0x48, 0xdc, 0xc8, 0xed, 0xca, 0xed, 0xca, 0xed, 0xca, 0xfd
.byte 0xa2, 0xeb, 0xc4, 0xec, 0x4a, 0xed, 0xca, 0xed, 0x46, 0xec, 0x20, 0xdb, 0xa0, 0xda, 0xa0, 0xda
.byte 0xa0, 0xda, 0x20, 0xca, 0x20, 0xca, 0x20, 0xda, 0x20, 0xca, 0x80, 0xc9, 0x20, 0xca, 0x80, 0xc9
.byte 0x00, 0x99, 0x80, 0x40, 0xa2, 0x4b, 0xc2, 0x65, 0x64, 0x56, 0xc4, 0x55, 0x62, 0x66, 0x64, 0x56
.byte 0xc4, 0x55, 0x62, 0x66, 0xc4, 0x55, 0x64, 0x56, 0xc4, 0x65, 0x64, 0x56, 0xc2, 0x65, 0x64, 0x56
.byte 0xa2, 0x6b, 0x00, 0x99, 0x82, 0x98, 0xa1, 0x6b, 0x64, 0x56, 0xc4, 0x55, 0x62, 0x56, 0xc4, 0x65
.byte 0xc4, 0x55, 0xc4, 0x65, 0x62, 0x56, 0xc4, 0x65, 0xc2, 0x55, 0xc4, 0x55, 0xc4, 0x55, 0x42, 0x55
.byte 0x44, 0x45, 0x42, 0x45, 0xc4, 0x44, 0xc2, 0x34, 0xc2, 0x44, 0xc2, 0x34, 0x64, 0x44, 0x60, 0x31
.byte 0x00, 0x89, 0x60, 0x41, 0x81, 0x43, 0xc2, 0x34, 0xc2, 0x44, 0xc4, 0x34, 0xc2, 0x44, 0xc4, 0x44
.byte 0xc2, 0x44, 0xc4, 0x34, 0x60, 0x31, 0x40, 0x59, 0x80, 0x99, 0x60, 0x79, 0x40, 0x81, 0x40, 0x61
.byte 0xc0, 0x60, 0xc0, 0x50, 0xc0, 0x59, 0x81, 0x42, 0xa3, 0x43, 0xa2, 0x33, 0x24, 0x43, 0x24, 0x63
.byte 0xa4, 0x72, 0x82, 0x89, 0xa2, 0x99, 0x26, 0xbb, 0x24, 0xaa, 0x22, 0x99, 0x23, 0x8a, 0xa6, 0x8a
.byte 0xa4, 0x9a, 0xa0, 0x98, 0x6e, 0xee, 0xf3, 0xfe, 0xf1, 0xfe, 0x20, 0x89, 0xa6, 0x9a, 0xa6, 0x8a
.byte 0xa6, 0x8a, 0x48, 0x93, 0x4a, 0x7b, 0xee, 0x8b, 0x53, 0x74, 0x97, 0x4c, 0xba, 0x4c, 0xfb, 0x2c
.byte 0xae, 0x62, 0x02, 0x99, 0xc8, 0xec, 0x6c, 0xee, 0x48, 0xfd, 0x02, 0x99, 0x7c, 0x14, 0xdb, 0x1c
.byte 0x7b, 0x24, 0x7b, 0x14, 0xd1, 0x3a, 0x80, 0x88, 0xa4, 0xca, 0x82, 0x70, 0x5a, 0x0c, 0x3a, 0x1c
.byte 0x5a, 0x0c, 0x2a, 0x42, 0x82, 0x61, 0x26, 0xcb, 0x26, 0xcb, 0x26, 0xcb, 0xa6, 0xcb, 0x26, 0xcb
.byte 0x26, 0xcb, 0x26, 0xcb, 0xa4, 0xba, 0x24, 0xba, 0x22, 0xba, 0x82, 0xb9, 0x22, 0xba, 0x82, 0xb9
.byte 0x22, 0xba, 0x22, 0xba, 0x82, 0xb9, 0x22, 0xba, 0x22, 0xba, 0x24, 0xba, 0x24, 0xca, 0xa4, 0xba
.byte 0x24, 0xcb, 0x82, 0xa9, 0x82, 0xb9, 0x82, 0xa9, 0x00, 0xa9, 0x02, 0xa9, 0x00, 0xa9, 0x22, 0xba
.byte 0xf1, 0xfe, 0xc8, 0xec, 0x46, 0xdc, 0xe4, 0xba, 0x63, 0x82, 0x63, 0x85, 0x66, 0x76, 0x64, 0x76
.byte 0x64, 0x66, 0x64, 0x66, 0xe4, 0x75, 0xc3, 0x6c, 0x64, 0x66, 0x64, 0x66, 0x62, 0x66, 0x64, 0x66
.byte 0x64, 0x66, 0x64, 0x66, 0x40, 0x4a, 0x02, 0xa9, 0x46, 0xec, 0x6c, 0xfe, 0xf3, 0xfe, 0x4a, 0xed
.byte 0xa6, 0xca, 0x02, 0xa9, 0x02, 0x99, 0x02, 0xa9, 0x02, 0x8a, 0x04, 0x83, 0x84, 0x83, 0x62, 0x7c
.byte 0x04, 0x6e, 0x64, 0x66, 0xa3, 0x6c, 0xe2, 0x61, 0x71, 0xfe, 0x73, 0xee, 0x71, 0xfe, 0xd1, 0xfd
.byte 0x02, 0x51, 0x62, 0x61, 0x48, 0xcc, 0x4e, 0xed, 0x4c, 0xed, 0xca, 0xec, 0xca, 0xec, 0x24, 0x9a
.byte 0x01, 0x52, 0x66, 0x76, 0x64, 0x76, 0x64, 0x76, 0x64, 0x76, 0x83, 0x6d, 0xe1, 0x49, 0xe0, 0x50
.byte 0x80, 0x70, 0x80, 0x99, 0x82, 0xb9, 0x20, 0xca, 0x82, 0xc9, 0x82, 0xb9, 0xe0, 0x40, 0xe2, 0x6b
.byte 0x61, 0x7a, 0x82, 0x99, 0x84, 0xa9, 0xa6, 0xbb, 0xaa, 0xcb, 0x48, 0xcc, 0x28, 0xbb, 0x24, 0xaa
.byte 0x71, 0xee, 0x73, 0xfe, 0x73, 0xfe, 0x73, 0xee, 0x71, 0xfe, 0xd1, 0xed, 0xc0, 0x81, 0xe1, 0x69
.byte 0x42, 0x71, 0x48, 0xd5, 0x4a, 0xfd, 0xca, 0xed, 0xca, 0xfd, 0xcc, 0xed, 0xca, 0xfd, 0xca, 0xed
.byte 0xa4, 0xdb, 0x22, 0xdb, 0x4a, 0xfd, 0xc6, 0xec, 0xa0, 0xda, 0xa0, 0xda, 0xa2, 0xda, 0xa2, 0xda
.byte 0x22, 0xdb, 0xa2, 0xda, 0xa0, 0xda, 0xa2, 0xca, 0x80, 0xd9, 0x80, 0xc9, 0x80, 0xc9, 0x00, 0xa9
.byte 0x82, 0x50, 0x83, 0x53, 0xc4, 0x65, 0x64, 0x56, 0xc4, 0x55, 0x62, 0x66, 0xc4, 0x55, 0x62, 0x56
.byte 0xc4, 0x65, 0x64, 0x56, 0x62, 0x56, 0xc4, 0x65, 0x62, 0x56, 0xc4, 0x55, 0x64, 0x56, 0xc4, 0x65
.byte 0xc0, 0x91, 0xa6, 0xdb, 0xc8, 0xec, 0x02, 0x99, 0x21, 0x6d, 0x64, 0x56, 0xc4, 0x65, 0xc2, 0x55
.byte 0xc4, 0x55, 0xc2, 0x55, 0xc4, 0x55, 0xc4, 0x55, 0xc4, 0x55, 0x42, 0x55, 0xc4, 0x55, 0x01, 0x5c
.byte 0x81, 0x70, 0x80, 0x51, 0x21, 0x3b, 0xc4, 0x44, 0x42, 0x35, 0xc2, 0x44, 0xa1, 0x33, 0x80, 0x31
.byte 0x02, 0xa9, 0x82, 0x99, 0x80, 0x40, 0x42, 0x3a, 0x42, 0x34, 0xc2, 0x44, 0xc2, 0x34, 0xc2, 0x34
.byte 0xc2, 0x34, 0xc2, 0x44, 0x64, 0x34, 0x80, 0x41, 0xc0, 0x60, 0x02, 0xa9, 0x00, 0xa9, 0x82, 0xb9
.byte 0x22, 0xba, 0xa4, 0xba, 0x24, 0xaa, 0x82, 0x89, 0x02, 0x71, 0x00, 0x71, 0x62, 0x79, 0xa3, 0x5a
.byte 0xa4, 0x62, 0x06, 0x83, 0xe0, 0x88, 0xa4, 0xca, 0xcc, 0xed, 0x4c, 0xdd, 0x26, 0xcb, 0xa6, 0xba
.byte 0x84, 0x8a, 0x22, 0x89, 0x71, 0xfe, 0xf1, 0xee, 0xf3, 0xfe, 0x84, 0xa9, 0xe4, 0x89, 0x48, 0x7b
.byte 0x4a, 0x8b, 0x48, 0x8b, 0x06, 0x92, 0xc1, 0x80, 0x29, 0x7a, 0xba, 0x44, 0x9c, 0x2c, 0xc5, 0x81
.byte 0x82, 0xa9, 0xa4, 0xdb, 0xca, 0xed, 0xcc, 0xed, 0x46, 0xed, 0x00, 0x99, 0x7b, 0x1c, 0x7b, 0x1c
.byte 0xd0, 0x3a, 0x45, 0x71, 0x00, 0x89, 0xa4, 0xba, 0xa4, 0xba, 0x00, 0x71, 0x5a, 0x0c, 0x3c, 0x0c
.byte 0x1a, 0x0c, 0x2e, 0x22, 0x68, 0x39, 0x80, 0x60, 0x82, 0x99, 0x24, 0xba, 0x24, 0xba, 0x22, 0xba
.byte 0x82, 0xa9, 0x80, 0xb9, 0x22, 0xba, 0x80, 0xb9, 0x22, 0xba, 0x22, 0xba, 0x22, 0xba, 0x24, 0xba
.byte 0xa4, 0xba, 0xa4, 0xba, 0x26, 0xcb, 0x26, 0xcb, 0x26, 0xdb, 0xa6, 0xcb, 0xa6, 0xcb, 0x48, 0xdc
.byte 0x26, 0xcb, 0x82, 0xb9, 0x82, 0xa9, 0x00, 0xb9, 0x02, 0xa9, 0x80, 0xb9, 0x24, 0xba, 0xa4, 0xca
.byte 0xee, 0xee, 0x4a, 0xed, 0xc6, 0xec, 0xa6, 0xeb, 0xa4, 0xba, 0x62, 0x81, 0x23, 0x73, 0x62, 0x64
.byte 0x82, 0x5b, 0xa0, 0x59, 0xe2, 0x50, 0x80, 0x60, 0xc5, 0x7c, 0x45, 0x76, 0x64, 0x56, 0xc4, 0x55
.byte 0xc4, 0x55, 0xc2, 0x55, 0xc4, 0x55, 0x02, 0xa9, 0xa2, 0xca, 0x48, 0xed, 0x48, 0xed, 0x6e, 0xfe
.byte 0xf3, 0xfe, 0x71, 0xee, 0x4c, 0xed, 0xa6, 0xdb, 0x82, 0xb9, 0x02, 0xa9, 0x00, 0x99, 0x02, 0xa9
.byte 0x82, 0xb9, 0x02, 0x99, 0x80, 0x70, 0x48, 0xbc, 0x73, 0xfe, 0x71, 0xee, 0xd1, 0xed, 0x71, 0xee
.byte 0xca, 0xdc, 0x4c, 0xdd, 0x4e, 0xed, 0x4c, 0xed, 0xca, 0xec, 0xca, 0xec, 0x26, 0xcb, 0xc0, 0x59
.byte 0x83, 0x75, 0x64, 0x76, 0xe4, 0x7d, 0xa5, 0x7c, 0xe1, 0x6a, 0xe0, 0x50, 0x00, 0x89, 0x82, 0xb9
.byte 0x20, 0xca, 0x22, 0xda, 0x82, 0xc9, 0x80, 0xc9, 0x82, 0xb9, 0xe0, 0x50, 0xa0, 0x69, 0x84, 0x99
.byte 0x48, 0xcc, 0xce, 0xed, 0x71, 0xee, 0x73, 0xfe, 0x71, 0xfe, 0x73, 0xee, 0x71, 0xfe, 0x73, 0xfe
.byte 0x73, 0xee, 0x73, 0xfe, 0x71, 0xee, 0x73, 0xfe, 0x73, 0xee, 0x73, 0xfe, 0x66, 0xa3, 0x82, 0x88
.byte 0x6a, 0xe5, 0xca, 0xed, 0x6c, 0xfe, 0xca, 0xed, 0xcc, 0xfd, 0xca, 0xed, 0x4a, 0xed, 0xc6, 0xfc
.byte 0x22, 0xdb, 0x22, 0xeb, 0xa2, 0xdb, 0xa0, 0xda, 0xa0, 0xda, 0x22, 0xdb, 0x22, 0xdb, 0xa2, 0xdb
.byte 0x24, 0xdb, 0x22, 0xdb, 0x24, 0xdb, 0x22, 0xdb, 0xa2, 0xca, 0x20, 0xca, 0x02, 0x99, 0x80, 0x50
.byte 0xe3, 0x53, 0xc2, 0x65, 0x64, 0x56, 0xc2, 0x55, 0x64, 0x66, 0xc4, 0x55, 0x64, 0x56, 0xc4, 0x65
.byte 0x64, 0x56, 0xc2, 0x55, 0x64, 0x66, 0xc4, 0x55, 0x64, 0x66, 0xc2, 0x55, 0x64, 0x66, 0xc4, 0x55
.byte 0xa2, 0x91, 0xa4, 0xda, 0x48, 0xed, 0x82, 0xb9, 0x42, 0x6c, 0xc2, 0x55, 0xc4, 0x55, 0xc4, 0x55
.byte 0xc2, 0x55, 0xc4, 0x55, 0xc4, 0x55, 0xc2, 0x55, 0xc4, 0x55, 0xc2, 0x55, 0xc1, 0x72, 0x02, 0x99
.byte 0x00, 0x81, 0x01, 0x81, 0x80, 0x60, 0x80, 0x50, 0x21, 0x42, 0xc2, 0x34, 0x22, 0x32, 0x81, 0x3a
.byte 0x00, 0xa9, 0x84, 0xb9, 0x82, 0xa9, 0x80, 0x50, 0xe1, 0x31, 0x44, 0x34, 0x42, 0x44, 0x42, 0x34
.byte 0x44, 0x44, 0x42, 0x34, 0x42, 0x34, 0xe4, 0x43, 0x80, 0x39, 0x61, 0x51, 0x02, 0xa9, 0x02, 0xa9
.byte 0x82, 0xa9, 0x22, 0xba, 0xa4, 0xca, 0x26, 0xcb, 0x48, 0xdc, 0x48, 0xcc, 0xa4, 0xaa, 0x02, 0x89
.byte 0x02, 0x89, 0xa4, 0x81, 0xc5, 0x92, 0xa0, 0x88, 0x26, 0xcb, 0xcc, 0xed, 0xcc, 0xed, 0xa8, 0xcb
.byte 0x24, 0xaa, 0x24, 0xba, 0x6e, 0xee, 0x71, 0xfe, 0x6e, 0xee, 0x26, 0xcb, 0xc3, 0x89, 0xa3, 0x89
.byte 0x82, 0xa9, 0x82, 0xa9, 0x22, 0xca, 0xc3, 0xa1, 0xc7, 0x79, 0x05, 0x9a, 0x82, 0xb9, 0x22, 0xba
.byte 0x44, 0xdc, 0xc8, 0xec, 0xca, 0xed, 0x4a, 0xed, 0x24, 0xdb, 0x02, 0x99, 0x00, 0x99, 0x02, 0x99
.byte 0x82, 0x99, 0x82, 0xb9, 0xa2, 0xca, 0xa6, 0xdb, 0x24, 0x9a, 0x47, 0x59, 0x3a, 0x14, 0x9a, 0x0c
.byte 0x1a, 0x0c, 0xf8, 0x0b, 0x72, 0x13, 0xc8, 0x49, 0x80, 0x50, 0x00, 0x89, 0x82, 0xa9, 0x80, 0xb9
.byte 0x22, 0xba, 0x82, 0xb9, 0x22, 0xba, 0x22, 0xba, 0x82, 0xb9, 0x22, 0xba, 0x24, 0xba, 0x26, 0xcb
.byte 0x26, 0xcb, 0x26, 0xcb, 0xa6, 0xca, 0x26, 0xcb, 0x26, 0xcb, 0x28, 0xcb, 0x48, 0xdc, 0x26, 0xcb
.byte 0x24, 0xaa, 0x82, 0xb9, 0x02, 0xa9, 0x82, 0xb9, 0x82, 0xa9, 0xa4, 0xca, 0xa8, 0xcb, 0x48, 0xdc
.byte 0xf1, 0xfe, 0xee, 0xfe, 0xc6, 0xec, 0x46, 0xec, 0xa6, 0xdb, 0xe4, 0xd2, 0xc2, 0x81, 0x62, 0x81
.byte 0xc0, 0x81, 0xa2, 0x99, 0xe0, 0xc1, 0x80, 0x50, 0x02, 0x99, 0x82, 0xa9, 0x23, 0x9a, 0xc5, 0x5d
.byte 0x62, 0x56, 0xc4, 0x55, 0x44, 0x55, 0x23, 0x7c, 0x02, 0xa9, 0x46, 0xec, 0xc6, 0xec, 0x44, 0xec
.byte 0x48, 0xed, 0xcc, 0xfd, 0x6e, 0xee, 0x71, 0xfe, 0x6c, 0xee, 0xca, 0xfd, 0x4a, 0xed, 0xc6, 0xdc
.byte 0x46, 0xdc, 0xa6, 0xdb, 0xa4, 0xba, 0xd1, 0xed, 0x71, 0xfe, 0x71, 0xee, 0xd1, 0xfd, 0xce, 0xed
.byte 0xce, 0xfd, 0x4e, 0xed, 0x4c, 0xed, 0xca, 0xec, 0xc8, 0xec, 0xa8, 0xdb, 0x00, 0x61, 0xe2, 0x50
.byte 0x80, 0x60, 0x80, 0x50, 0x80, 0x50, 0x80, 0x50, 0x80, 0x60, 0x22, 0xaa, 0x20, 0xda, 0x22, 0xca
.byte 0x82, 0xc9, 0x80, 0xc9, 0x82, 0xc9, 0x80, 0xb9, 0xe0, 0x60, 0xe0, 0x68, 0x26, 0xbb, 0xce, 0xed
.byte 0x73, 0xfe, 0x71, 0xee, 0x73, 0xfe, 0x73, 0xfe, 0x73, 0xee, 0x73, 0xfe, 0x73, 0xee, 0x73, 0xfe
.byte 0x71, 0xee, 0x71, 0xfe, 0x73, 0xee, 0x73, 0xfe, 0x71, 0xfe, 0x73, 0xee, 0xce, 0xed, 0x4e, 0xdd
.byte 0x71, 0xee, 0xce, 0xfd, 0xcc, 0xed, 0xca, 0xfd, 0xca, 0xed, 0xca, 0xfd, 0xc6, 0xec, 0xa4, 0xdb
.byte 0x22, 0xdb, 0xa0, 0xda, 0xa2, 0xda, 0x22, 0xdb, 0xa2, 0xdb, 0xa4, 0xeb, 0x22, 0xdb, 0xa4, 0xdb
.byte 0x22, 0xdb, 0x22, 0xdb, 0x22, 0xdb, 0x22, 0xdb, 0xa2, 0xda, 0x22, 0xca, 0x00, 0x61, 0x40, 0x41
.byte 0x41, 0x4c, 0xc4, 0x55, 0x64, 0x56, 0xc4, 0x65, 0x62, 0x56, 0xc4, 0x55, 0x64, 0x66, 0xc2, 0x55
.byte 0x64, 0x56, 0xa4, 0x65, 0xa2, 0x4d, 0x83, 0x64, 0xa1, 0x6b, 0x03, 0x83, 0x41, 0x6c, 0x84, 0x5d
.byte 0xa2, 0x62, 0x22, 0xba, 0x4a, 0xed, 0x82, 0xb9, 0xa2, 0x73, 0xc4, 0x55, 0xc4, 0x55, 0xc2, 0x55
.byte 0x44, 0x55, 0xc4, 0x55, 0xc2, 0x55, 0xc4, 0x55, 0x42, 0x55, 0x82, 0x82, 0x84, 0xb9, 0x24, 0xdb
.byte 0x01, 0x91, 0xa3, 0x89, 0x24, 0xba, 0x82, 0xa9, 0x80, 0x60, 0x20, 0x38, 0xa0, 0x40, 0xe2, 0x68
.byte 0xa1, 0x88, 0x82, 0xb1, 0x24, 0xba, 0x24, 0xaa, 0x80, 0x50, 0xc0, 0x39, 0xc2, 0x32, 0xe1, 0x42
.byte 0xa2, 0x43, 0xa4, 0x43, 0x62, 0x52, 0xc0, 0x40, 0x80, 0x50, 0x80, 0x60, 0x80, 0xa9, 0x00, 0xa9
.byte 0x00, 0xa9, 0x82, 0xa9, 0x80, 0xb9, 0x82, 0xb9, 0x24, 0xcb, 0xa6, 0xcb, 0xa8, 0xdb, 0x48, 0xdc
.byte 0x26, 0xbb, 0x82, 0x89, 0x02, 0x89, 0x82, 0x81, 0x20, 0x89, 0xa4, 0xba, 0xca, 0xec, 0x4c, 0xed
.byte 0xc8, 0xdc, 0x4c, 0xed, 0xcc, 0xed, 0xce, 0xed, 0xcc, 0xed, 0xa8, 0xc3, 0x80, 0x88, 0x82, 0xb9
.byte 0x24, 0xdb, 0x24, 0xeb, 0xa6, 0xdb, 0x82, 0xb9, 0x00, 0x99, 0x82, 0xa9, 0xa2, 0xca, 0x44, 0xec
.byte 0xc8, 0xec, 0x4a, 0xed, 0x4a, 0xed, 0xc6, 0xec, 0x24, 0xdb, 0x24, 0xcb, 0x22, 0xdb, 0xa2, 0xca
.byte 0x24, 0xdb, 0x24, 0xcb, 0xa6, 0xdb, 0x48, 0xdc, 0x80, 0x60, 0x11, 0x2b, 0xf9, 0x1b, 0x3a, 0x1c
.byte 0x1a, 0x0c, 0x91, 0x13, 0x63, 0x22, 0x2c, 0x13, 0xc5, 0x79, 0x80, 0x50, 0x80, 0xa9, 0x82, 0xb9
.byte 0x00, 0xa9, 0x22, 0xba, 0x22, 0xba, 0xa4, 0xba, 0x22, 0xba, 0x82, 0xb9, 0x22, 0xba, 0xa4, 0xca
.byte 0xa4, 0xca, 0x26, 0xcb, 0x26, 0xcb, 0xa6, 0xcb, 0xa8, 0xcb, 0xa6, 0xdb, 0x22, 0xba, 0x02, 0xb9
.byte 0x82, 0xb9, 0x82, 0xa9, 0x82, 0xa9, 0x82, 0xb9, 0x24, 0xcb, 0xa8, 0xdb, 0x48, 0xdc, 0x48, 0xdc
.byte 0x4a, 0xed, 0x71, 0xfe, 0x48, 0xed, 0x46, 0xec, 0x44, 0xec, 0x24, 0xdb, 0xa0, 0xda, 0xa0, 0xda
.byte 0x20, 0xda, 0x20, 0xda, 0x20, 0xda, 0x82, 0x50, 0x82, 0x99, 0x67, 0xc4, 0xa2, 0x99, 0xa0, 0x68
.byte 0x00, 0x59, 0x40, 0x51, 0x00, 0x40, 0x60, 0x4a, 0xa2, 0x89, 0x02, 0xa9, 0x46, 0xec, 0xc6, 0xec
.byte 0x44, 0xec, 0x44, 0xec, 0x46, 0xed, 0x48, 0xfd, 0x48, 0xed, 0xca, 0xed, 0xca, 0xfd, 0xcc, 0xfd
.byte 0xca, 0xed, 0xca, 0xfd, 0xc8, 0xed, 0x71, 0xfe, 0x71, 0xee, 0x71, 0xfe, 0xd1, 0xed, 0xce, 0xed
.byte 0xce, 0xed, 0x4a, 0xed, 0xca, 0xec, 0xca, 0xec, 0xa6, 0xdb, 0xa2, 0xca, 0x82, 0xb9, 0x00, 0x89
.byte 0x82, 0xa9, 0x80, 0xb9, 0x22, 0xca, 0x22, 0xca, 0x22, 0xda, 0x20, 0xca, 0x82, 0xc9, 0x80, 0xc9
.byte 0x82, 0xb9, 0x80, 0xc9, 0x02, 0xa9, 0xe0, 0x60, 0x01, 0x4a, 0xc2, 0x7a, 0x02, 0x89, 0x26, 0xbb
.byte 0xcc, 0xdc, 0x71, 0xee, 0xd1, 0xfd, 0x71, 0xee, 0x71, 0xfe, 0x71, 0xee, 0xd1, 0xfd, 0x71, 0xee
.byte 0x73, 0xee, 0x73, 0xfe, 0x73, 0xfe, 0x71, 0xee, 0x73, 0xfe, 0x71, 0xee, 0xd1, 0xfd, 0x71, 0xfe
.byte 0xce, 0xed, 0x71, 0xfe, 0xd1, 0xed, 0xcc, 0xed, 0x4a, 0xed, 0x44, 0xec, 0x22, 0xdb, 0x22, 0xdb
.byte 0x22, 0xdb, 0xa0, 0xda, 0xa2, 0xda, 0xa2, 0xdb, 0xa4, 0xeb, 0xa2, 0xdb, 0x24, 0xdb, 0x22, 0xdb
.byte 0x22, 0xdb, 0x24, 0xdb, 0xa2, 0xca, 0x22, 0xdb, 0xa2, 0xda, 0xa2, 0xca, 0x22, 0xca, 0x60, 0x91
.byte 0x00, 0x41, 0xe0, 0x30, 0xe1, 0x39, 0xa1, 0x53, 0xa3, 0x4c, 0xc1, 0x5c, 0x03, 0x4d, 0x63, 0x5c
.byte 0x41, 0x53, 0xc0, 0x80, 0x20, 0x91, 0x42, 0xa1, 0x60, 0x91, 0x62, 0x91, 0x60, 0x91, 0x82, 0x98
.byte 0x40, 0x81, 0x24, 0xba, 0xc8, 0xec, 0x02, 0x99, 0x23, 0x5d, 0xc2, 0x55, 0x84, 0x5d, 0x60, 0x72
.byte 0x42, 0x72, 0x42, 0x55, 0xc4, 0x55, 0x42, 0x55, 0xa2, 0x82, 0x22, 0xaa, 0x46, 0xec, 0xa6, 0xdb
.byte 0xc0, 0x88, 0xc1, 0x70, 0xa3, 0xa1, 0x01, 0x71, 0xc2, 0x68, 0xa0, 0x68, 0x80, 0x60, 0x80, 0x68
.byte 0x80, 0x58, 0xc1, 0x68, 0x82, 0xa9, 0x24, 0xca, 0x24, 0xaa, 0x02, 0x71, 0x00, 0x61, 0x80, 0x50
.byte 0x80, 0x40, 0x80, 0x50, 0x80, 0x50, 0x80, 0x88, 0x00, 0xa9, 0x02, 0xa9, 0x00, 0xa9, 0x02, 0xa9
.byte 0x82, 0xb9, 0x82, 0xb9, 0x82, 0xb9, 0x22, 0xba, 0x22, 0xba, 0xa4, 0xca, 0xa6, 0xcb, 0xa6, 0xcb
.byte 0x26, 0xcb, 0xa6, 0xdb, 0xa4, 0xba, 0x02, 0x89, 0x22, 0x81, 0x02, 0x89, 0x24, 0xdb, 0xc8, 0xdc
.byte 0xca, 0xec, 0x4a, 0xed, 0x4c, 0xed, 0x4a, 0xed, 0x4c, 0xed, 0x48, 0xdc, 0x82, 0xb9, 0x26, 0xdb
.byte 0x24, 0xdb, 0x24, 0xdb, 0x24, 0xdb, 0x02, 0xa9, 0x82, 0xb9, 0x24, 0xeb, 0x24, 0xdb, 0x24, 0xdb
.byte 0x46, 0xdc, 0x46, 0xec, 0x46, 0xdc, 0x24, 0xdb, 0x22, 0xcb, 0xa2, 0xda, 0xa2, 0xda, 0x24, 0xcb
.byte 0xa6, 0xdb, 0x48, 0xdc, 0x48, 0xdc, 0x24, 0xaa, 0x80, 0x50, 0x80, 0x50, 0x80, 0x60, 0x80, 0x50
.byte 0x80, 0x50, 0x80, 0x50, 0x80, 0x50, 0x80, 0x50, 0x80, 0x50, 0x80, 0x50, 0x82, 0x88, 0x80, 0x98
.byte 0x80, 0xa8, 0x22, 0xba, 0x26, 0xcb, 0xa6, 0xdb, 0xa6, 0xcb, 0xa4, 0xba, 0x22, 0xba, 0x82, 0xb9
.byte 0x24, 0xba, 0x24, 0xba, 0xa4, 0xba, 0xa4, 0xca, 0x24, 0xba, 0x00, 0xa9, 0x02, 0xa9, 0x82, 0xa9
.byte 0x82, 0xb9, 0x22, 0xba, 0x82, 0xb9, 0x26, 0xcb, 0x48, 0xcc, 0x48, 0xdc, 0x4a, 0xdc, 0xc8, 0xdc
.byte 0x22, 0x9a, 0xcc, 0xed, 0x6a, 0xfe, 0xc6, 0xec, 0xa4, 0xeb, 0x22, 0xeb, 0xa2, 0xda, 0x20, 0xea
.byte 0x20, 0xda, 0x20, 0xda, 0x02, 0xb9, 0x80, 0x40, 0x80, 0x60, 0x00, 0x61, 0x82, 0x70, 0x00, 0x89
.byte 0x80, 0x98, 0x00, 0x99, 0x80, 0x40, 0x43, 0x53, 0x22, 0x5d, 0xc2, 0x91, 0x02, 0xa9, 0xa4, 0xdb
.byte 0x46, 0xec, 0xc4, 0xec, 0xc6, 0xec, 0xc6, 0xec, 0xc6, 0xec, 0x46, 0xed, 0xc6, 0xec, 0x46, 0xed
.byte 0xc8, 0xec, 0x48, 0xed, 0x48, 0xed, 0x71, 0xfe, 0xd1, 0xed, 0xce, 0xed, 0xce, 0xfd, 0xcc, 0xed
.byte 0x4c, 0xed, 0xca, 0xec, 0xa6, 0xeb, 0x22, 0xdb, 0xa2, 0xda, 0xa2, 0xda, 0xa2, 0xda, 0xa2, 0xda
.byte 0x20, 0xca, 0xa2, 0xda, 0x22, 0xca, 0x20, 0xda, 0x22, 0xca, 0x80, 0xc9, 0x82, 0xc9, 0x80, 0xb9
.byte 0x82, 0xc9, 0x80, 0xb9, 0x00, 0xa9, 0x80, 0x50, 0x80, 0x50, 0x80, 0x60, 0x40, 0x61, 0xc1, 0x71
.byte 0x42, 0x81, 0x00, 0x89, 0x02, 0x89, 0x82, 0x99, 0x84, 0x99, 0x24, 0xaa, 0x02, 0x89, 0xcc, 0xdc
.byte 0x73, 0xfe, 0x71, 0xee, 0x71, 0xfe, 0x71, 0xee, 0x71, 0xfe, 0xd1, 0xed, 0x71, 0xfe, 0xcc, 0xcc
.byte 0x4e, 0xed, 0xce, 0xed, 0x4c, 0xed, 0x4a, 0xed, 0x48, 0xec, 0x24, 0xdb, 0x22, 0xdb, 0x20, 0xdb
.byte 0xa2, 0xda, 0x20, 0xca, 0xa2, 0xda, 0x24, 0xdb, 0x22, 0xdb, 0x22, 0xdb, 0x22, 0xdb, 0x22, 0xdb
.byte 0xa2, 0xda, 0xa2, 0xda, 0x22, 0xdb, 0xa2, 0xda, 0xa2, 0xca, 0xa2, 0xda, 0x20, 0xca, 0x22, 0xca
.byte 0x00, 0xc9, 0x40, 0xa1, 0x80, 0x71, 0xa0, 0x61, 0x80, 0x41, 0xc0, 0x40, 0x40, 0x51, 0x00, 0x99
.byte 0x02, 0xa9, 0x22, 0xba, 0x26, 0xdb, 0xa6, 0xdb, 0x48, 0xec, 0x46, 0xec, 0xa6, 0xdb, 0xa2, 0xca
.byte 0x82, 0xb9, 0x48, 0xdc, 0xa4, 0xca, 0x40, 0x91, 0x44, 0x55, 0xc4, 0x55, 0xc2, 0x7a, 0x82, 0xa9
.byte 0x80, 0xa8, 0xc1, 0x6a, 0x42, 0x55, 0x06, 0xb4, 0x24, 0xaa, 0xc8, 0xec, 0x48, 0xdc, 0xa6, 0xdb
.byte 0x60, 0x79, 0x82, 0x60, 0x02, 0x79, 0x02, 0x99, 0x00, 0xb9, 0x00, 0xb9, 0x02, 0xa9, 0x80, 0xb8
.byte 0x80, 0x48, 0x23, 0xa2, 0x24, 0xca, 0xa4, 0xba, 0x24, 0xba, 0xa4, 0xca, 0x24, 0xba, 0x24, 0xba
.byte 0x82, 0xb9, 0x02, 0x99, 0x02, 0xa9, 0x00, 0xa9, 0x02, 0xa9, 0x00, 0xa9, 0x00, 0xa9, 0x82, 0xa9
.byte 0x22, 0xba, 0x24, 0xba, 0xa4, 0xba, 0x24, 0xca, 0x24, 0xba, 0x24, 0xba, 0xa4, 0xca, 0xa4, 0xca
.byte 0x26, 0xcb, 0x24, 0xcb, 0x26, 0xcb, 0xa6, 0xdb, 0x24, 0xcb, 0x26, 0xdb, 0x26, 0xdb, 0xa6, 0xdb
.byte 0xa6, 0xdb, 0xca, 0xdc, 0xca, 0xec, 0x4a, 0xed, 0x4a, 0xed, 0xa6, 0xdb, 0xa4, 0xda, 0x24, 0xdb
.byte 0xa4, 0xda, 0xa4, 0xda, 0xa4, 0xda, 0x24, 0xdb, 0xa4, 0xdb, 0xa6, 0xdb, 0x24, 0xdb, 0xa2, 0xda
.byte 0xa4, 0xda, 0xa2, 0xda, 0x22, 0xca, 0x20, 0xda, 0x22, 0xca, 0x22, 0xca, 0xa2, 0xca, 0xa4, 0xca
.byte 0xa6, 0xdb, 0xa6, 0xcb, 0x24, 0xba, 0x02, 0x71, 0x00, 0x71, 0x82, 0x70, 0x80, 0x60, 0x80, 0x70
.byte 0x82, 0x60, 0x80, 0x60, 0x80, 0x50, 0x00, 0x50, 0xa2, 0x60, 0x80, 0x98, 0x00, 0xa9, 0x82, 0xa8
.byte 0x80, 0x98, 0x02, 0xa9, 0x22, 0xba, 0x24, 0xba, 0x26, 0xcb, 0xa8, 0xdb, 0xa6, 0xcb, 0xa4, 0xba
.byte 0xa4, 0xba, 0x82, 0xb9, 0x82, 0xa9, 0x80, 0xa8, 0x00, 0xa9, 0x02, 0xa9, 0x02, 0xa9, 0x82, 0xb9
.byte 0x82, 0xa9, 0x82, 0xb9, 0x26, 0xcb, 0xa8, 0xdb, 0x48, 0xdc, 0x4a, 0xdc, 0x48, 0xdc, 0xca, 0xec
.byte 0xa4, 0xaa, 0xc6, 0xec, 0xc6, 0xec, 0x44, 0xec, 0xa4, 0xeb, 0x22, 0xeb, 0xa0, 0xda, 0xa0, 0xda
.byte 0xa0, 0xea, 0x20, 0xeb, 0xa0, 0xda, 0x00, 0xa9, 0x20, 0xca, 0x20, 0xda, 0x20, 0xda, 0x80, 0xd9
.byte 0x80, 0xc9, 0x00, 0xa9, 0x20, 0x48, 0x82, 0xa9, 0x02, 0xa9, 0xc2, 0x91, 0x00, 0xa9, 0x02, 0xa9
.byte 0xca, 0xed, 0x4a, 0xfd, 0xcc, 0xed, 0xca, 0xfd, 0x48, 0xed, 0xca, 0xfd, 0x48, 0xed, 0xc6, 0xec
.byte 0x4a, 0xfd, 0xcc, 0xed, 0xce, 0xfd, 0xce, 0xed, 0xce, 0xed, 0xce, 0xed, 0x4c, 0xed, 0x4a, 0xed
.byte 0x46, 0xec, 0xa2, 0xda, 0x22, 0xdb, 0xa2, 0xda, 0xa2, 0xda, 0xa2, 0xda, 0x22, 0xca, 0xa2, 0xda
.byte 0x22, 0xca, 0x22, 0xda, 0xa2, 0xca, 0xa4, 0xca, 0x22, 0xca, 0x80, 0xc9, 0x82, 0xc9, 0x80, 0xc9
.byte 0x82, 0xc9, 0x80, 0xb9, 0x82, 0xc9, 0x80, 0xb9, 0x02, 0xa9, 0x82, 0xa9, 0x00, 0x89, 0x02, 0x61
.byte 0x80, 0x50, 0xa0, 0x68, 0x02, 0x99, 0x22, 0xca, 0x82, 0xb9, 0x82, 0xb9, 0x02, 0x89, 0x4e, 0xdd
.byte 0x71, 0xee, 0xd1, 0xfd, 0x71, 0xee, 0xd1, 0xed, 0xd1, 0xfd, 0x6e, 0xee, 0xa8, 0xbb, 0x02, 0x71
.byte 0x4c, 0xed, 0xcc, 0xec, 0x4a, 0xed, 0xca, 0xec, 0xc8, 0xdc, 0x46, 0xec, 0x20, 0xdb, 0xa2, 0xda
.byte 0xa0, 0xda, 0x22, 0xca, 0x22, 0xda, 0xa2, 0xca, 0xa2, 0xca, 0x22, 0xda, 0x82, 0xc9, 0x80, 0xc9
.byte 0x22, 0xca, 0xa2, 0xca, 0xa2, 0xda, 0xa2, 0xca, 0xa2, 0xda, 0xa2, 0xca, 0x22, 0xca, 0xa2, 0xca
.byte 0x80, 0xb9, 0x00, 0xb9, 0x00, 0xb9, 0x02, 0xa9, 0x00, 0xb9, 0x00, 0xb9, 0x02, 0x99, 0x82, 0xa9
.byte 0xa6, 0xdb, 0x48, 0xec, 0x46, 0xec, 0x48, 0xdc, 0x46, 0xec, 0x46, 0xdc, 0x48, 0xec, 0xc8, 0xec
.byte 0xcc, 0xed, 0xcc, 0xfd, 0x82, 0xa9, 0x02, 0x99, 0xa1, 0x6a, 0xc2, 0x55, 0xe2, 0x99, 0x22, 0xba
.byte 0xa4, 0xca, 0x80, 0x88, 0x01, 0x54, 0x22, 0xaa, 0x48, 0xdc, 0xc8, 0xec, 0x46, 0xdc, 0x24, 0xdb
.byte 0x24, 0xaa, 0x82, 0x99, 0x82, 0xb9, 0x00, 0xb9, 0x00, 0xb9, 0x02, 0xb9, 0x80, 0xb8, 0x80, 0x60
.byte 0x01, 0x71, 0xa4, 0xba, 0x24, 0xba, 0x24, 0xba, 0xa6, 0xca, 0x24, 0xba, 0x24, 0xba, 0x24, 0xba
.byte 0x82, 0xa9, 0x00, 0xa9, 0x80, 0xa8, 0x00, 0xa9, 0x00, 0xa9, 0x00, 0xa9, 0x02, 0xa9, 0x00, 0xa9
.byte 0x00, 0xa9, 0x82, 0xb9, 0x22, 0xba, 0x22, 0xba, 0x24, 0xba, 0x22, 0xca, 0xa4, 0xba, 0x24, 0xba
.byte 0x22, 0xca, 0x24, 0xba, 0xa4, 0xca, 0xa4, 0xca, 0x26, 0xcb, 0x26, 0xcb, 0xa6, 0xdb, 0x26, 0xcb
.byte 0xa6, 0xdb, 0x26, 0xdb, 0x48, 0xdc, 0xca, 0xdc, 0xca, 0xdc, 0x24, 0xdb, 0x24, 0xcb, 0xa4, 0xda
.byte 0xa4, 0xca, 0x24, 0xdb, 0x26, 0xdb, 0xa6, 0xdb, 0xa6, 0xda, 0xa2, 0xda, 0x22, 0xca, 0x22, 0xca
.byte 0x22, 0xca, 0x82, 0xc9, 0x82, 0xc9, 0x82, 0xb9, 0x22, 0xca, 0x22, 0xca, 0x22, 0xba, 0x22, 0xca
.byte 0xa4, 0xba, 0x24, 0xba, 0x02, 0x89, 0x82, 0x70, 0x02, 0x71, 0x00, 0x71, 0x02, 0x71, 0x02, 0x71
.byte 0x02, 0x71, 0x00, 0x71, 0x82, 0x70, 0x00, 0x99, 0x80, 0xa8, 0x80, 0xa8, 0x82, 0xa8, 0x80, 0x98
.byte 0x80, 0xa8, 0x80, 0xa8, 0x00, 0xa9, 0x82, 0xa9, 0x82, 0xb9, 0x24, 0xba, 0x26, 0xcb, 0x26, 0xcb
.byte 0xa6, 0xcb, 0xa4, 0xca, 0x24, 0xba, 0x02, 0xa9, 0x02, 0xa9, 0x02, 0xa9, 0x80, 0xb9, 0x02, 0xa9
.byte 0x00, 0xa9, 0xa4, 0xba, 0xa8, 0xcb, 0x48, 0xdc, 0x4a, 0xdc, 0xca, 0xdc, 0xca, 0xdc, 0xcc, 0xdc
.byte 0x71, 0xfe, 0xc6, 0xec, 0x44, 0xec, 0x44, 0xec, 0xa2, 0xeb, 0x20, 0xdb, 0x20, 0xeb, 0x20, 0xeb
.byte 0x20, 0xdb, 0xa0, 0xda, 0xa0, 0xda, 0xa0, 0xda, 0x20, 0xda, 0x80, 0xd9, 0x80, 0xc9, 0x80, 0xc9
.byte 0x00, 0xb9, 0x82, 0x60, 0x23, 0x7a, 0xca, 0xed, 0x4a, 0xed, 0xc8, 0xec, 0xc8, 0xec, 0x4c, 0xed
.byte 0x6e, 0xee, 0x71, 0xfe, 0xce, 0xed, 0xca, 0xed, 0x48, 0xed, 0x48, 0xed, 0x48, 0xed, 0xcc, 0xfd
.byte 0x6e, 0xee, 0xce, 0xed, 0xce, 0xed, 0xce, 0xfd, 0x4c, 0xed, 0x4c, 0xed, 0xca, 0xec, 0x46, 0xdc
.byte 0x24, 0xdb, 0x22, 0xdb, 0x24, 0xdb, 0x24, 0xdb, 0xa2, 0xda, 0xa2, 0xca, 0x22, 0xca, 0x20, 0xda
.byte 0xa2, 0xca, 0xa4, 0xca, 0xa4, 0xda, 0x24, 0xdb, 0xa4, 0xca, 0x22, 0xca, 0x80, 0xc9, 0x82, 0xb9
.byte 0x80, 0xc9, 0x80, 0xc9, 0x80, 0xb9, 0x82, 0xc9, 0x80, 0xc9, 0x80, 0xb1, 0x40, 0xa9, 0xc0, 0x88
.byte 0xa0, 0x80, 0x82, 0xa9, 0x22, 0xca, 0x22, 0xca, 0x22, 0xca, 0x22, 0xca, 0x02, 0x89, 0xce, 0xed
.byte 0xd1, 0xfd, 0xce, 0xed, 0xce, 0xed, 0xce, 0xfd, 0x4c, 0xdd, 0x82, 0x89, 0x00, 0x89, 0x20, 0xca
.byte 0x48, 0xdc, 0xca, 0xec, 0xca, 0xec, 0xc8, 0xec, 0xc8, 0xec, 0x46, 0xdc, 0xa2, 0xdb, 0xa0, 0xda
.byte 0x20, 0xca, 0x20, 0xda, 0x80, 0xb9, 0x80, 0xc9, 0x00, 0xc9, 0x80, 0xc9, 0x80, 0xb9, 0x80, 0xc9
.byte 0x20, 0xca, 0xa2, 0xca, 0xa2, 0xda, 0xa2, 0xca, 0xa2, 0xca, 0x20, 0xca, 0x22, 0xca, 0x22, 0xca
.byte 0x22, 0xca, 0x00, 0xb9, 0x00, 0xb9, 0x00, 0xb9, 0x00, 0xb9, 0x82, 0x98, 0x80, 0x99, 0xa4, 0xca
.byte 0x24, 0xcb, 0xa4, 0xca, 0x24, 0xcb, 0xa6, 0xeb, 0x46, 0xdc, 0xa8, 0xeb, 0x48, 0xed, 0xcc, 0xfd
.byte 0x6c, 0xee, 0x6c, 0xfe, 0xca, 0xed, 0x24, 0xba, 0x40, 0x81, 0xe2, 0x61, 0x21, 0x4a, 0x02, 0x99
.byte 0xa6, 0xeb, 0xa4, 0xba, 0x80, 0x79, 0x24, 0xaa, 0xc8, 0xec, 0x48, 0xec, 0xa6, 0xdb, 0x24, 0xdb
.byte 0xa4, 0xca, 0x82, 0xc9, 0x82, 0xb9, 0x00, 0xb9, 0x02, 0xb9, 0x00, 0xb9, 0x80, 0x98, 0x80, 0x50
.byte 0xc2, 0x81, 0x23, 0xa2, 0x24, 0xb2, 0xa4, 0xba, 0x24, 0xba, 0x24, 0xba, 0x24, 0xba, 0x82, 0xb9
.byte 0x02, 0xa9, 0x00, 0xa9, 0x02, 0xb9, 0x82, 0xa9, 0x82, 0xb9, 0x82, 0xb9, 0x82, 0xb9, 0x82, 0xb9
.byte 0x82, 0xb9, 0x02, 0xa9, 0x00, 0xa9, 0x82, 0xa9, 0x80, 0xb9, 0x82, 0xa9, 0x82, 0xb9, 0x82, 0xb9
.byte 0x82, 0xa9, 0x82, 0xb9, 0x82, 0xb9, 0x82, 0xb9, 0x22, 0xba, 0x22, 0xca, 0x22, 0xba, 0x24, 0xca
.byte 0x24, 0xca, 0xa4, 0xca, 0x24, 0xcb, 0x26, 0xdb, 0xa8, 0xdb, 0x26, 0xcb, 0x26, 0xdb, 0xa6, 0xcb
.byte 0x26, 0xdb, 0xa4, 0xca, 0xa4, 0xca, 0x22, 0xca, 0x80, 0xc9, 0x82, 0xb9, 0x80, 0xc9, 0x82, 0xb9
.byte 0x00, 0xb9, 0x82, 0xb9, 0x22, 0xba, 0x22, 0xca, 0xa2, 0xca, 0xa4, 0xba, 0x22, 0xca, 0xa4, 0xba
.byte 0x22, 0xca, 0x24, 0xba, 0x22, 0xaa, 0x02, 0x61, 0x00, 0x89, 0x02, 0x71, 0x02, 0x71, 0x00, 0x71
.byte 0x00, 0x71, 0x02, 0x71, 0x80, 0x98, 0x80, 0xa8, 0x82, 0x98, 0x80, 0xa8, 0x00, 0x99, 0x80, 0xa8
.byte 0x02, 0xa9, 0x80, 0x98, 0x82, 0xa8, 0x80, 0xa8, 0x00, 0xa9, 0x02, 0xa9, 0x82, 0xa9, 0x82, 0xb9
.byte 0x84, 0xb9, 0x82, 0xa9, 0x02, 0xa9, 0x00, 0xa9, 0x00, 0xa9, 0x02, 0xa9, 0x80, 0xa8, 0x80, 0xa8
.byte 0x00, 0xa9, 0xa4, 0xca, 0x26, 0xcb, 0x26, 0xcb, 0x48, 0xdc, 0x48, 0xdc, 0xa8, 0xdb, 0x26, 0xcb
.byte 0x6e, 0xee, 0x46, 0xec, 0x44, 0xec, 0x42, 0xec, 0xa0, 0xdb, 0x20, 0xeb, 0xa0, 0xda, 0xa0, 0xda
.byte 0x20, 0xda, 0xa0, 0xda, 0x20, 0xda, 0x22, 0xda, 0x20, 0xda, 0x80, 0xc9, 0x82, 0xc9, 0x00, 0xc9
.byte 0x00, 0x89, 0x00, 0x59, 0x85, 0xcb, 0xa6, 0xeb, 0x22, 0xca, 0xca, 0xec, 0xce, 0xed, 0xcc, 0xed
.byte 0xc8, 0xec, 0xc6, 0xec, 0xc6, 0xec, 0x48, 0xed, 0x48, 0xfd, 0xc8, 0xec, 0xcc, 0xed, 0xce, 0xed
.byte 0xce, 0xfd, 0xce, 0xed, 0xcc, 0xed, 0x4c, 0xed, 0xca, 0xec, 0x44, 0xec, 0xa4, 0xdb, 0x24, 0xdb
.byte 0xa4, 0xdb, 0xa6, 0xdb, 0xa6, 0xdb, 0xa6, 0xdb, 0xa2, 0xca, 0x22, 0xda, 0x22, 0xca, 0xa2, 0xca
.byte 0xa4, 0xda, 0x24, 0xdb, 0x24, 0xcb, 0xa4, 0xda, 0xa4, 0xca, 0xa4, 0xca, 0x22, 0xca, 0x80, 0xc9
.byte 0x80, 0xb9, 0x82, 0xc9, 0x00, 0x99, 0xe0, 0x80, 0xc1, 0x80, 0x00, 0x81, 0x21, 0x89, 0x82, 0xa9
.byte 0x22, 0xba, 0x22, 0xca, 0x22, 0xca, 0x22, 0xca, 0x22, 0xca, 0x22, 0xca, 0x00, 0x71, 0x4e, 0xed
.byte 0xce, 0xed, 0xce, 0xed, 0xa6, 0xdb, 0x82, 0x99, 0x00, 0x61, 0x00, 0xa9, 0x20, 0xca, 0x20, 0xca
.byte 0x22, 0xda, 0xc8, 0xec, 0xc8, 0xdc, 0xc8, 0xec, 0x46, 0xdc, 0x46, 0xec, 0xa4, 0xdb, 0x20, 0xda
.byte 0x20, 0xca, 0x20, 0xca, 0x80, 0xc9, 0x00, 0xb9, 0x00, 0xb9, 0x00, 0xb9, 0x00, 0xb9, 0x80, 0xc9
.byte 0x82, 0xc9, 0xa2, 0xca, 0xa2, 0xca, 0x22, 0xca, 0xa2, 0xca, 0x82, 0xb9, 0x22, 0xca, 0x20, 0xca
.byte 0x22, 0xca, 0x00, 0xb9, 0x00, 0xb9, 0x00, 0xa9, 0x00, 0xb9, 0x00, 0x99, 0x82, 0x88, 0x00, 0xa9
.byte 0x02, 0x99, 0x00, 0x99, 0xa4, 0xba, 0xa6, 0xdb, 0xa6, 0xeb, 0x48, 0xed, 0x4a, 0xed, 0xcc, 0xed
.byte 0xca, 0xfd, 0xcc, 0xed, 0xcc, 0xfd, 0xcc, 0xed, 0xa6, 0xcb, 0x80, 0x70, 0xa2, 0x5b, 0xa2, 0x61
.byte 0x82, 0x99, 0xa6, 0xdb, 0x48, 0xdc, 0x46, 0xdc, 0x48, 0xec, 0x46, 0xdc, 0x26, 0xdb, 0xa4, 0xda
.byte 0x22, 0xca, 0x82, 0xc9, 0x80, 0xb9, 0x02, 0xb9, 0x00, 0xb9, 0x02, 0xa9, 0x80, 0x50, 0x82, 0x61
.byte 0x82, 0x71, 0x22, 0xa2, 0xa4, 0xb1, 0x24, 0xba, 0x82, 0xb9, 0x24, 0xba, 0x82, 0xb9, 0x00, 0xa9
.byte 0x02, 0xa9, 0x00, 0xa9, 0x82, 0xa9, 0x22, 0xba, 0x24, 0xba, 0x22, 0xba, 0x24, 0xba, 0x22, 0xba
.byte 0x24, 0xba, 0x22, 0xba, 0x82, 0xb9, 0x80, 0xb9, 0x02, 0xa9, 0x00, 0xa9, 0x00, 0xa9, 0x00, 0xa9
.byte 0x80, 0xb9, 0x00, 0xa9, 0x00, 0xa9, 0x00, 0xa9, 0x02, 0xa9, 0x00, 0xb9, 0x02, 0xa9, 0x80, 0xb9
.byte 0x80, 0xb9, 0x82, 0xb9, 0x82, 0xb9, 0x22, 0xba, 0x22, 0xca, 0x24, 0xca, 0x22, 0xba, 0x22, 0xca
.byte 0x22, 0xba, 0x82, 0xb9, 0x82, 0xb9, 0x00, 0xb9, 0x82, 0xb9, 0x00, 0xb9, 0x02, 0xa9, 0x00, 0xb9
.byte 0x82, 0xb9, 0xa4, 0xca, 0xa4, 0xca, 0x26, 0xcb, 0x24, 0xcb, 0x26, 0xcb, 0x24, 0xcb, 0xa6, 0xca
.byte 0x24, 0xcb, 0xa4, 0xca, 0xa4, 0xca, 0x02, 0x61, 0x00, 0x61, 0x82, 0x70, 0x00, 0x71, 0x02, 0x71
.byte 0x02, 0x61, 0x80, 0x88, 0x02, 0x99, 0x80, 0x98, 0x00, 0xa9, 0x82, 0x98, 0x80, 0xa8, 0x82, 0xa8
.byte 0x80, 0x98, 0x80, 0x98, 0x80, 0xa8, 0x02, 0x99, 0x80, 0xa8, 0x80, 0xa8, 0x80, 0x98, 0x80, 0xa8
.byte 0x80, 0x88, 0x82, 0x98, 0x80, 0xa8, 0x82, 0x98, 0x80, 0xa8, 0x80, 0x98, 0x80, 0xa8, 0x80, 0x98
.byte 0x82, 0xa8, 0x00, 0xa9, 0x82, 0xb9, 0x82, 0xb9, 0x82, 0xb9, 0x22, 0xba, 0x82, 0xb9, 0x22, 0xba
.byte 0xc8, 0xed, 0xa4, 0xeb, 0x22, 0xdb, 0xa0, 0xda, 0xa0, 0xda, 0x20, 0xda, 0x20, 0xda, 0xa0, 0xda
.byte 0xa0, 0xda, 0xa2, 0xda, 0xa0, 0xda, 0xa0, 0xca, 0x22, 0xca, 0x20, 0xca, 0x80, 0xc9, 0x00, 0xa9
.byte 0xc2, 0x48, 0x81, 0x81, 0x26, 0xdb, 0xa2, 0xca, 0xa4, 0xca, 0xcc, 0xed, 0xc8, 0xec, 0xc4, 0xec
.byte 0xc6, 0xec, 0xc8, 0xec, 0xc6, 0xec, 0xc6, 0xec, 0x46, 0xec, 0xc6, 0xec, 0xcc, 0xed, 0xce, 0xed
.byte 0x4e, 0xed, 0x4c, 0xed, 0xc8, 0xec, 0xa6, 0xdb, 0xa4, 0xdb, 0x24, 0xdb, 0x24, 0xdb, 0x22, 0xdb
.byte 0xa6, 0xdb, 0x26, 0xdb, 0x26, 0xdb, 0x26, 0xdb, 0x20, 0xca, 0x22, 0xca, 0x22, 0xca, 0xa4, 0xda
.byte 0x24, 0xcb, 0xa6, 0xca, 0xa4, 0xda, 0xa4, 0xca, 0xa4, 0xca, 0xa4, 0xda, 0x24, 0xca, 0x80, 0xb9
.byte 0x82, 0xc9, 0x60, 0xa9, 0x80, 0x70, 0x02, 0x99, 0x00, 0xa9, 0x82, 0xb9, 0x82, 0xb9, 0x22, 0xca
.byte 0x22, 0xca, 0x22, 0xca, 0x22, 0xca, 0x82, 0xc9, 0x22, 0xca, 0x82, 0xc9, 0x00, 0x89, 0xa6, 0xba
.byte 0x00, 0x99, 0x80, 0x70, 0x80, 0x60, 0x80, 0x99, 0x80, 0xc9, 0x20, 0xca, 0x80, 0xc9, 0x00, 0xc9
.byte 0x00, 0xb9, 0x82, 0xc9, 0x46, 0xdc, 0x46, 0xec, 0xa6, 0xdb, 0xa4, 0xdb, 0xa4, 0xdb, 0xa0, 0xda
.byte 0x20, 0xca, 0x22, 0xca, 0x80, 0xc9, 0x00, 0xb9, 0x80, 0xb9, 0x02, 0xb9, 0x00, 0xb9, 0x00, 0xb9
.byte 0x80, 0xb9, 0x22, 0xca, 0x22, 0xca, 0x22, 0xca, 0x22, 0xca, 0x00, 0xb9, 0x80, 0xb9, 0x82, 0xb9
.byte 0x82, 0xb9, 0x80, 0xb9, 0x00, 0xb9, 0x02, 0xa9, 0x80, 0xa8, 0x00, 0xa9, 0x02, 0xa9, 0x00, 0x89
.byte 0x82, 0x70, 0x24, 0xba, 0x24, 0xdb, 0x26, 0xdb, 0xc8, 0xec, 0x4a, 0xed, 0x4a, 0xed, 0x4a, 0xed
.byte 0x4a, 0xed, 0x4a, 0xed, 0x4a, 0xed, 0xcc, 0xfd, 0xca, 0xfd, 0x24, 0xbb, 0x60, 0x71, 0xe1, 0x3a
.byte 0x82, 0x49, 0x40, 0x61, 0x02, 0x71, 0x48, 0xdc, 0x46, 0xdc, 0xa6, 0xdb, 0x24, 0xdb, 0xa4, 0xca
.byte 0x24, 0xca, 0x82, 0xb9, 0x02, 0xb9, 0x02, 0xb9, 0x00, 0x99, 0x00, 0x30, 0x62, 0x51, 0xa2, 0x69
.byte 0x03, 0x72, 0xa3, 0xa9, 0x24, 0xba, 0x22, 0xba, 0x84, 0xb9, 0x82, 0xa9, 0x02, 0x89, 0x00, 0xa9
.byte 0x02, 0xa9, 0x00, 0xa9, 0x02, 0xb9, 0x24, 0xba, 0x22, 0xba, 0xa4, 0xba, 0x24, 0xba, 0xa4, 0xba
.byte 0xa4, 0xba, 0x24, 0xba, 0xa4, 0xba, 0xa4, 0xca, 0x22, 0xba, 0x02, 0xa9, 0x00, 0xa9, 0x02, 0xa9
.byte 0x00, 0xa9, 0x00, 0xa9, 0x02, 0xb9, 0x80, 0xa9, 0x00, 0xb9, 0x02, 0xa9, 0x00, 0xa9, 0x00, 0x89
.byte 0x80, 0x40, 0x82, 0xb9, 0x24, 0xba, 0x22, 0xca, 0x24, 0xba, 0x22, 0xba, 0x24, 0xba, 0x22, 0xba
.byte 0x82, 0xb9, 0x82, 0xb9, 0x82, 0xb9, 0x82, 0xb9, 0x80, 0xa8, 0x00, 0xa9, 0x00, 0xa9, 0x82, 0xb9
.byte 0xa2, 0xba, 0x24, 0xca, 0xa4, 0xba, 0xa4, 0xca, 0x24, 0xba, 0xa4, 0xca, 0xa4, 0xba, 0x22, 0xba
.byte 0xa4, 0xba, 0x24, 0xba, 0x22, 0xba, 0x22, 0xba, 0x82, 0x50, 0x80, 0x60, 0x80, 0x50, 0x80, 0x60
.byte 0x80, 0x70, 0x82, 0x70, 0x00, 0x71, 0x82, 0x70, 0x02, 0x71, 0x00, 0x71, 0x02, 0x71, 0x80, 0x60
.byte 0x80, 0x70, 0x82, 0x88, 0x00, 0xa9, 0x80, 0x98, 0x80, 0xa8, 0x82, 0x98, 0x00, 0xa9, 0x82, 0xa8
.byte 0x80, 0x50, 0x80, 0x30, 0x80, 0x70, 0x80, 0x98, 0x82, 0xa8, 0x80, 0x98, 0x82, 0xa8, 0x80, 0x98
.byte 0x80, 0xa8, 0x80, 0xa8, 0x02, 0xa9, 0x80, 0xb9, 0x82, 0xa9, 0x82, 0xb9, 0x82, 0xa9, 0x82, 0xb9
.byte 0xa4, 0xdb, 0xa2, 0xda, 0xa2, 0xda, 0x20, 0xca, 0x20, 0xca, 0xa0, 0xda, 0xa2, 0xca, 0xa0, 0xda
.byte 0xa0, 0xca, 0x20, 0xca, 0x22, 0xca, 0x20, 0xca, 0x80, 0xc9, 0x82, 0xc9, 0x80, 0xb9, 0x82, 0x70
.byte 0x80, 0x40, 0xc1, 0x70, 0x00, 0x99, 0x82, 0xa9, 0xc8, 0xec, 0x48, 0xed, 0x46, 0xec, 0xc6, 0xec
.byte 0xc6, 0xec, 0x46, 0xec, 0x44, 0xec, 0x46, 0xec, 0x46, 0xdc, 0x46, 0xec, 0x4c, 0xed, 0x4a, 0xed
.byte 0x48, 0xec, 0xa4, 0xdb, 0xa4, 0xdb, 0x22, 0xdb, 0x24, 0xdb, 0x22, 0xcb, 0xa4, 0xca, 0x26, 0xdb
.byte 0xa6, 0xdb, 0x26, 0xdb, 0x26, 0xdb, 0xa4, 0xca, 0x82, 0xc9, 0x22, 0xca, 0x22, 0xca, 0xa4, 0xca
.byte 0xa4, 0xda, 0xa4, 0xca, 0xa4, 0xca, 0xa4, 0xca, 0xa4, 0xca, 0xa4, 0xca, 0xa4, 0xca, 0x80, 0xb9
.byte 0x00, 0xb9, 0x80, 0xb9, 0x82, 0xa1, 0x80, 0x88, 0x00, 0x89, 0x02, 0xb9, 0x22, 0xca, 0x22, 0xca
.byte 0x22, 0xca, 0x22, 0xca, 0x22, 0xca, 0x22, 0xca, 0x82, 0xc9, 0x22, 0xba, 0x80, 0x88, 0x00, 0x89
.byte 0x02, 0x89, 0x00, 0xb9, 0x20, 0xca, 0x20, 0xca, 0x20, 0xca, 0x80, 0xc9, 0x00, 0xb9, 0x80, 0xc9
.byte 0x00, 0xb9, 0x80, 0xc9, 0x00, 0xb9, 0xa4, 0xda, 0xa4, 0xdb, 0xa4, 0xdb, 0x22, 0xdb, 0xa0, 0xca
.byte 0x80, 0xc9, 0x20, 0xca, 0x80, 0xb9, 0x00, 0xb9, 0x00, 0xb9, 0x00, 0xa9, 0x00, 0xb9, 0x80, 0xb9
.byte 0x00, 0xb9, 0x22, 0xba, 0x22, 0xca, 0x22, 0xca, 0x80, 0xb9, 0x00, 0xb9, 0x80, 0xb8, 0x00, 0xb9
.byte 0x80, 0xb9, 0x00, 0xb9, 0x80, 0xa8, 0x00, 0xa9, 0x82, 0xa8, 0x00, 0xa9, 0x80, 0xa8, 0x02, 0x71
.byte 0x22, 0xaa, 0xa4, 0xda, 0x26, 0xdb, 0x48, 0xdc, 0x48, 0xec, 0xc8, 0xec, 0x48, 0xec, 0xc8, 0xec
.byte 0xc8, 0xec, 0x4a, 0xed, 0x48, 0xed, 0x4a, 0xed, 0x4a, 0xed, 0x4a, 0xed, 0x02, 0x89, 0x61, 0x32
.byte 0xe2, 0x3a, 0x62, 0x42, 0x00, 0x71, 0xa6, 0xdb, 0xa6, 0xdb, 0x26, 0xdb, 0x26, 0xdb, 0x24, 0xcb
.byte 0xa4, 0xca, 0x24, 0xca, 0x22, 0xca, 0x80, 0x70, 0x80, 0x60, 0xc2, 0x51, 0xe2, 0x59, 0xc2, 0x71
.byte 0x23, 0xa2, 0x22, 0xb2, 0x24, 0xba, 0x82, 0xa9, 0x02, 0xa9, 0x80, 0x50, 0xe0, 0x38, 0x80, 0x40
.byte 0x00, 0x71, 0x02, 0xa9, 0x82, 0xa9, 0x82, 0xb9, 0x24, 0xba, 0x24, 0xba, 0x22, 0xca, 0x24, 0xba
.byte 0x80, 0xb9, 0x82, 0xa9, 0x22, 0xba, 0x24, 0xba, 0xa4, 0xca, 0xa4, 0xca, 0x02, 0xa9, 0x80, 0x98
.byte 0x82, 0xa8, 0x00, 0xa9, 0x80, 0x88, 0x80, 0x50, 0x80, 0x60, 0x02, 0x71, 0x00, 0x51, 0x02, 0x71
.byte 0x24, 0xaa, 0x24, 0xcb, 0x24, 0xcb, 0x26, 0xcb, 0xa6, 0xcb, 0x26, 0xcb, 0x26, 0xcb, 0x26, 0xcb
.byte 0x26, 0xcb, 0x24, 0xcb, 0xa4, 0xba, 0x00, 0xa9, 0x82, 0xa8, 0x80, 0xa8, 0x82, 0xa8, 0x00, 0xa9
.byte 0x82, 0xb9, 0x80, 0xa9, 0x82, 0xb9, 0x80, 0xa9, 0x82, 0xb9, 0x82, 0xb9, 0x82, 0xb9, 0x22, 0xba
.byte 0x82, 0xb9, 0x82, 0xb9, 0x82, 0xa9, 0x82, 0xb9, 0x82, 0xa9, 0x80, 0x60, 0x82, 0x60, 0x80, 0x50
.byte 0x80, 0x40, 0x80, 0x50, 0x80, 0x60, 0x80, 0x60, 0x80, 0x60, 0x80, 0x60, 0x80, 0x60, 0x80, 0x70
.byte 0x80, 0x60, 0x80, 0x88, 0x80, 0x98, 0x80, 0xa8, 0x02, 0xa9, 0x80, 0xa8, 0x80, 0x88, 0x80, 0x88
.byte 0x80, 0x60, 0x00, 0x50, 0xc2, 0x50, 0x80, 0x50, 0x80, 0x98, 0x80, 0x98, 0x80, 0xa8, 0x80, 0x98
.byte 0x02, 0xa9, 0x80, 0x98, 0x80, 0xa8, 0x80, 0xa8, 0x00, 0xa9, 0x02, 0xa9, 0x00, 0xa9, 0x82, 0xb9
.byte 0xa2, 0xda, 0x20, 0xba, 0x82, 0x70, 0x80, 0xa9, 0x20, 0xca, 0xa0, 0xda, 0x20, 0xca, 0x22, 0xca
.byte 0x20, 0xca, 0x20, 0xca, 0x80, 0xb9, 0x80, 0xb9, 0x82, 0x70, 0x80, 0xa9, 0x80, 0xb9, 0x00, 0xb9
.byte 0x82, 0x70, 0x80, 0x40, 0x82, 0x89, 0x02, 0x99, 0x82, 0xa9, 0x82, 0xb9, 0x82, 0xa9, 0x00, 0x99
.byte 0x80, 0x88, 0xa4, 0xdb, 0xca, 0xec, 0xc8, 0xec, 0xa4, 0xdb, 0xa4, 0xdb, 0xa6, 0xeb, 0xa4, 0xdb
.byte 0x24, 0xdb, 0x22, 0xdb, 0xa2, 0xca, 0xa2, 0xca, 0x22, 0xba, 0xc0, 0x91, 0x26, 0xdb, 0x26, 0xcb
.byte 0x26, 0xdb, 0x26, 0xcb, 0x24, 0xdb, 0x22, 0xca, 0x80, 0xc9, 0x80, 0x89, 0x24, 0xba, 0xa4, 0xca
.byte 0xa4, 0xca, 0xa4, 0xca, 0xa4, 0xca, 0x24, 0xda, 0xa4, 0xca, 0x22, 0xca, 0x24, 0xca, 0x82, 0xc9
.byte 0x00, 0xa9, 0xc0, 0x78, 0x00, 0x59, 0x21, 0x49, 0x02, 0x89, 0x00, 0x89, 0x80, 0x70, 0x80, 0x88
.byte 0x00, 0x99, 0x00, 0x99, 0x02, 0xa9, 0x00, 0x71, 0x82, 0xa9, 0x22, 0xca, 0x22, 0xca, 0x22, 0xba
.byte 0x00, 0xc9, 0x20, 0xca, 0x20, 0xca, 0x20, 0xca, 0x00, 0xc9, 0x00, 0xc9, 0x00, 0xb9, 0x00, 0xb9
.byte 0x00, 0xc9, 0x00, 0xb9, 0x80, 0xc9, 0x00, 0xb9, 0x80, 0xb9, 0x82, 0xc9, 0x22, 0xba, 0x80, 0xc9
.byte 0x20, 0xba, 0x80, 0xc9, 0x80, 0xc9, 0x02, 0xb9, 0x00, 0xb9, 0x00, 0xb9, 0x00, 0xb9, 0x02, 0xb9
.byte 0x00, 0xb9, 0x00, 0xb9, 0x22, 0xba, 0x82, 0xb9, 0x00, 0xb9, 0x00, 0xa9, 0x02, 0xa9, 0x00, 0xa9
.byte 0x82, 0xb8, 0x00, 0xa9, 0x02, 0xb9, 0x80, 0xa8, 0x00, 0xa9, 0x80, 0xa8, 0x00, 0x89, 0x02, 0x71
.byte 0x22, 0xca, 0xa4, 0xca, 0xa6, 0xdb, 0xa6, 0xdb, 0xa6, 0xdb, 0xa6, 0xdb, 0x46, 0xdc, 0xa8, 0xeb
.byte 0x46, 0xdc, 0x02, 0xa9, 0x84, 0xb9, 0x24, 0xcb, 0x48, 0xdc, 0x4a, 0xed, 0x84, 0x89, 0x41, 0x5a
.byte 0xe1, 0x29, 0x61, 0x41, 0x82, 0x89, 0x26, 0xdb, 0xa4, 0xdb, 0x26, 0xdb, 0x24, 0xdb, 0xa4, 0xca
.byte 0xa4, 0xca, 0x22, 0xca, 0x82, 0xb9, 0x02, 0x99, 0x80, 0x40, 0xa1, 0x69, 0x23, 0x6a, 0x40, 0x81
.byte 0x23, 0xaa, 0x82, 0xb9, 0x02, 0xa9, 0x02, 0x99, 0x80, 0x30, 0xc2, 0x41, 0xe3, 0x53, 0x02, 0x4b
.byte 0xc0, 0x41, 0x80, 0x40, 0x80, 0x40, 0x80, 0x40, 0x22, 0xaa, 0x22, 0xca, 0xa4, 0xba, 0xa4, 0xba
.byte 0x02, 0x89, 0x00, 0x30, 0x80, 0x88, 0x80, 0xa8, 0x00, 0xa9, 0x82, 0xa9, 0x82, 0xa9, 0x80, 0xa8
.byte 0x80, 0x98, 0x82, 0xa8, 0x80, 0x70, 0x80, 0x40, 0x62, 0x51, 0x80, 0x50, 0x82, 0x61, 0xa4, 0xba
.byte 0x26, 0xcb, 0xa6, 0xcb, 0x26, 0xcb, 0x26, 0xcb, 0x26, 0xcb, 0x24, 0xcb, 0x26, 0xcb, 0x26, 0xcb
.byte 0x26, 0xcb, 0x26, 0xcb, 0x62, 0x99, 0x80, 0xa8, 0x80, 0x98, 0x00, 0xa9, 0x80, 0xa8, 0x80, 0xa8
.byte 0x82, 0x98, 0x80, 0xa8, 0x00, 0xa9, 0x00, 0xa9, 0x80, 0x88, 0x00, 0x71, 0x00, 0x99, 0x00, 0xa9
.byte 0x02, 0xa9, 0x00, 0xa9, 0x02, 0xa9, 0x00, 0xa9, 0x80, 0x98, 0x82, 0x70, 0xe0, 0x41, 0xa2, 0x53
.byte 0x42, 0x4b, 0x62, 0x3a, 0xc0, 0x50, 0x80, 0x50, 0x80, 0x60, 0x80, 0x60, 0x80, 0x60, 0x80, 0x60
.byte 0x80, 0x60, 0x82, 0x88, 0x80, 0xa8, 0x82, 0xa8, 0x80, 0x88, 0x80, 0x70, 0x82, 0x70, 0x80, 0x88
.byte 0x82, 0x70, 0x80, 0x50, 0x43, 0x2a, 0xe2, 0x50, 0x80, 0x40, 0x80, 0x98, 0x82, 0xa8, 0x80, 0x98
.byte 0x80, 0xa8, 0x80, 0xa8, 0x82, 0xa8, 0x00, 0x99, 0x82, 0xa8, 0x80, 0x98, 0x80, 0x40, 0x00, 0x51
.byte 0x80, 0xa9, 0x02, 0x89, 0x28, 0x52, 0x04, 0x51, 0x02, 0x71, 0x00, 0x89, 0x00, 0x99, 0x00, 0x89
.byte 0x02, 0x89, 0x80, 0x70, 0x82, 0x60, 0x82, 0x60, 0xe0, 0x48, 0x02, 0x71, 0x80, 0xb8, 0x80, 0xa8
.byte 0x00, 0xa9, 0x82, 0x88, 0x80, 0x40, 0x22, 0x4b, 0xc2, 0x71, 0xe2, 0x79, 0x62, 0x79, 0x00, 0x89
.byte 0x02, 0x99, 0xa6, 0xdb, 0x46, 0xdc, 0xa2, 0xda, 0xa2, 0xda, 0xa2, 0xda, 0xa2, 0xca, 0x22, 0xca
.byte 0x20, 0xca, 0x22, 0xca, 0x22, 0xba, 0x00, 0x89, 0x80, 0x40, 0x82, 0x50, 0x26, 0xdb, 0x26, 0xdb
.byte 0x24, 0xcb, 0x26, 0xdb, 0x22, 0xca, 0x82, 0xa9, 0x00, 0x71, 0x00, 0x40, 0xa4, 0xba, 0xa4, 0xca
.byte 0xa4, 0xda, 0x24, 0xca, 0x22, 0xca, 0x24, 0xca, 0xa4, 0xca, 0x24, 0xca, 0xa2, 0xca, 0x82, 0xb9
.byte 0x82, 0xb9, 0xc0, 0x40, 0xe2, 0x41, 0x02, 0x43, 0xc3, 0x3a, 0xc2, 0x42, 0x82, 0x42, 0xa2, 0x4a
.byte 0xa2, 0x51, 0x80, 0x59, 0x60, 0x69, 0x80, 0x70, 0x24, 0xba, 0x22, 0xca, 0x22, 0xca, 0x82, 0xc9
.byte 0x00, 0xb9, 0x20, 0xca, 0x20, 0xca, 0x00, 0xb9, 0x00, 0xb9, 0x00, 0xb9, 0x00, 0xb9, 0x80, 0xc9
.byte 0x00, 0xb9, 0x00, 0xc9, 0x00, 0xb9, 0x00, 0xb9, 0x00, 0xb9, 0x00, 0xb9, 0x00, 0xb9, 0x00, 0xb9
.byte 0x80, 0xb9, 0x80, 0xb9, 0x80, 0xb9, 0x80, 0xb9, 0x00, 0xa9, 0x00, 0xb9, 0x00, 0xa9, 0x80, 0x98
.byte 0x00, 0xa9, 0x02, 0xb9, 0x80, 0xb9, 0x02, 0xb9, 0x00, 0xb9, 0x80, 0x70, 0x00, 0x99, 0x80, 0xa8
.byte 0x00, 0xa9, 0x00, 0xa9, 0x80, 0xa8, 0x00, 0xa9, 0x82, 0xa8, 0x80, 0xa8, 0x02, 0x89, 0x02, 0x99
.byte 0x22, 0xca, 0x24, 0xcb, 0x24, 0xdb, 0x24, 0xdb, 0x26, 0xcb, 0x26, 0xdb, 0x26, 0xdb, 0x24, 0xcb
.byte 0x00, 0x99, 0x80, 0x88, 0x80, 0x60, 0x80, 0x70, 0x02, 0x71, 0x00, 0x89, 0x02, 0x71, 0x62, 0x8a
.byte 0x82, 0x54, 0x22, 0x5a, 0x82, 0x89, 0xa4, 0xda, 0xa4, 0xca, 0xa4, 0xca, 0xa4, 0xca, 0x24, 0xca
.byte 0x24, 0xca, 0x22, 0xca, 0x82, 0xb9, 0x82, 0xc9, 0x80, 0x70, 0xa0, 0x50, 0x82, 0x79, 0xa2, 0x99
.byte 0x02, 0xa9, 0x02, 0xa9, 0x00, 0x71, 0xe0, 0x48, 0x02, 0x53, 0x43, 0x64, 0xa2, 0x53, 0x02, 0x54
.byte 0x82, 0x4b, 0xa2, 0x4b, 0x82, 0x4a, 0xe2, 0x68, 0x80, 0x60, 0x24, 0xba, 0xa4, 0xba, 0x24, 0xca
.byte 0x00, 0x61, 0x80, 0x50, 0x80, 0x50, 0x82, 0x98, 0x80, 0x98, 0x80, 0xa8, 0x80, 0xa8, 0x82, 0x98
.byte 0x00, 0xa9, 0x80, 0xa8, 0x80, 0x98, 0x80, 0x50, 0x62, 0x53, 0x22, 0x3a, 0xe2, 0x58, 0x80, 0x40
.byte 0x00, 0x40, 0x80, 0x40, 0x00, 0x50, 0x80, 0x30, 0x26, 0xcb, 0x26, 0xcb, 0x26, 0xcb, 0x24, 0xcb
.byte 0x26, 0xcb, 0x82, 0xa9, 0x80, 0xa8, 0x80, 0xa8, 0x82, 0xa8, 0x80, 0x98, 0x82, 0xa8, 0x80, 0x98
.byte 0x00, 0xa9, 0x82, 0xa8, 0x80, 0x98, 0xe2, 0xa8, 0x80, 0x30, 0x80, 0x40, 0xe2, 0x48, 0x00, 0x40
.byte 0x80, 0x40, 0x80, 0x50, 0x80, 0x50, 0x82, 0x50, 0x80, 0x60, 0x80, 0x60, 0x00, 0x39, 0xe4, 0x53
.byte 0x82, 0x53, 0xe2, 0x4b, 0xa3, 0x43, 0x42, 0x4b, 0x22, 0x42, 0xe0, 0x50, 0x02, 0x50, 0x80, 0x50
.byte 0x80, 0x60, 0x80, 0x88, 0x80, 0x70, 0x80, 0x70, 0x80, 0x70, 0x80, 0x70, 0x80, 0x70, 0x80, 0x70
.byte 0x80, 0x88, 0x80, 0x50, 0x42, 0x4b, 0xc2, 0x79, 0x80, 0x50, 0x82, 0x88, 0x80, 0xa8, 0x80, 0x98
.byte 0x82, 0x98, 0x00, 0x99, 0x80, 0xa8, 0x80, 0xa8, 0x80, 0x98, 0x80, 0xa8, 0x80, 0x40, 0x22, 0x4a
.byte 0x80, 0xa9, 0x82, 0x89, 0x85, 0x53, 0x85, 0x53, 0x65, 0x5b, 0xe6, 0x4a, 0xa5, 0x4a, 0xa6, 0x4a
.byte 0x45, 0x42, 0x65, 0x53, 0x03, 0x5c, 0xc3, 0x5b, 0xa3, 0x63, 0xe0, 0x48, 0x80, 0x60, 0x80, 0xa8
.byte 0x80, 0xa8, 0x80, 0xa8, 0x80, 0x50, 0x42, 0x4a, 0xe2, 0x5b, 0x82, 0x63, 0x82, 0x88, 0x02, 0x99
.byte 0xc8, 0xec, 0xa4, 0xdb, 0xa2, 0xda, 0x22, 0xdb, 0xa2, 0xca, 0xa2, 0xca, 0x22, 0xda, 0x22, 0xca
.byte 0x22, 0xca, 0x82, 0xa9, 0x80, 0x40, 0xe0, 0x48, 0x80, 0x50, 0x02, 0x71, 0x26, 0xcb, 0x26, 0xdb
.byte 0x26, 0xcb, 0x22, 0xca, 0x00, 0x89, 0xc0, 0x58, 0x41, 0x31, 0xe0, 0x48, 0xa4, 0xca, 0x24, 0xca
.byte 0x22, 0xca, 0x80, 0xb9, 0x00, 0xb9, 0x80, 0xb9, 0x22, 0xca, 0xa4, 0xca, 0x24, 0xca, 0x22, 0xca
.byte 0x00, 0xb9, 0xa0, 0x60, 0x82, 0x42, 0xe2, 0x4a, 0x42, 0x43, 0x22, 0x4b, 0x44, 0x4b, 0x22, 0x43
.byte 0x22, 0x4b, 0xc4, 0x53, 0x22, 0x6a, 0x02, 0x89, 0x22, 0xca, 0x22, 0xca, 0x82, 0xb9, 0x00, 0xb9
.byte 0x00, 0xb9, 0x00, 0xb9, 0x00, 0xb9, 0x00, 0xb9, 0x00, 0xa9, 0x00, 0xc9, 0x00, 0xb9, 0x00, 0xb9
.byte 0x80, 0x88, 0x02, 0x99, 0x00, 0xb9, 0x00, 0xb9, 0x00, 0xb9, 0x00, 0xb9, 0x00, 0xb9, 0x02, 0xb9
.byte 0x00, 0xb9, 0x00, 0xb9, 0x00, 0xb9, 0x00, 0xb9, 0x00, 0xb9, 0x00, 0xb9, 0x00, 0xb9, 0x80, 0x50
.byte 0x80, 0x50, 0x80, 0x98, 0x00, 0xb9, 0x00, 0xb9, 0x82, 0xa8, 0x80, 0x40, 0x00, 0x40, 0x00, 0xa9
.byte 0x82, 0xa8, 0x00, 0xa9, 0x80, 0xa8, 0x02, 0xa9, 0x80, 0xa8, 0x00, 0x99, 0x02, 0x71, 0x80, 0x88
.byte 0x84, 0xa9, 0x22, 0xba, 0x24, 0xba, 0xa4, 0xba, 0x22, 0xba, 0x82, 0xa9, 0x00, 0x89, 0x80, 0x70
.byte 0xc2, 0x61, 0x62, 0x4b, 0xa2, 0x4b, 0xa2, 0x4a, 0x62, 0x4a, 0x82, 0x52, 0xa2, 0x62, 0x42, 0x7c
.byte 0x42, 0x7d, 0xc2, 0x6a, 0x00, 0x89, 0xa4, 0xca, 0x24, 0xca, 0x00, 0x89, 0x82, 0x50, 0x00, 0x71
.byte 0x82, 0x99, 0x82, 0xc9, 0x82, 0xb9, 0x80, 0xb9, 0x02, 0xb9, 0x80, 0x50, 0x80, 0x38, 0x02, 0xa9
.byte 0x80, 0xa9, 0x80, 0x40, 0x62, 0x39, 0xa2, 0x5b, 0xa2, 0x53, 0xa3, 0x6c, 0x43, 0x64, 0xe3, 0x74
.byte 0x04, 0x64, 0x43, 0x5c, 0xa2, 0x63, 0x02, 0x64, 0xe0, 0x48, 0x80, 0x70, 0xa4, 0xca, 0x24, 0xba
.byte 0x80, 0x40, 0x02, 0x63, 0x80, 0x60, 0x80, 0x60, 0x00, 0xa9, 0x82, 0xa8, 0x80, 0x98, 0x80, 0x60
.byte 0x80, 0x60, 0x80, 0x70, 0x82, 0x88, 0x00, 0x69, 0xe0, 0x41, 0x02, 0x5c, 0xa2, 0x53, 0xe2, 0x4b
.byte 0x62, 0x4b, 0x22, 0x62, 0x80, 0x60, 0x02, 0x61, 0x26, 0xcb, 0x24, 0xcb, 0x26, 0xcb, 0x24, 0xaa
.byte 0x80, 0x60, 0x80, 0x60, 0x02, 0x99, 0x80, 0xa8, 0x00, 0x99, 0x82, 0xa8, 0x00, 0x99, 0x80, 0xa8
.byte 0x80, 0xa8, 0x80, 0x98, 0x02, 0xa9, 0x80, 0x98, 0x80, 0x70, 0xc2, 0x41, 0xe2, 0x63, 0x42, 0x64
.byte 0xa2, 0x53, 0x82, 0x5b, 0x22, 0x5b, 0x42, 0x52, 0xc0, 0x42, 0x42, 0x52, 0xa2, 0x42, 0x62, 0x6c
.byte 0x43, 0x5c, 0x03, 0x74, 0xa4, 0x73, 0x82, 0x5b, 0x02, 0x54, 0xa2, 0x4b, 0x22, 0x43, 0x80, 0x50
.byte 0x80, 0x60, 0x80, 0x60, 0x82, 0x70, 0x80, 0x50, 0x80, 0x50, 0x80, 0x70, 0x80, 0x70, 0x80, 0x70
.byte 0x82, 0x70, 0x00, 0x60, 0xc0, 0x4a, 0x22, 0x6b, 0x00, 0x60, 0x80, 0x88, 0x80, 0x98, 0x80, 0x50
.byte 0xe0, 0x38, 0x80, 0x60, 0x80, 0x98, 0x80, 0xa8, 0x02, 0xa9, 0x80, 0xa8, 0x80, 0x88, 0xe0, 0x38
.byte 0x80, 0xb9, 0xc0, 0x71, 0xa2, 0x74, 0x63, 0x74, 0xe3, 0x74, 0xa3, 0x74, 0x42, 0x6c, 0xe3, 0x74
.byte 0x62, 0x74, 0xa3, 0x74, 0x62, 0x74, 0x03, 0x7d, 0xc3, 0x7c, 0x02, 0x6c, 0x22, 0x5a, 0xe0, 0x48
.byte 0x80, 0x50, 0x82, 0x70, 0x80, 0x60, 0x60, 0x49, 0x44, 0x7c, 0x60, 0x79, 0x00, 0x99, 0xc8, 0xec
.byte 0x24, 0xdb, 0xa2, 0xda, 0xa2, 0xda, 0xa2, 0xda, 0x22, 0xca, 0x22, 0xca, 0x20, 0xca, 0x22, 0xca
.byte 0x20, 0xca, 0x80, 0x89, 0xe2, 0x58, 0x02, 0x64, 0x22, 0x52, 0x82, 0x71, 0x26, 0xdb, 0x24, 0xcb
.byte 0xe2, 0x89, 0x80, 0x30, 0xc2, 0x41, 0x62, 0x53, 0x62, 0x53, 0x80, 0x50, 0x22, 0xca, 0x80, 0xb9
.byte 0x00, 0xb9, 0x02, 0xb9, 0x00, 0xb9, 0x02, 0xb9, 0x00, 0xa9, 0x82, 0xb9, 0x22, 0xca, 0x82, 0xb9
.byte 0x02, 0xb9, 0x00, 0x89, 0x80, 0x59, 0x22, 0x64, 0xc2, 0x5b, 0xc2, 0x63, 0x02, 0x5c, 0xe2, 0x6b
.byte 0x23, 0x5c, 0xe2, 0x6b, 0x80, 0x70, 0x22, 0xba, 0x22, 0xca, 0x82, 0xb9, 0x00, 0xb9, 0x00, 0xb9
.byte 0x00, 0xb9, 0x00, 0xa9, 0x80, 0x70, 0x62, 0x69, 0x80, 0x88, 0x00, 0xb9, 0x00, 0xb9, 0x80, 0x70
.byte 0x80, 0x59, 0x80, 0x50, 0x00, 0xa9, 0x00, 0xb9, 0x02, 0xb9, 0x00, 0xb9, 0x00, 0x89, 0x80, 0x88
.byte 0x00, 0xa9, 0x02, 0xb9, 0x00, 0xb9, 0x00, 0xa9, 0x02, 0xb9, 0x00, 0xb9, 0x00, 0xa9, 0x80, 0x60
.byte 0x80, 0x40, 0x80, 0x40, 0x80, 0x60, 0x00, 0xa9, 0x00, 0xa9, 0x80, 0x40, 0xe2, 0x41, 0x80, 0x40
.byte 0x80, 0x88, 0x02, 0xa9, 0x80, 0xa8, 0x00, 0xa9, 0x80, 0xa8, 0x82, 0xa8, 0x00, 0x99, 0x02, 0x71
.byte 0x00, 0x71, 0x02, 0x89, 0x80, 0x70, 0x82, 0x70, 0x00, 0x89, 0x82, 0x69, 0x42, 0x62, 0x82, 0x5b
.byte 0x02, 0x64, 0xa2, 0x63, 0x82, 0x53, 0x44, 0x64, 0xa2, 0x53, 0x42, 0x64, 0x43, 0x6c, 0x42, 0x7d
.byte 0xc2, 0x8d, 0xe2, 0x6b, 0x02, 0x71, 0x22, 0xca, 0x02, 0x99, 0x80, 0x50, 0xa2, 0x42, 0x02, 0x4a
.byte 0x82, 0x60, 0x80, 0x40, 0x82, 0x88, 0x02, 0xa9, 0x00, 0xb9, 0x00, 0x99, 0x80, 0x58, 0x80, 0x60
.byte 0x80, 0x30, 0x22, 0x4a, 0xe2, 0x63, 0x43, 0x6c, 0xe3, 0x74, 0x64, 0x8d, 0xa3, 0x95, 0xa3, 0x9d
.byte 0xc3, 0x8d, 0xa3, 0x84, 0xe3, 0x74, 0x03, 0x64, 0xe2, 0x63, 0xe2, 0x48, 0x80, 0x60, 0x82, 0x89
.byte 0x02, 0x49, 0x42, 0x64, 0xc2, 0x71, 0x80, 0x50, 0x80, 0x88, 0x80, 0xa8, 0x82, 0xa8, 0x00, 0x39
.byte 0x00, 0x49, 0x62, 0x49, 0x00, 0x39, 0x80, 0x30, 0x82, 0x49, 0x43, 0x64, 0x03, 0x6c, 0x43, 0x6c
.byte 0x42, 0x54, 0x82, 0x6b, 0x80, 0x50, 0x24, 0xaa, 0xa4, 0xba, 0x82, 0xa9, 0xe0, 0x58, 0xe0, 0x38
.byte 0x22, 0x3a, 0x80, 0x50, 0x80, 0x98, 0x80, 0x98, 0x82, 0xa8, 0x80, 0xa8, 0xe0, 0x68, 0x80, 0x50
.byte 0x82, 0x60, 0x80, 0xa8, 0x80, 0x98, 0x82, 0xa8, 0x80, 0x88, 0xe0, 0x41, 0xe2, 0x63, 0x45, 0x5c
.byte 0x43, 0x74, 0x02, 0x64, 0x42, 0x64, 0xe2, 0x63, 0x83, 0x74, 0x03, 0x6c, 0xe3, 0x74, 0xa2, 0x8d
.byte 0xa4, 0xa5, 0xa9, 0xbb, 0x08, 0xa3, 0xc6, 0x83, 0x02, 0x64, 0x03, 0x5c, 0x43, 0x6c, 0x00, 0x50
.byte 0x80, 0x60, 0x80, 0x60, 0xe0, 0x58, 0xc2, 0x51, 0x60, 0x51, 0x82, 0x50, 0x80, 0x60, 0x80, 0x70
.byte 0x80, 0x70, 0x80, 0x60, 0xc2, 0x59, 0xe3, 0x7c, 0x80, 0x60, 0x00, 0x40, 0xe0, 0x48, 0xc2, 0x31
.byte 0x02, 0x5b, 0xc2, 0x41, 0xe0, 0x38, 0x80, 0x70, 0x80, 0x98, 0x82, 0xa8, 0x80, 0x98, 0x80, 0x50
.byte 0x80, 0xc9, 0x80, 0x88, 0xe5, 0x8c, 0xe3, 0x9d, 0xa3, 0x9d, 0x83, 0x95, 0xa3, 0x9d, 0x83, 0x95
.byte 0x42, 0x95, 0xe3, 0x9d, 0xe3, 0xad, 0x43, 0xae, 0xa3, 0x9d, 0xa3, 0x95, 0xc3, 0x8c, 0x43, 0x74
.byte 0x81, 0x63, 0x00, 0x4a, 0x40, 0x51, 0x22, 0x59, 0x03, 0x8d, 0x02, 0x89, 0x26, 0xcb, 0xa6, 0xeb
.byte 0x22, 0xdb, 0xa2, 0xda, 0x22, 0xca, 0x80, 0x99, 0x00, 0x89, 0x00, 0x59, 0x82, 0x99, 0x22, 0xca
.byte 0x22, 0xca, 0x82, 0x99, 0x80, 0x69, 0x02, 0x74, 0x42, 0x5a, 0x82, 0x71, 0x02, 0x71, 0xe0, 0x48
.byte 0xc0, 0x41, 0x62, 0x53, 0xa2, 0x63, 0x02, 0x64, 0x02, 0x6c, 0x80, 0x40, 0x82, 0xb9, 0x00, 0xb9
.byte 0x02, 0xb9, 0x80, 0xb9, 0x00, 0x99, 0x80, 0x50, 0x00, 0x49, 0x80, 0x50, 0x00, 0x99, 0x82, 0xb9
.byte 0x00, 0xb9, 0x00, 0xa9, 0x80, 0x60, 0x84, 0x8d, 0x63, 0x9d, 0x83, 0x95, 0xc3, 0x9d, 0xc3, 0x95
.byte 0xa3, 0x9d, 0xa1, 0x82, 0x02, 0x89, 0x82, 0xb9, 0x00, 0xa9, 0x00, 0x99, 0x80, 0x98, 0x80, 0x70
.byte 0x80, 0x60, 0xe2, 0x61, 0xc2, 0x5a, 0xe0, 0x71, 0x00, 0x89, 0x00, 0xb9, 0x80, 0x60, 0x82, 0x59
.byte 0xe2, 0x63, 0xc3, 0x5a, 0x60, 0x59, 0x80, 0x88, 0x00, 0xb9, 0x00, 0xb9, 0x80, 0x70, 0xe0, 0x48
.byte 0x80, 0x60, 0x80, 0x88, 0x00, 0xb9, 0x00, 0xb9, 0x00, 0xa9, 0x00, 0xb9, 0x02, 0xb9, 0x00, 0x89
.byte 0x80, 0x40, 0x82, 0x53, 0x42, 0x4a, 0x80, 0x40, 0x80, 0x40, 0x00, 0x40, 0x42, 0x5c, 0x23, 0x5b
.byte 0x00, 0x39, 0x80, 0x50, 0x82, 0x88, 0x00, 0xa9, 0x82, 0xa8, 0x00, 0xa9, 0x00, 0x99, 0x02, 0x89
.byte 0x80, 0x30, 0x23, 0x53, 0x42, 0x53, 0xe2, 0x5b, 0x84, 0x63, 0x42, 0x6c, 0x02, 0x6c, 0x43, 0x6c
.byte 0x83, 0x74, 0x84, 0x84, 0xe6, 0x84, 0x88, 0x8c, 0xec, 0x84, 0x43, 0x64, 0xa2, 0x74, 0x62, 0x85
.byte 0xe4, 0x95, 0xc2, 0x74, 0x80, 0x60, 0x02, 0x89, 0x80, 0x60, 0x02, 0x4b, 0xa2, 0x53, 0x42, 0x53
.byte 0x02, 0x4b, 0xc1, 0x31, 0x00, 0x51, 0x80, 0x40, 0x80, 0x60, 0x82, 0x70, 0x80, 0x50, 0xa2, 0x41
.byte 0x62, 0x53, 0x43, 0x5c, 0xa3, 0x74, 0x43, 0x7d, 0xc3, 0x95, 0xe3, 0x9d, 0x04, 0xb7, 0x44, 0xbe
.byte 0x43, 0xbe, 0xe3, 0xad, 0x64, 0x8d, 0xa3, 0x7c, 0x43, 0x64, 0xa2, 0x63, 0x60, 0x39, 0x00, 0x49
.byte 0x82, 0x6b, 0x03, 0x6c, 0x43, 0x6c, 0x00, 0x59, 0x82, 0x60, 0x00, 0xa9, 0x80, 0x98, 0x00, 0x39
.byte 0x42, 0x6c, 0x42, 0x64, 0xe2, 0x63, 0x43, 0x74, 0x83, 0x7c, 0x84, 0x9d, 0xa3, 0x8d, 0x24, 0x85
.byte 0x83, 0x7c, 0x43, 0x6c, 0x80, 0x40, 0x62, 0x79, 0xe0, 0x68, 0x60, 0x41, 0xc2, 0x41, 0x62, 0x53
.byte 0xa2, 0x5b, 0xc2, 0x41, 0x80, 0x70, 0x82, 0xa8, 0x00, 0x99, 0x80, 0xa8, 0x80, 0x30, 0x42, 0x4a
.byte 0x00, 0x59, 0x80, 0x30, 0x80, 0x70, 0x80, 0x98, 0x80, 0x88, 0x62, 0x49, 0xe3, 0x84, 0x23, 0x8d
.byte 0x83, 0x84, 0x23, 0x8d, 0xe3, 0x8c, 0xe3, 0x84, 0x84, 0x74, 0x22, 0x85, 0xa3, 0x9d, 0x63, 0xae
.byte 0xc5, 0xc5, 0x8b, 0xe3, 0x6a, 0xd3, 0x06, 0x94, 0x23, 0x85, 0x02, 0x8d, 0xa3, 0x7c, 0xe2, 0x58
.byte 0x80, 0x50, 0xe0, 0x48, 0x22, 0x52, 0x62, 0x5b, 0x02, 0x64, 0xa2, 0x5a, 0xe0, 0x48, 0x82, 0x60
.byte 0x80, 0x70, 0x80, 0x60, 0x20, 0x6a, 0xa2, 0x7c, 0x02, 0x63, 0x02, 0x5b, 0x02, 0x5c, 0xa2, 0x63
.byte 0x02, 0x64, 0xe2, 0x53, 0x62, 0x53, 0xc2, 0x41, 0x80, 0x40, 0x80, 0x70, 0x80, 0x98, 0x80, 0x60
.byte 0x80, 0xc9, 0x00, 0x99, 0x62, 0x71, 0x43, 0xb6, 0xa3, 0xb6, 0x25, 0xb6, 0xa3, 0xb6, 0x25, 0xb6
.byte 0x04, 0xc7, 0x25, 0xb6, 0x04, 0xc7, 0x84, 0xc6, 0x04, 0xd7, 0xa3, 0xb6, 0xe3, 0xad, 0xe3, 0xad
.byte 0x43, 0x95, 0xc3, 0x8c, 0xa7, 0x9b, 0x48, 0xab, 0x44, 0xab, 0x80, 0x88, 0x82, 0xa9, 0x00, 0x99
.byte 0x00, 0x99, 0x02, 0x89, 0x00, 0x89, 0x82, 0x69, 0x82, 0x6b, 0x22, 0x5b, 0x80, 0x60, 0x22, 0xba
.byte 0x80, 0xc9, 0x82, 0x99, 0x80, 0x69, 0x43, 0x74, 0xa2, 0x5a, 0xe0, 0x48, 0x20, 0x4a, 0xa2, 0x63
.byte 0xa3, 0x63, 0x43, 0x74, 0x42, 0x74, 0x43, 0x74, 0x43, 0x74, 0x80, 0x50, 0x02, 0xb9, 0x00, 0xb9
.byte 0x00, 0x99, 0x80, 0x60, 0x80, 0x40, 0xa2, 0x4a, 0x02, 0x64, 0xa2, 0x4a, 0xe0, 0x38, 0x80, 0x50
.byte 0x02, 0xa9, 0x00, 0xa9, 0x80, 0x60, 0xa2, 0x9d, 0xa4, 0xb6, 0xe4, 0xbe, 0x84, 0xc6, 0x84, 0xb6
.byte 0xe3, 0xa5, 0xe0, 0x68, 0x80, 0x70, 0x80, 0x70, 0x80, 0x70, 0x62, 0x69, 0xa2, 0x5a, 0xc2, 0x5a
.byte 0x02, 0x5c, 0xe7, 0x6b, 0x6c, 0x74, 0x02, 0x5b, 0x80, 0x70, 0xe0, 0x68, 0xc2, 0x61, 0xa2, 0x63
.byte 0x02, 0x64, 0xe4, 0x63, 0x24, 0x73, 0x00, 0x59, 0x80, 0x60, 0x00, 0x99, 0x80, 0x70, 0xa2, 0x5a
.byte 0x02, 0x53, 0x60, 0x49, 0x80, 0x50, 0x80, 0x70, 0x00, 0xa9, 0x00, 0xa9, 0x00, 0xb9, 0x80, 0x98
.byte 0x80, 0x40, 0xa4, 0x63, 0xe2, 0x5b, 0xa2, 0x63, 0x82, 0x5b, 0xc2, 0x52, 0x43, 0x74, 0xe2, 0x6b
.byte 0x42, 0x64, 0xc2, 0x52, 0x00, 0x49, 0x80, 0x50, 0x80, 0x70, 0x80, 0x88, 0x02, 0x99, 0x00, 0x99
.byte 0x00, 0x71, 0x82, 0x30, 0x42, 0x6c, 0xe2, 0x63, 0x83, 0x64, 0x43, 0x6c, 0x43, 0x6c, 0xe3, 0x7c
.byte 0x03, 0x85, 0x2a, 0xce, 0xca, 0xcd, 0x78, 0xce, 0x94, 0xce, 0xe6, 0x9c, 0xc8, 0xbd, 0x22, 0x6d
.byte 0x22, 0x75, 0xe2, 0x74, 0x22, 0x63, 0xe0, 0x50, 0x22, 0x43, 0xe2, 0x5b, 0xa4, 0x53, 0x02, 0x5c
.byte 0x83, 0x53, 0x43, 0x3a, 0x42, 0x2a, 0xa2, 0x3a, 0x42, 0x3a, 0x40, 0x49, 0x20, 0x49, 0x82, 0x5b
.byte 0x03, 0x5c, 0x62, 0x64, 0x03, 0x7d, 0x04, 0x96, 0x43, 0x9e, 0xe4, 0xae, 0xe4, 0xae, 0xe4, 0xae
.byte 0xe4, 0xae, 0xa4, 0xa6, 0x43, 0xae, 0xc3, 0x95, 0x04, 0x85, 0xa3, 0x74, 0xa2, 0x5b, 0x22, 0x4a
.byte 0x43, 0x64, 0x63, 0x64, 0x44, 0x6c, 0xa2, 0x63, 0xe0, 0x48, 0x80, 0x70, 0x80, 0x70, 0xc2, 0x39
.byte 0xa4, 0x63, 0xc3, 0x5b, 0xa3, 0x7c, 0x43, 0x6c, 0x43, 0x9d, 0x63, 0xae, 0x63, 0xae, 0xc3, 0x95
.byte 0xa2, 0x8d, 0x23, 0x7d, 0xe0, 0x38, 0xe0, 0x38, 0xc2, 0x31, 0x42, 0x53, 0xa2, 0x5b, 0x43, 0x5c
.byte 0x03, 0x64, 0xa2, 0x63, 0xe0, 0x38, 0x80, 0x98, 0x82, 0xa8, 0x80, 0x88, 0xe2, 0x38, 0x02, 0x54
.byte 0xa2, 0x63, 0x82, 0x53, 0xe2, 0x41, 0x80, 0x40, 0x80, 0x60, 0x60, 0x41, 0x03, 0x96, 0x23, 0xa6
.byte 0x63, 0xae, 0x04, 0xa6, 0x23, 0x9e, 0x03, 0xa6, 0x03, 0xa6, 0x03, 0xa6, 0x02, 0xae, 0xa6, 0xc5
.byte 0xca, 0xec, 0xd1, 0xfc, 0x77, 0xfe, 0x28, 0xc5, 0xe6, 0xbc, 0x85, 0xbd, 0x63, 0x9d, 0x00, 0x63
.byte 0xc2, 0x51, 0x62, 0x5b, 0xa2, 0x63, 0x43, 0x64, 0x03, 0x74, 0xa2, 0x5b, 0xa2, 0x63, 0xc0, 0x51
.byte 0xe0, 0x48, 0x82, 0x50, 0xc0, 0x61, 0x44, 0x8d, 0xa3, 0x74, 0x02, 0x64, 0x03, 0x6c, 0x44, 0x6c
.byte 0x43, 0x6c, 0xa3, 0x74, 0x03, 0x6c, 0xa2, 0x63, 0x62, 0x4b, 0xc2, 0x41, 0xe0, 0x48, 0xe0, 0x58
.byte 0xa0, 0xca, 0x80, 0xb9, 0x80, 0x70, 0x25, 0x95, 0x64, 0xcf, 0xe4, 0xbe, 0x64, 0xcf, 0xe4, 0xbe
.byte 0xe4, 0xce, 0x64, 0xcf, 0xe6, 0xce, 0xe4, 0xce, 0xe6, 0xce, 0xe4, 0xce, 0x04, 0xc7, 0x23, 0xb6
.byte 0xa2, 0xb6, 0x05, 0xbd, 0xaa, 0xc3, 0x2a, 0xc3, 0xc7, 0xa2, 0x80, 0x88, 0x42, 0x81, 0x62, 0x69
.byte 0xc2, 0x6a, 0x83, 0x63, 0x45, 0x6c, 0xa5, 0x73, 0x02, 0x5c, 0xe2, 0x63, 0x22, 0x5b, 0x80, 0x59
.byte 0x82, 0xb9, 0x80, 0xa9, 0x62, 0x79, 0xa3, 0x7c, 0xa2, 0x74, 0xc2, 0x63, 0x22, 0x64, 0x43, 0x6c
.byte 0x02, 0x6c, 0xa3, 0x74, 0x22, 0x85, 0xc2, 0x95, 0x43, 0x85, 0x80, 0x50, 0x00, 0x99, 0x80, 0x50
.byte 0xe2, 0x58, 0x82, 0x4a, 0xa2, 0x5b, 0x82, 0x63, 0xa4, 0x53, 0x02, 0x64, 0xa2, 0x63, 0xc2, 0x41
.byte 0xe0, 0x48, 0x00, 0x71, 0x80, 0x60, 0x83, 0xa5, 0x62, 0x9e, 0x62, 0x9e, 0xe4, 0xae, 0xe4, 0xbe
.byte 0x42, 0xae, 0x23, 0x84, 0xc2, 0x73, 0x02, 0x5c, 0x82, 0x53, 0xe2, 0x4b, 0x82, 0x4b, 0x04, 0x5c
.byte 0xc3, 0x63, 0x06, 0x5c, 0x66, 0x6c, 0xa2, 0x52, 0x80, 0x60, 0x82, 0x5a, 0xa2, 0x5b, 0x23, 0x64
.byte 0x46, 0x7c, 0x88, 0x94, 0x05, 0x74, 0x45, 0x74, 0xc2, 0x51, 0x80, 0x50, 0xe2, 0x58, 0xa2, 0x5a
.byte 0x02, 0x54, 0xa2, 0x63, 0xa2, 0x63, 0xc2, 0x41, 0xe0, 0x58, 0x80, 0x70, 0x00, 0xa9, 0x00, 0xa9
.byte 0x80, 0x40, 0x83, 0x6c, 0x22, 0x5c, 0xc3, 0x53, 0x03, 0x64, 0x44, 0x6c, 0xa3, 0x7c, 0xe3, 0x6c
.byte 0x44, 0x74, 0xe2, 0x5b, 0x42, 0x64, 0x22, 0x53, 0xc0, 0x41, 0xe2, 0x48, 0x80, 0x40, 0x82, 0x40
.byte 0x00, 0x41, 0x02, 0x31, 0x81, 0x63, 0xe3, 0x84, 0x24, 0x7d, 0x02, 0x85, 0x63, 0x85, 0x82, 0x85
.byte 0x42, 0x8e, 0xab, 0xe6, 0x0c, 0xf7, 0x17, 0xf7, 0x14, 0xf7, 0xab, 0xe6, 0x2c, 0xf7, 0x22, 0x64
.byte 0x60, 0x5c, 0xa2, 0x5c, 0x82, 0x4b, 0x63, 0x4b, 0x82, 0x4b, 0xc1, 0x4b, 0x82, 0x54, 0x82, 0x6c
.byte 0x62, 0x54, 0x42, 0x4b, 0x02, 0x43, 0x43, 0x43, 0xc2, 0x3a, 0x62, 0x4b, 0xc3, 0x53, 0x42, 0x64
.byte 0xa4, 0x64, 0xa2, 0x6c, 0xa3, 0x75, 0x04, 0xa6, 0xe4, 0xae, 0xe2, 0xae, 0x64, 0xae, 0xe4, 0xae
.byte 0xe4, 0x9e, 0xe2, 0x8e, 0xe2, 0x8e, 0x43, 0x9e, 0x03, 0x96, 0xa2, 0x74, 0x43, 0x64, 0x62, 0x54
.byte 0xa2, 0x64, 0x63, 0x85, 0xa3, 0x7c, 0xa2, 0x74, 0x22, 0x63, 0x80, 0x30, 0xe0, 0x48, 0x03, 0x6c
.byte 0x63, 0x74, 0xe2, 0x5c, 0xa3, 0x74, 0xe3, 0x84, 0xa3, 0x95, 0x42, 0x9e, 0x84, 0xb6, 0x04, 0xb7
.byte 0xe2, 0x8d, 0xe4, 0x74, 0xa2, 0x64, 0x23, 0x5c, 0xc3, 0x5b, 0x22, 0x54, 0x62, 0x64, 0xa3, 0x74
.byte 0xa2, 0x74, 0x62, 0x64, 0x22, 0x4a, 0xe0, 0x48, 0x00, 0x99, 0xe0, 0x48, 0x22, 0x42, 0x42, 0x5c
.byte 0xc2, 0x5b, 0x43, 0x5c, 0xa2, 0x5b, 0xa2, 0x63, 0xa2, 0x42, 0xa2, 0x52, 0xe2, 0xa5, 0xa4, 0xb6
.byte 0x82, 0xb6, 0xa4, 0xb6, 0x82, 0xb6, 0xe2, 0x9d, 0x42, 0xae, 0xe2, 0x9d, 0xa6, 0xc5, 0xac, 0xfb
.byte 0xac, 0xfb, 0x7d, 0xff, 0xff, 0xff, 0xd3, 0xed, 0xac, 0xfb, 0x2c, 0xf4, 0x65, 0xa4, 0xa3, 0x84
.byte 0x42, 0x74, 0x03, 0x74, 0xe3, 0x84, 0xa2, 0x7c, 0xa2, 0x84, 0xa4, 0x7c, 0x22, 0x6c, 0xa2, 0x63
.byte 0xc2, 0x52, 0xc0, 0x51, 0xc2, 0x6b, 0xe3, 0x74, 0x22, 0x75, 0x63, 0x74, 0x23, 0x6d, 0xe3, 0x84
.byte 0xe2, 0x84, 0x04, 0x85, 0xa3, 0x6c, 0x43, 0x6c, 0x43, 0x64, 0xc3, 0x63, 0xa2, 0x53, 0x61, 0x4a
.byte 0x00, 0x89, 0x22, 0xba, 0x00, 0x89, 0xc4, 0x72, 0xe4, 0xbe, 0xe4, 0xbe, 0xe4, 0xbe, 0xe4, 0xbe
.byte 0xe4, 0xbe, 0x64, 0xce, 0x48, 0xdd, 0x4a, 0xec, 0x66, 0xce, 0xe2, 0xbe, 0xe4, 0xbe, 0xe2, 0xbe
.byte 0xe4, 0xbe, 0x06, 0xc6, 0xe9, 0xd3, 0x6b, 0xe3, 0xca, 0xbb, 0xe7, 0xa2, 0x06, 0x83, 0xc5, 0x62
.byte 0xe2, 0x63, 0xa2, 0x63, 0xc4, 0x73, 0xe4, 0x53, 0xc2, 0x5b, 0xe3, 0x7c, 0x42, 0x6c, 0x22, 0x5a
.byte 0x60, 0x59, 0x02, 0x89, 0xe0, 0x68, 0x22, 0x75, 0xe2, 0x74, 0xe3, 0x74, 0x43, 0x6c, 0xa2, 0x74
.byte 0x62, 0x85, 0xa2, 0x8d, 0x43, 0x9e, 0xc2, 0x9d, 0x63, 0x8d, 0x42, 0x61, 0x60, 0x59, 0x82, 0x5a
.byte 0xe2, 0x5b, 0x82, 0x5b, 0x22, 0x5c, 0x43, 0x6c, 0x62, 0x64, 0x02, 0x64, 0x23, 0x64, 0xa2, 0x5b
.byte 0x42, 0x53, 0x22, 0x4a, 0x60, 0x51, 0x83, 0x95, 0xe2, 0xae, 0xc4, 0x8d, 0xc2, 0x65, 0xc2, 0x8d
.byte 0xc2, 0x8d, 0x63, 0x8d, 0x42, 0x6c, 0xe3, 0x53, 0xa3, 0x4b, 0x62, 0x33, 0x62, 0x64, 0x43, 0x5c
.byte 0x62, 0x74, 0x23, 0x75, 0xa3, 0x64, 0x63, 0x64, 0x63, 0x64, 0xc2, 0x53, 0xc3, 0x5b, 0x82, 0x64
.byte 0x46, 0x9d, 0xc9, 0xbd, 0xe7, 0xa4, 0x47, 0x7c, 0xa5, 0x73, 0xe5, 0x73, 0xc1, 0x59, 0x02, 0x64
.byte 0x04, 0x6c, 0x42, 0x64, 0x82, 0x53, 0xe2, 0x5b, 0x62, 0x53, 0xc2, 0x41, 0xe0, 0x48, 0x80, 0x50
.byte 0x80, 0x40, 0xa2, 0x7c, 0x63, 0x85, 0x23, 0x54, 0xa2, 0x64, 0xa3, 0x6c, 0x42, 0x75, 0xc3, 0x7d
.byte 0x02, 0x7d, 0xa3, 0x6c, 0x82, 0x74, 0x44, 0x64, 0xa2, 0x53, 0x82, 0x43, 0xa2, 0x4b, 0x82, 0x53
.byte 0xa2, 0x5b, 0x83, 0x74, 0xa4, 0x8d, 0x23, 0x9e, 0xc2, 0xae, 0x43, 0xae, 0xa2, 0xa6, 0x24, 0x96
.byte 0x62, 0x8e, 0xc6, 0xad, 0xec, 0xee, 0xea, 0xee, 0xea, 0xde, 0xec, 0xee, 0x44, 0x8d, 0xc2, 0x64
.byte 0x20, 0x65, 0xe2, 0x4b, 0xa0, 0x43, 0xc2, 0x43, 0xa0, 0x43, 0x22, 0x4c, 0x42, 0x4c, 0x60, 0x4c
.byte 0xe3, 0x4b, 0x45, 0x73, 0x05, 0x73, 0x22, 0x43, 0x41, 0x43, 0xa2, 0x3b, 0xe3, 0x5b, 0xe3, 0x74
.byte 0xc2, 0x64, 0x62, 0x6d, 0x22, 0x65, 0x42, 0x75, 0xc4, 0x9d, 0xe4, 0xae, 0x64, 0x9e, 0xe2, 0x9e
.byte 0x62, 0x76, 0x62, 0x66, 0xc2, 0x55, 0x62, 0x76, 0x42, 0x7e, 0x83, 0x85, 0x62, 0x64, 0x42, 0x54
.byte 0x42, 0x7d, 0xe3, 0x85, 0xa2, 0x95, 0x04, 0x75, 0x22, 0x4c, 0x22, 0x53, 0xc2, 0x52, 0xe2, 0x6c
.byte 0x42, 0x65, 0xc2, 0x4c, 0xa2, 0x5c, 0x82, 0x85, 0x43, 0x8e, 0x02, 0x96, 0xe4, 0x9e, 0xe2, 0x9e
.byte 0xa2, 0x85, 0xc2, 0x6c, 0xa2, 0x64, 0x63, 0x5c, 0xa2, 0x64, 0xa2, 0x5c, 0x02, 0x54, 0x42, 0x75
.byte 0x43, 0x8d, 0xe2, 0x6c, 0x43, 0x64, 0xe0, 0x48, 0xe2, 0x60, 0xc0, 0x30, 0xa2, 0x3b, 0xc2, 0x4b
.byte 0x22, 0x54, 0xa3, 0x64, 0xc2, 0x4b, 0x22, 0x5c, 0x43, 0x6c, 0xe2, 0x7c, 0xc2, 0x8d, 0x62, 0xae
.byte 0x62, 0xae, 0x62, 0xae, 0xc2, 0x9d, 0xc2, 0x9d, 0x40, 0x8d, 0x42, 0x8d, 0xc8, 0xdc, 0xac, 0xfb
.byte 0xac, 0xfb, 0x51, 0xed, 0x79, 0xef, 0xaa, 0xeb, 0xac, 0xfb, 0xac, 0xfb, 0x87, 0xb4, 0xe2, 0x84
.byte 0xa3, 0x74, 0xa2, 0x84, 0xe2, 0x8c, 0xa2, 0x9d, 0x82, 0x95, 0xe2, 0x7c, 0x82, 0x7c, 0x49, 0x6c
.byte 0x8b, 0x7c, 0x03, 0x64, 0xe2, 0x74, 0x62, 0x7d, 0x82, 0x75, 0xc2, 0x74, 0xa2, 0x75, 0xc2, 0x7d
.byte 0xe3, 0x7d, 0xc2, 0x8d, 0x62, 0x75, 0xa3, 0x74, 0x63, 0x64, 0xa2, 0x64, 0xc4, 0x63, 0xa3, 0x6c
.byte 0x64, 0x41, 0x80, 0x60, 0x82, 0x60, 0x40, 0x69, 0xa2, 0x85, 0x62, 0xae, 0xe4, 0xae, 0x62, 0xbe
.byte 0x64, 0x9e, 0xc8, 0xcc, 0xac, 0xfb, 0xac, 0xfb, 0xca, 0xdc, 0x64, 0xbe, 0x62, 0xbe, 0x62, 0xae
.byte 0x64, 0xbe, 0x64, 0xbe, 0xca, 0xec, 0xb0, 0xd5, 0x78, 0xce, 0x28, 0x9b, 0xe7, 0x92, 0x45, 0x7b
.byte 0x83, 0x63, 0xa2, 0x6c, 0x23, 0x6c, 0xa4, 0x73, 0x23, 0x9d, 0x44, 0x85, 0xa2, 0x6c, 0xa2, 0x4b
.byte 0xc2, 0x59, 0xe0, 0x58, 0x20, 0x5a, 0xc2, 0x64, 0x62, 0x7d, 0xe2, 0x7c, 0xa3, 0x8d, 0xa2, 0x95
.byte 0xc3, 0x9d, 0x22, 0xa6, 0x62, 0xae, 0x22, 0xa6, 0x82, 0x85, 0x63, 0x74, 0xc2, 0x63, 0xe2, 0x53
.byte 0xc2, 0x5b, 0x03, 0x6c, 0xe3, 0x74, 0xe2, 0x84, 0x22, 0x54, 0xa2, 0x64, 0x63, 0x6c, 0x62, 0x64
.byte 0xc2, 0x5b, 0xa2, 0x6c, 0xa4, 0x6c, 0x82, 0x95, 0xe4, 0xae, 0x62, 0x9e, 0x42, 0x65, 0x42, 0x65
.byte 0xe2, 0x5c, 0xc2, 0x54, 0xa3, 0x6c, 0x02, 0x54, 0xc2, 0x43, 0x42, 0x44, 0xe2, 0x74, 0x43, 0x7d
.byte 0x22, 0x5d, 0xc2, 0x7d, 0x02, 0x6e, 0xe3, 0x64, 0xe2, 0x64, 0x63, 0x6c, 0xc2, 0x5c, 0x42, 0x5c
.byte 0x42, 0x6d, 0x49, 0xc6, 0xaa, 0xbc, 0x07, 0xa4, 0xe7, 0x94, 0x06, 0x84, 0xe8, 0x94, 0x02, 0x64
.byte 0xe3, 0x7c, 0xa2, 0x74, 0x62, 0x74, 0x43, 0x5c, 0xc3, 0x5b, 0x82, 0x53, 0x42, 0x53, 0xc2, 0x4a
.byte 0x62, 0x4a, 0x43, 0x85, 0xe2, 0x95, 0x82, 0x85, 0xc2, 0x5c, 0x22, 0x5d, 0xe3, 0x7d, 0xc2, 0x8d
.byte 0x83, 0x75, 0x62, 0x75, 0x03, 0x75, 0x82, 0x6c, 0x83, 0x74, 0x22, 0x5c, 0x42, 0x4b, 0x23, 0x5c
.byte 0x03, 0x64, 0x02, 0x75, 0xc3, 0x7d, 0x02, 0x96, 0xe4, 0xae, 0xe2, 0xae, 0xe4, 0xae, 0xe2, 0xae
.byte 0x62, 0x9e, 0x62, 0x8e, 0xc2, 0x64, 0xc4, 0x64, 0xc2, 0x64, 0x42, 0x75, 0x44, 0x75, 0x62, 0x9e
.byte 0x42, 0x65, 0x22, 0x64, 0xc0, 0x4b, 0xa2, 0x4b, 0x20, 0x4c, 0xe2, 0x53, 0xc0, 0x54, 0x42, 0x44
.byte 0xe6, 0x8b, 0x6a, 0xcb, 0x29, 0xbb, 0xa7, 0x8b, 0xa2, 0x4b, 0x22, 0x4c, 0xc2, 0x54, 0x42, 0x75
.byte 0xa2, 0x85, 0xc2, 0x65, 0xc2, 0x44, 0x42, 0x55, 0x42, 0x65, 0xc2, 0x8d, 0x64, 0x9e, 0x62, 0x8e
.byte 0x64, 0x8e, 0xc2, 0x54, 0xa0, 0x23, 0xa2, 0x33, 0x62, 0x66, 0x22, 0x75, 0xe2, 0x54, 0xa2, 0x4c
.byte 0xe2, 0x8d, 0x04, 0x96, 0xa2, 0x65, 0xc2, 0x5c, 0x42, 0x54, 0x62, 0x54, 0x03, 0x64, 0xe2, 0x5c
.byte 0x62, 0x5d, 0xa2, 0x34, 0x40, 0x34, 0x42, 0x55, 0x62, 0x9e, 0x64, 0x9e, 0x62, 0x9e, 0x62, 0x8e
.byte 0x64, 0x76, 0x60, 0x54, 0x62, 0x54, 0x22, 0x6d, 0x42, 0x65, 0x62, 0x65, 0xe2, 0x5c, 0xa2, 0x54
.byte 0x22, 0x86, 0x42, 0x7d, 0xa2, 0x64, 0xc3, 0x53, 0xe0, 0x38, 0xa2, 0x42, 0xa0, 0x3b, 0xa2, 0x43
.byte 0x80, 0x3b, 0xa2, 0x43, 0xe2, 0x53, 0x01, 0x4c, 0x22, 0x4c, 0xc2, 0x6c, 0x42, 0x7d, 0x62, 0x8e
.byte 0xc2, 0x8d, 0xc2, 0x8d, 0xc2, 0x9d, 0xc2, 0x9d, 0x42, 0x75, 0xc2, 0x8c, 0xc2, 0x8c, 0x48, 0xcc
.byte 0x4a, 0xdc, 0xc6, 0xac, 0x42, 0x9d, 0xc4, 0xac, 0x4c, 0xec, 0x48, 0xdc, 0x24, 0x95, 0x22, 0x95
.byte 0x42, 0x95, 0x42, 0x95, 0xe2, 0x9d, 0xa2, 0xa5, 0xa2, 0x85, 0x42, 0x8d, 0xa0, 0x64, 0xb4, 0xbd
.byte 0xb4, 0xa5, 0x90, 0xa5, 0x42, 0x54, 0xe2, 0x6c, 0x22, 0x75, 0x22, 0x55, 0x42, 0x65, 0x42, 0x65
.byte 0xc2, 0x65, 0xc2, 0x75, 0xa2, 0x65, 0xe2, 0x54, 0x02, 0x5d, 0xe3, 0x6c, 0x22, 0x6d, 0xa3, 0x74
.byte 0x41, 0x33, 0x45, 0x2a, 0x86, 0x41, 0x86, 0x31, 0x43, 0x5c, 0xc2, 0x8d, 0x62, 0xae, 0x62, 0xae
.byte 0x62, 0xae, 0x44, 0x9d, 0xac, 0xeb, 0x4c, 0xec, 0xc4, 0xac, 0xc4, 0x9d, 0x62, 0xae, 0x62, 0xae
.byte 0xc2, 0x8d, 0x46, 0xcd, 0xac, 0xfb, 0x2e, 0xd5, 0x2e, 0xbd, 0x29, 0xbb, 0x67, 0xa3, 0xe3, 0x6b
.byte 0x44, 0x64, 0x62, 0x5c, 0xe7, 0xa3, 0x8b, 0xe3, 0x09, 0xd4, 0x83, 0x85, 0x42, 0x54, 0x02, 0x44
.byte 0xc2, 0x4b, 0x22, 0x53, 0x42, 0x4b, 0xc2, 0x5c, 0xc2, 0x8d, 0x43, 0x9e, 0xc2, 0x8d, 0x22, 0x96
.byte 0x62, 0x9e, 0xc2, 0x8d, 0xc2, 0x8d, 0xc4, 0x8d, 0x82, 0x85, 0x83, 0x6c, 0xc2, 0x5b, 0x02, 0x64
.byte 0xe3, 0x7c, 0xe2, 0x84, 0x83, 0x85, 0xe2, 0x6c, 0x62, 0x54, 0x82, 0x54, 0x82, 0x85, 0x22, 0x75
.byte 0x64, 0x6c, 0x62, 0x6c, 0xa2, 0x74, 0xa2, 0x85, 0x62, 0xae, 0x64, 0x9e, 0x62, 0x9e, 0x42, 0x65
.byte 0xa2, 0x54, 0xe2, 0x5c, 0xc2, 0x5c, 0xa2, 0x5c, 0x40, 0x24, 0xc2, 0x7d, 0x42, 0x8e, 0x22, 0x55
.byte 0x42, 0x34, 0xc2, 0x65, 0x22, 0x54, 0xa2, 0x6d, 0x42, 0x75, 0x02, 0x65, 0x42, 0x5d, 0xa0, 0x23
.byte 0xc4, 0x64, 0xc6, 0x9d, 0xac, 0xf3, 0xea, 0xcb, 0x47, 0xb5, 0x27, 0x8d, 0x03, 0x64, 0x62, 0x5c
.byte 0xa3, 0x95, 0xc2, 0x9d, 0x63, 0x75, 0x42, 0x64, 0xc2, 0x4b, 0x62, 0x5c, 0xc3, 0x5b, 0x23, 0x5c
.byte 0x62, 0x64, 0x83, 0x85, 0xa2, 0x96, 0x62, 0x9e, 0xa2, 0x75, 0xa2, 0x54, 0x40, 0x55, 0x42, 0x65
.byte 0x62, 0x76, 0x02, 0x86, 0x82, 0x75, 0xc3, 0x75, 0x22, 0x6d, 0x62, 0x6c, 0xc2, 0x4b, 0x02, 0x3c
.byte 0x62, 0x6c, 0x23, 0x75, 0xe2, 0x85, 0x22, 0x86, 0xc2, 0x75, 0x62, 0x8e, 0xe2, 0x9e, 0xe2, 0xae
.byte 0xe4, 0xbe, 0x62, 0x9e, 0x62, 0x8e, 0xa2, 0x33, 0xa2, 0x33, 0xa0, 0x33, 0x42, 0x75, 0x62, 0x76
.byte 0x62, 0x9e, 0x42, 0x65, 0xa0, 0x43, 0x20, 0x44, 0x22, 0x44, 0xc0, 0x44, 0x42, 0x54, 0xa0, 0x43
.byte 0x44, 0x74, 0xaa, 0xe3, 0xac, 0xe3, 0xa4, 0x73, 0x22, 0x44, 0xe2, 0x43, 0xa2, 0x54, 0x42, 0x65
.byte 0xc2, 0x75, 0x42, 0x65, 0x40, 0x44, 0x42, 0x44, 0x42, 0x55, 0x42, 0x65, 0xc2, 0x75, 0x64, 0x8e
.byte 0x62, 0x76, 0xc2, 0x54, 0x20, 0x33, 0x22, 0x22, 0x20, 0x33, 0xc2, 0x65, 0xc2, 0x24, 0x62, 0x8e
.byte 0xe2, 0x9e, 0x42, 0x55, 0x42, 0x34, 0x00, 0x23, 0xc2, 0x5c, 0xa3, 0x64, 0xe2, 0x64, 0x22, 0x6d
.byte 0xa2, 0x44, 0xc2, 0x34, 0xa0, 0x23, 0x42, 0x44, 0xc2, 0x65, 0x62, 0x8e, 0x62, 0x9e, 0x62, 0x9e
.byte 0x62, 0x8e, 0x42, 0x65, 0x02, 0x54, 0x62, 0x54, 0xe2, 0x6d, 0x02, 0x76, 0x62, 0x66, 0x42, 0x44
.byte 0xc0, 0x54, 0x42, 0x6d, 0x43, 0x75, 0x02, 0x64, 0x62, 0x54, 0x62, 0x4c, 0x42, 0x44, 0x00, 0x44
.byte 0xa2, 0x33, 0x80, 0x43, 0x80, 0x33, 0xe2, 0x4b, 0xa0, 0x4b, 0xc2, 0x5b, 0xa0, 0x64, 0x42, 0x75
.byte 0xc0, 0x64, 0xc2, 0x74, 0xc0, 0x64, 0xc2, 0x64, 0xc0, 0x74, 0xc0, 0x74, 0x42, 0x54, 0xa2, 0x63
.byte 0x42, 0x64, 0x42, 0x8d, 0xc2, 0x9d, 0x42, 0x8d, 0xc2, 0x8c, 0xc2, 0x74, 0xc2, 0x74, 0xa2, 0x95
.byte 0x02, 0x96, 0x22, 0xa6, 0x62, 0xae, 0x62, 0xae, 0xc2, 0x9d, 0xc2, 0x9d, 0x02, 0x96, 0x49, 0x8d
.byte 0x70, 0x95, 0x05, 0x5c, 0xe2, 0x4b, 0xa0, 0x54, 0xc2, 0x54, 0xc2, 0x64, 0xc2, 0x54, 0x40, 0x44
.byte 0x42, 0x34, 0xc2, 0x54, 0xc2, 0x65, 0x40, 0x44, 0x22, 0x34, 0xe0, 0x43, 0x22, 0x5d, 0x42, 0x75
.byte 0xc2, 0x2a, 0x01, 0x33, 0x02, 0x4c, 0xe3, 0x5b, 0xa3, 0x43, 0xa0, 0x43, 0xc2, 0x64, 0x62, 0x9e
.byte 0x64, 0xae, 0xc2, 0x9d, 0xc4, 0x74, 0x44, 0x74, 0xc2, 0x74, 0xc2, 0x8d, 0x62, 0xae, 0x64, 0xae
.byte 0xc2, 0x75, 0x44, 0x9d, 0xc6, 0xac, 0x42, 0x8d, 0x2c, 0xf4, 0x8b, 0xe3, 0x6a, 0xd3, 0x62, 0x54
.byte 0xa2, 0x54, 0xa0, 0x43, 0x46, 0xac, 0x4c, 0xfc, 0x4a, 0xdc, 0x24, 0x64, 0x02, 0x54, 0xa2, 0x54
.byte 0x02, 0x44, 0xa2, 0x32, 0xe2, 0x32, 0x22, 0x65, 0x02, 0x96, 0x62, 0x9e, 0x62, 0x8e, 0x42, 0x75
.byte 0x42, 0x65, 0x42, 0x54, 0x62, 0x9e, 0x62, 0x9e, 0x62, 0x7d, 0x02, 0x5c, 0x22, 0x75, 0xe3, 0x84
.byte 0xa2, 0x85, 0xc3, 0x9d, 0x22, 0x86, 0xc2, 0x54, 0x42, 0x44, 0xc2, 0x54, 0x22, 0x65, 0xc2, 0x8d
.byte 0xa2, 0x75, 0xe2, 0x6c, 0x22, 0x54, 0xe2, 0x5c, 0x42, 0x65, 0x62, 0x8e, 0xc2, 0x8d, 0xc2, 0x65
.byte 0xc2, 0x54, 0x42, 0x44, 0x20, 0x23, 0x42, 0x34, 0xa0, 0x33, 0xc2, 0x8d, 0x42, 0x55, 0xa2, 0x33
.byte 0xa0, 0x32, 0xa2, 0x23, 0x42, 0x44, 0x02, 0x76, 0xa2, 0x65, 0xe2, 0x5c, 0xa2, 0x33, 0xc6, 0x8c
.byte 0x6c, 0xff, 0xec, 0xfe, 0x6c, 0xfe, 0x26, 0x84, 0xe2, 0x6c, 0xc2, 0x74, 0x22, 0x85, 0xe2, 0x6c
.byte 0xa2, 0x74, 0xc2, 0x75, 0x02, 0x86, 0xe2, 0x6d, 0x42, 0x43, 0x42, 0x33, 0x22, 0x4c, 0x62, 0x64
.byte 0x22, 0x6d, 0x82, 0x85, 0x62, 0x8e, 0xe2, 0x9e, 0xc2, 0x75, 0xc2, 0x54, 0x42, 0x44, 0xc0, 0x54
.byte 0xc2, 0x54, 0x42, 0x55, 0xc2, 0x75, 0xa2, 0x75, 0xc2, 0x5d, 0xe2, 0x5c, 0x42, 0x4c, 0xa2, 0x43
.byte 0x40, 0x44, 0x22, 0x5d, 0xa2, 0x85, 0xe2, 0x9e, 0x64, 0x76, 0x42, 0x75, 0x42, 0x54, 0x42, 0x75
.byte 0x62, 0x8e, 0x62, 0x8e, 0x62, 0x8e, 0x62, 0x8e, 0x22, 0x33, 0x20, 0x33, 0xa2, 0x33, 0xa0, 0x33
.byte 0xc2, 0x54, 0x42, 0x64, 0xa2, 0x43, 0x46, 0x9d, 0xec, 0xfe, 0xc2, 0x64, 0xc2, 0x44, 0x40, 0x44
.byte 0x22, 0x32, 0xa4, 0x63, 0xa4, 0x53, 0x22, 0x33, 0xa0, 0x33, 0x42, 0x44, 0x40, 0x44, 0xc2, 0x44
.byte 0x42, 0x55, 0x42, 0x55, 0xc2, 0x44, 0xa0, 0x33, 0x42, 0x44, 0xc0, 0x44, 0xc2, 0x54, 0xc2, 0x65
.byte 0xc2, 0x65, 0x62, 0x66, 0xc2, 0x34, 0x20, 0x33, 0x20, 0x22, 0x42, 0x34, 0xa0, 0x33, 0xc2, 0x8d
.byte 0x42, 0x55, 0xa2, 0x33, 0xa0, 0x22, 0xa2, 0x32, 0x82, 0x54, 0x82, 0x65, 0xe2, 0x6d, 0xe2, 0x44
.byte 0x42, 0x34, 0x20, 0x33, 0xa2, 0x23, 0xa0, 0x33, 0xc2, 0x44, 0x42, 0x55, 0xc2, 0x65, 0x64, 0x8e
.byte 0x62, 0x8e, 0x42, 0x65, 0x40, 0x54, 0x42, 0x44, 0x42, 0x44, 0xc0, 0x55, 0x42, 0x65, 0xa2, 0x33
.byte 0x40, 0x34, 0x22, 0x44, 0x40, 0x4c, 0x22, 0x55, 0x63, 0x54, 0xe2, 0x64, 0x22, 0x5d, 0xa0, 0x44
.byte 0x22, 0x33, 0xa0, 0x43, 0xa2, 0x33, 0xa0, 0x33, 0xa2, 0x43, 0xa0, 0x54, 0x42, 0x54, 0xa0, 0x53
.byte 0xa2, 0x53, 0x40, 0x64, 0xc0, 0x64, 0xc8, 0x9c, 0xd9, 0xdd, 0xd9, 0xdd, 0x46, 0x74, 0xa0, 0x43
.byte 0x42, 0x54, 0xc0, 0x74, 0xc2, 0x8d, 0xc2, 0x8d, 0xa0, 0x53, 0xa0, 0x63, 0xc2, 0x64, 0xc0, 0x64
.byte 0x42, 0x75, 0xc2, 0x8d, 0x62, 0x9e, 0xc2, 0xad, 0x62, 0xae, 0x62, 0x8e, 0x42, 0x8d, 0x40, 0x65
.byte 0x22, 0x54, 0xa0, 0x43, 0xa2, 0x43, 0xa2, 0x43, 0x40, 0x44, 0xc2, 0x44, 0x40, 0x44, 0x22, 0x33
.byte 0x20, 0x33, 0xa0, 0x33, 0x42, 0x34, 0xa2, 0x33, 0xa0, 0x33, 0x22, 0x23, 0x20, 0x33, 0x22, 0x44
.byte 0x60, 0x32, 0xe0, 0x2a, 0x62, 0x3b, 0x62, 0x64, 0xe0, 0x5b, 0xa2, 0x33, 0xa2, 0x43, 0xa0, 0x43
.byte 0x42, 0x75, 0x62, 0xae, 0x42, 0x65, 0x42, 0x54, 0xc2, 0x64, 0xc2, 0x64, 0xc2, 0x75, 0xc2, 0x9d
.byte 0x42, 0x75, 0xc2, 0x75, 0xc2, 0x75, 0xc2, 0x75, 0xc8, 0xdc, 0xac, 0xeb, 0x48, 0xac, 0xa2, 0x43
.byte 0xa0, 0x33, 0xa2, 0x32, 0x42, 0x54, 0xc6, 0x9c, 0x44, 0x74, 0x42, 0x44, 0xa2, 0x33, 0x80, 0x54
.byte 0x22, 0x3b, 0xc0, 0x32, 0x62, 0x33, 0xc2, 0x7d, 0x62, 0x9e, 0x62, 0x8e, 0x42, 0x65, 0xc2, 0x54
.byte 0x42, 0x44, 0x42, 0x65, 0xc2, 0x9d, 0xc2, 0x54, 0x42, 0x44, 0x42, 0x8d, 0xe4, 0x9d, 0xc2, 0x8d
.byte 0xa2, 0x75, 0x62, 0x9e, 0x42, 0x75, 0x42, 0x44, 0x40, 0x44, 0xc2, 0x54, 0xc2, 0x54, 0x42, 0x65
.byte 0x22, 0x96, 0x02, 0x96, 0x22, 0x65, 0x42, 0x54, 0xc2, 0x54, 0x42, 0x54, 0x42, 0x65, 0x42, 0x65
.byte 0xc2, 0x64, 0x40, 0x54, 0x20, 0x32, 0x22, 0x23, 0xa0, 0x32, 0x42, 0x65, 0x42, 0x34, 0x20, 0x32
.byte 0x22, 0x22, 0x20, 0x22, 0x42, 0x44, 0x64, 0x66, 0x40, 0x55, 0x42, 0x34, 0xa0, 0x22, 0xec, 0xee
.byte 0x6c, 0xff, 0x6c, 0xff, 0x6c, 0xff, 0xa2, 0x33, 0x42, 0x65, 0xa2, 0x75, 0x06, 0x96, 0xc6, 0x8d
.byte 0xa0, 0x33, 0x42, 0x34, 0x42, 0x75, 0x62, 0x76, 0xa2, 0x54, 0xc9, 0xc5, 0x0a, 0xce, 0x2a, 0xce
.byte 0xa2, 0x5c, 0xa2, 0x65, 0xc2, 0x75, 0x62, 0x8e, 0xc2, 0x65, 0xc2, 0x54, 0xc0, 0x44, 0x42, 0x44
.byte 0xc2, 0x44, 0xc2, 0x44, 0xc2, 0x54, 0xc0, 0x44, 0x42, 0x55, 0x42, 0x65, 0xc2, 0x65, 0xa0, 0x23
.byte 0xa2, 0x43, 0xc0, 0x44, 0xc2, 0x44, 0xc2, 0x54, 0x40, 0x55, 0xc2, 0x75, 0x42, 0x65, 0xa2, 0x33
.byte 0x42, 0x34, 0xc2, 0x54, 0x42, 0x75, 0x62, 0x76, 0x22, 0x43, 0x20, 0x32, 0xa2, 0x32, 0x22, 0x33
.byte 0x22, 0x33, 0x40, 0x44, 0xf3, 0xce, 0x73, 0xff, 0x6c, 0xff, 0xc8, 0xad, 0x40, 0x44, 0x42, 0x44
.byte 0x20, 0x43, 0x80, 0x21, 0x22, 0x32, 0x20, 0x33, 0xa2, 0x23, 0x20, 0x33, 0x42, 0x34, 0x40, 0x44
.byte 0xc2, 0x44, 0xc2, 0x54, 0xc0, 0x44, 0x42, 0x44, 0xa2, 0x33, 0x42, 0x44, 0xc0, 0x44, 0x42, 0x44
.byte 0xc2, 0x44, 0xc2, 0x65, 0x62, 0x66, 0xa2, 0x23, 0x80, 0x31, 0x22, 0x23, 0xa0, 0x32, 0x42, 0x65
.byte 0x42, 0x34, 0x20, 0x22, 0x80, 0x21, 0x00, 0x21, 0xa2, 0x43, 0x62, 0x76, 0xc2, 0x55, 0x40, 0x34
.byte 0x22, 0x33, 0x20, 0x23, 0xa2, 0x32, 0xa0, 0x33, 0xa2, 0x23, 0x40, 0x44, 0x42, 0x55, 0xc0, 0x54
.byte 0x62, 0x8e, 0x42, 0x65, 0x42, 0x54, 0xa0, 0x43, 0x22, 0x43, 0x42, 0x44, 0x42, 0x55, 0x40, 0x54
.byte 0xa2, 0x33, 0xa0, 0x33, 0xa2, 0x33, 0x80, 0x33, 0xa2, 0x3b, 0xc2, 0x4c, 0x22, 0x65, 0x42, 0x65
.byte 0x40, 0x44, 0xa2, 0x33, 0x20, 0x43, 0x20, 0x33, 0xa2, 0x43, 0x20, 0x33, 0xa2, 0x53, 0x40, 0x54
.byte 0xa2, 0x43, 0x20, 0x43, 0x24, 0x53, 0x7d, 0xee, 0xdd, 0xfd, 0x7d, 0xfe, 0xdd, 0xfd, 0xa6, 0x53
.byte 0xa0, 0x43, 0x40, 0x54, 0xc2, 0x64, 0x42, 0x75, 0xa0, 0x43, 0xa2, 0x32, 0x20, 0x63, 0xa0, 0x53
.byte 0xa2, 0x53, 0xa0, 0x53, 0xc2, 0x64, 0xc0, 0x8d, 0x62, 0xae, 0xc2, 0x9d, 0xc0, 0x75, 0xa2, 0x33
.byte 0xd1, 0xac, 0xd9, 0xdd, 0x53, 0xbd, 0x20, 0x32, 0x20, 0x32, 0xa2, 0x32, 0x20, 0x33, 0xa2, 0x32
.byte 0xa0, 0x32, 0xa2, 0x32, 0xa0, 0x32, 0xa0, 0x33, 0xa2, 0x33, 0xa0, 0x22, 0xa2, 0x32, 0x20, 0x23
.byte 0x00, 0x32, 0x80, 0x32, 0xe1, 0x32, 0x80, 0x43, 0x22, 0x54, 0xa0, 0x43, 0x22, 0x43, 0xa0, 0x33
.byte 0x22, 0x43, 0xa0, 0x43, 0xc2, 0x74, 0xa0, 0x53, 0xa0, 0x43, 0x42, 0x54, 0xc2, 0x54, 0x40, 0x75
.byte 0x42, 0x75, 0x42, 0x65, 0x42, 0x8d, 0xc2, 0x75, 0x40, 0x75, 0xc2, 0x54, 0xa2, 0x43, 0xa2, 0x33
.byte 0xa0, 0x32, 0x20, 0x33, 0xa2, 0x53, 0x42, 0x55, 0x40, 0x44, 0x22, 0x33, 0xa0, 0x33, 0x22, 0x33
.byte 0x02, 0x23, 0x00, 0x33, 0xe2, 0x53, 0x22, 0x96, 0x64, 0x8e, 0x42, 0x55, 0x42, 0x44, 0x40, 0x44
.byte 0x42, 0x44, 0x42, 0x44, 0x42, 0x44, 0x42, 0x44, 0x42, 0x8d, 0x62, 0x9e, 0xc2, 0x8d, 0x42, 0x65
.byte 0xc2, 0x75, 0x62, 0x9e, 0xc2, 0x54, 0x42, 0x44, 0xa2, 0x43, 0x40, 0x44, 0x42, 0x54, 0xc2, 0x54
.byte 0x42, 0x65, 0x62, 0x9e, 0xc2, 0x75, 0xa2, 0x33, 0xa0, 0x43, 0x42, 0x54, 0x42, 0x54, 0x40, 0x54
.byte 0xc2, 0x54, 0x42, 0x54, 0x20, 0x33, 0x80, 0x31, 0x22, 0x22, 0xa2, 0x43, 0x20, 0x32, 0x20, 0x22
.byte 0x00, 0x21, 0x82, 0x21, 0x40, 0x34, 0xc2, 0x65, 0xa2, 0x33, 0xa0, 0x22, 0x20, 0x32, 0xa6, 0x73
.byte 0x6c, 0xff, 0xec, 0xfe, 0xec, 0xee, 0x42, 0x54, 0x42, 0x34, 0xc2, 0x44, 0x44, 0x75, 0x62, 0x76
.byte 0xa2, 0x33, 0x22, 0x33, 0xa2, 0x33, 0xa0, 0x33, 0x42, 0x65, 0xec, 0xee, 0x0c, 0xf7, 0x8c, 0xf6
.byte 0xa6, 0x74, 0xa2, 0x33, 0x40, 0x34, 0x42, 0x55, 0x42, 0x65, 0xc0, 0x44, 0xc2, 0x44, 0x42, 0x44
.byte 0x40, 0x44, 0xa2, 0x33, 0xa0, 0x33, 0x42, 0x34, 0x42, 0x34, 0xc2, 0x44, 0x42, 0x55, 0xc2, 0x65
.byte 0x42, 0x34, 0x22, 0x33, 0x42, 0x44, 0x40, 0x44, 0x42, 0x34, 0x42, 0x34, 0x42, 0x54, 0x42, 0x44
.byte 0xa0, 0x33, 0x22, 0x33, 0x22, 0x33, 0x42, 0x64, 0xc2, 0x64, 0x80, 0x31, 0x20, 0x22, 0x20, 0x32
.byte 0x20, 0x32, 0x22, 0x23, 0xca, 0xad, 0x6e, 0xff, 0xec, 0xfe, 0xa4, 0x43, 0xa0, 0x33, 0x42, 0x34
.byte 0x20, 0x32, 0x82, 0x31, 0x20, 0x22, 0x82, 0x31, 0xa0, 0x23, 0x22, 0x33, 0xa0, 0x23, 0xa2, 0x33
.byte 0x20, 0x33, 0x42, 0x54, 0xc2, 0x44, 0xc0, 0x44, 0xa2, 0x33, 0x20, 0x33, 0x22, 0x33, 0xa0, 0x43
.byte 0x42, 0x44, 0x40, 0x34, 0xc2, 0x34, 0xc0, 0x34, 0xa2, 0x22, 0x80, 0x31, 0x20, 0x32, 0x42, 0x44
.byte 0x20, 0x32, 0x22, 0x32, 0x00, 0x21, 0x80, 0x21, 0xa2, 0x43, 0x62, 0x76, 0x42, 0x34, 0xa2, 0x33
.byte 0xa2, 0x32, 0x20, 0x22, 0x20, 0x32, 0xa2, 0x23, 0xa0, 0x33, 0xa2, 0x33, 0xa2, 0x33, 0x42, 0x44
.byte 0xc2, 0x44, 0x42, 0x65, 0x42, 0x54, 0xa0, 0x43, 0xa0, 0x22, 0x22, 0x43, 0xa0, 0x43, 0x42, 0x44
.byte 0x22, 0x33, 0x20, 0x33, 0xa2, 0x33, 0xa0, 0x33, 0xa0, 0x33, 0xa2, 0x33, 0xa0, 0x33, 0xa0, 0x33
.byte 0xa2, 0x43, 0xa0, 0x33, 0xa0, 0x33, 0x22, 0x43, 0xa0, 0x32, 0xa0, 0x42, 0x20, 0x33, 0x22, 0x43
.byte 0xa0, 0x53, 0x42, 0x44, 0x20, 0x42, 0x2a, 0x73, 0xae, 0xeb, 0x59, 0xed, 0x55, 0xcd, 0x24, 0x53
.byte 0xa0, 0x32, 0xa2, 0x43, 0xa0, 0x43, 0xc2, 0x64, 0xc0, 0x44, 0xa0, 0x42, 0x20, 0x32, 0xa2, 0x42
.byte 0x20, 0x43, 0xa0, 0x53, 0xa2, 0x53, 0xa0, 0x53, 0xc2, 0x64, 0x62, 0x8e, 0xc2, 0x75, 0xa4, 0x53
.byte 0xdd, 0xfd, 0xdd, 0xfd, 0xdd, 0xed, 0x20, 0x32, 0x22, 0x32, 0x80, 0x21, 0x22, 0x32, 0x20, 0x22
.byte 0x22, 0x32, 0x20, 0x22, 0xa0, 0x32, 0xa2, 0x22, 0x20, 0x33, 0xa0, 0x22, 0x80, 0x31, 0x22, 0x22
.byte 0x20, 0x32, 0x20, 0x32, 0xa0, 0x32, 0xa2, 0x43, 0x20, 0x33, 0x22, 0x43, 0x20, 0x43, 0x22, 0x43
.byte 0x20, 0x33, 0xa2, 0x43, 0xa0, 0x43, 0xa2, 0x53, 0xa0, 0x32, 0xa0, 0x43, 0xa2, 0x53, 0x40, 0x54
.byte 0x42, 0x75, 0x40, 0x64, 0x42, 0x65, 0x40, 0x75, 0xc2, 0x54, 0x42, 0x54, 0xa0, 0x32, 0xa0, 0x32
.byte 0xa2, 0x32, 0x22, 0x33, 0x40, 0x54, 0x42, 0x44, 0xa2, 0x33, 0x20, 0x33, 0xa2, 0x33, 0x20, 0x23
.byte 0x22, 0x33, 0xa0, 0x23, 0xc2, 0x64, 0x62, 0x9e, 0x42, 0x65, 0x40, 0x44, 0xa2, 0x33, 0xa2, 0x33
.byte 0x40, 0x44, 0x42, 0x44, 0x40, 0x44, 0xc2, 0x54, 0x62, 0x9e, 0x62, 0x9e, 0xc2, 0x54, 0x42, 0x54
.byte 0x42, 0x65, 0x62, 0x9e, 0x42, 0x54, 0x40, 0x44, 0xa0, 0x33, 0xa2, 0x33, 0x42, 0x44, 0x40, 0x54
.byte 0x42, 0x54, 0xc2, 0x54, 0x42, 0x75, 0x42, 0x64, 0xa0, 0x22, 0xa0, 0x32, 0xa2, 0x43, 0xc2, 0x44
.byte 0xc2, 0x54, 0x40, 0x54, 0x22, 0x33, 0x80, 0x31, 0x80, 0x21, 0xa0, 0x32, 0x20, 0x22, 0x82, 0x21
.byte 0x80, 0x21, 0x80, 0x21, 0xa2, 0x33, 0xc2, 0x34, 0xa0, 0x32, 0x22, 0x22, 0x80, 0x31, 0x22, 0x32
.byte 0x48, 0xbd, 0xc6, 0x9c, 0x22, 0x22, 0xa2, 0x32, 0xa2, 0x23, 0xa0, 0x33, 0x42, 0x34, 0xc2, 0x65
.byte 0xa2, 0x33, 0xa0, 0x32, 0x20, 0x32, 0x22, 0x23, 0x20, 0x33, 0x42, 0x44, 0xc8, 0xad, 0xc8, 0xad
.byte 0xa2, 0x32, 0x20, 0x33, 0x42, 0x44, 0x42, 0x34, 0xc2, 0x55, 0x42, 0x65, 0xc2, 0x44, 0xc0, 0x44
.byte 0xa2, 0x33, 0xa0, 0x33, 0x22, 0x33, 0x20, 0x23, 0xa0, 0x33, 0xa2, 0x33, 0x40, 0x34, 0xc2, 0x34
.byte 0xc2, 0x45, 0xa0, 0x33, 0xa0, 0x22, 0x22, 0x32, 0x20, 0x22, 0xa2, 0x32, 0x20, 0x33, 0xa0, 0x22
.byte 0x22, 0x32, 0xa0, 0x22, 0x20, 0x33, 0xa2, 0x32, 0xa0, 0x33, 0x20, 0x22, 0x22, 0x32, 0x80, 0x31
.byte 0x22, 0x22, 0x20, 0x32, 0x22, 0x33, 0x44, 0x64, 0x44, 0x74, 0x22, 0x33, 0x20, 0x23, 0x22, 0x33
.byte 0xa0, 0x23, 0x80, 0x31, 0x80, 0x21, 0x20, 0x32, 0xa2, 0x32, 0xa0, 0x23, 0xa2, 0x32, 0x20, 0x22
.byte 0xa0, 0x33, 0xa2, 0x23, 0x40, 0x34, 0x42, 0x44, 0x42, 0x44, 0xa0, 0x33, 0xa0, 0x32, 0x22, 0x22
.byte 0x20, 0x32, 0xa2, 0x32, 0x20, 0x23, 0xa2, 0x32, 0x20, 0x22, 0x20, 0x32, 0x82, 0x21, 0xa0, 0x32
.byte 0x20, 0x22, 0x20, 0x22, 0x02, 0x21, 0x80, 0x21, 0xc2, 0x54, 0xc2, 0x65, 0xa2, 0x23, 0xa0, 0x32
.byte 0x80, 0x21, 0x82, 0x31, 0x20, 0x22, 0xa0, 0x33, 0x22, 0x33, 0xa0, 0x22, 0x20, 0x33, 0xa0, 0x23
.byte 0x42, 0x44, 0xc0, 0x54, 0x42, 0x54, 0x40, 0x44, 0xa2, 0x32, 0x20, 0x22, 0x20, 0x33, 0xa2, 0x33
.byte 0xa0, 0x33, 0xa0, 0x32, 0x22, 0x22, 0x20, 0x33, 0x22, 0x33, 0x20, 0x33, 0x20, 0x33, 0xa2, 0x33
.byte 0xa0, 0x33, 0xa0, 0x43, 0x22, 0x33, 0xa0, 0x32, 0x20, 0x32, 0x20, 0x32, 0xa2, 0x32, 0x20, 0x42
.byte 0xa0, 0x32, 0x22, 0x43, 0xa0, 0x43, 0xa2, 0x32, 0xa4, 0x62, 0x53, 0xac, 0x24, 0x53, 0x22, 0x33
.byte 0xa0, 0x42, 0x80, 0x41, 0x00, 0x31, 0x20, 0x43, 0xa0, 0x53, 0x42, 0x34, 0x20, 0x42, 0x20, 0x32
.byte 0x20, 0x42, 0x20, 0x32, 0x22, 0x42, 0x20, 0x43, 0xa2, 0x42, 0xa0, 0x52, 0x42, 0x64, 0xa0, 0x53
.byte 0xae, 0x9b, 0x57, 0xcd, 0x53, 0xac, 0x20, 0x32, 0x80, 0x21, 0x80, 0x31, 0x80, 0x21, 0x80, 0x31
.byte 0x80, 0x21, 0x20, 0x32, 0x22, 0x22, 0x20, 0x32, 0x20, 0x32, 0x22, 0x22, 0x20, 0x32, 0x80, 0x21
.byte 0x80, 0x31, 0x22, 0x32, 0x20, 0x32, 0xa0, 0x42, 0x22, 0x43, 0x20, 0x32, 0x20, 0x43, 0x20, 0x32
.byte 0xa0, 0x42, 0x20, 0x33, 0x22, 0x43, 0xa0, 0x43, 0xa2, 0x42, 0x20, 0x32, 0x22, 0x33, 0xa0, 0x43
.byte 0xa2, 0x43, 0x20, 0x43, 0xa2, 0x53, 0x40, 0x64, 0xc2, 0x64, 0x80, 0x31, 0x80, 0x31, 0x82, 0x31
.byte 0xa0, 0x22, 0x20, 0x43, 0x42, 0x54, 0xa0, 0x33, 0x22, 0x23, 0x20, 0x33, 0x22, 0x23, 0x20, 0x33
.byte 0x22, 0x23, 0x22, 0x33, 0x42, 0x65, 0xc2, 0x75, 0xc2, 0x54, 0xa2, 0x33, 0x20, 0x33, 0x42, 0x44
.byte 0xa2, 0x43, 0x40, 0x34, 0x42, 0x44, 0x42, 0x75, 0xc2, 0x9d, 0xc2, 0x54, 0x42, 0x44, 0x20, 0x43
.byte 0xc2, 0x64, 0xc2, 0x75, 0x42, 0x44, 0x22, 0x33, 0x80, 0x31, 0xa0, 0x33, 0xa2, 0x33, 0xa0, 0x32
.byte 0x20, 0x32, 0xa2, 0x43, 0x40, 0x44, 0xc2, 0x64, 0x22, 0x33, 0x20, 0x22, 0x80, 0x31, 0x20, 0x32
.byte 0xa2, 0x33, 0xa2, 0x53, 0xa0, 0x33, 0x02, 0x21, 0x80, 0x21, 0x80, 0x21, 0x20, 0x22, 0x00, 0x11
.byte 0x80, 0x31, 0x80, 0x21, 0x22, 0x33, 0x20, 0x23, 0x82, 0x31, 0x80, 0x21, 0x20, 0x32, 0x82, 0x21
.byte 0x20, 0x32, 0x22, 0x32, 0x82, 0x21, 0x20, 0x32, 0x20, 0x32, 0xa2, 0x22, 0xa0, 0x33, 0x42, 0x34
.byte 0xc2, 0x44, 0x20, 0x23, 0x82, 0x31, 0x80, 0x31, 0xa0, 0x32, 0x82, 0x31, 0xa0, 0x32, 0xa2, 0x32
.byte 0x22, 0x32, 0x20, 0x32, 0xa2, 0x32, 0x20, 0x32, 0xa2, 0x32, 0xa0, 0x33, 0xc2, 0x55, 0xc2, 0x44
.byte 0x42, 0x44, 0xa0, 0x32, 0x20, 0x32, 0x82, 0x21, 0xa0, 0x22, 0x22, 0x33, 0xa0, 0x22, 0x22, 0x33
.byte 0x42, 0x34, 0xc0, 0x34, 0x22, 0x22, 0x20, 0x32, 0x20, 0x22, 0x22, 0x32, 0x20, 0x22, 0xa2, 0x32
.byte 0x20, 0x22, 0x22, 0x32, 0x20, 0x22, 0x22, 0x22, 0xa0, 0x32, 0xa2, 0x22, 0x80, 0x31, 0x20, 0x22
.byte 0x20, 0x32, 0x22, 0x32, 0x20, 0x32, 0x22, 0x22, 0x20, 0x33, 0x22, 0x23, 0x22, 0x33, 0x20, 0x23
.byte 0x22, 0x33, 0x20, 0x22, 0x22, 0x32, 0x80, 0x21, 0x20, 0x22, 0x22, 0x33, 0x20, 0x22, 0x22, 0x32
.byte 0x80, 0x21, 0x20, 0x32, 0x22, 0x33, 0xa0, 0x33, 0xa2, 0x33, 0xa0, 0x33, 0xa2, 0x22, 0x20, 0x32
.byte 0x80, 0x21, 0x20, 0x32, 0x82, 0x21, 0x20, 0x32, 0x20, 0x22, 0x82, 0x21, 0x00, 0x21, 0x20, 0x22
.byte 0x20, 0x22, 0x00, 0x21, 0x80, 0x21, 0x00, 0x21, 0x42, 0x65, 0x42, 0x44, 0xa2, 0x32, 0x80, 0x21
.byte 0x22, 0x32, 0x80, 0x21, 0x22, 0x32, 0xa0, 0x23, 0x82, 0x31, 0x20, 0x22, 0x22, 0x32, 0x22, 0x33
.byte 0x20, 0x33, 0xa2, 0x33, 0x42, 0x54, 0x42, 0x54, 0x20, 0x33, 0x22, 0x32, 0x20, 0x22, 0x20, 0x32
.byte 0x22, 0x33, 0xa0, 0x32, 0x20, 0x22, 0x20, 0x32, 0x20, 0x22, 0x22, 0x32, 0x20, 0x32, 0x20, 0x22
.byte 0xa2, 0x32, 0x20, 0x33, 0xa0, 0x33, 0x20, 0x43, 0x22, 0x32, 0x00, 0x31, 0x00, 0x31, 0x20, 0x32
.byte 0x20, 0x32, 0x20, 0x42, 0xa0, 0x32, 0x20, 0x43, 0x80, 0x31, 0x80, 0x41, 0x22, 0x32, 0x20, 0x42
.byte 0x20, 0x32, 0x80, 0x31, 0x80, 0x31, 0x80, 0x31, 0x82, 0x31, 0xa0, 0x42, 0xa0, 0x33, 0xa0, 0x42
.byte 0x22, 0x32, 0x80, 0x41, 0x20, 0x32, 0x80, 0x31, 0x20, 0x32, 0x20, 0x32, 0x22, 0x32, 0x20, 0x42
.byte 0x22, 0x32, 0x80, 0x21, 0x22, 0x32, 0x20, 0x32, 0x82, 0x21, 0x80, 0x21, 0x80, 0x21, 0x82, 0x31
.byte 0x20, 0x22, 0x82, 0x31, 0x80, 0x21, 0x80, 0x31, 0x22, 0x22, 0x20, 0x32, 0x80, 0x21, 0x22, 0x32
.byte 0x00, 0x31, 0x80, 0x31, 0x80, 0x31, 0x20, 0x32, 0x20, 0x43, 0xa2, 0x42, 0x20, 0x32, 0xa2, 0x42
.byte 0x80, 0x31, 0x80, 0x41, 0x20, 0x32, 0x22, 0x43, 0x20, 0x43, 0x20, 0x32, 0x80, 0x31, 0xa0, 0x32
.byte 0x22, 0x33, 0xa0, 0x32, 0x20, 0x32, 0xa2, 0x32, 0x20, 0x32, 0x00, 0x21, 0x00, 0x21, 0x80, 0x21
.byte 0xa0, 0x32, 0x22, 0x33, 0xa2, 0x33, 0xa0, 0x33, 0x22, 0x33, 0x20, 0x23, 0xa2, 0x32, 0x20, 0x32
.byte 0xa0, 0x22, 0x22, 0x33, 0x42, 0x65, 0x42, 0x65, 0x20, 0x33, 0xa2, 0x33, 0x20, 0x33, 0x42, 0x44
.byte 0xa0, 0x33, 0x42, 0x44, 0xc2, 0x54, 0xc2, 0x9d, 0xc2, 0x44, 0xa2, 0x43, 0xa0, 0x32, 0x82, 0x21
.byte 0x42, 0x54, 0xc2, 0x54, 0x40, 0x44, 0x20, 0x22, 0x82, 0x21, 0x20, 0x32, 0xa2, 0x33, 0x20, 0x23
.byte 0x82, 0x21, 0x20, 0x32, 0x22, 0x32, 0xa0, 0x33, 0x20, 0x33, 0x22, 0x22, 0x20, 0x32, 0x82, 0x21
.byte 0x20, 0x32, 0x20, 0x23, 0x22, 0x33, 0x00, 0x21, 0x00, 0x21, 0x80, 0x21, 0x00, 0x21, 0x00, 0x21
.byte 0x80, 0x31, 0x00, 0x21, 0xa2, 0x32, 0x20, 0x22, 0x80, 0x31, 0x20, 0x32, 0x82, 0x21, 0x80, 0x31
.byte 0x80, 0x21, 0x20, 0x32, 0x80, 0x21, 0x82, 0x31, 0x20, 0x22, 0x80, 0x31, 0x22, 0x32, 0x20, 0x32
.byte 0x42, 0x34, 0x20, 0x33, 0x80, 0x21, 0x20, 0x32, 0x82, 0x21, 0x20, 0x32, 0x80, 0x21, 0x80, 0x31
.byte 0x22, 0x22, 0x80, 0x31, 0x80, 0x31, 0x00, 0x11, 0x80, 0x21, 0x80, 0x21, 0x22, 0x32, 0xc0, 0x34
.byte 0xc2, 0x44, 0xa0, 0x43, 0x22, 0x22, 0x80, 0x21, 0x00, 0x21, 0x80, 0x21, 0x22, 0x32, 0xa0, 0x22
.byte 0xa0, 0x32, 0xa2, 0x33, 0xa0, 0x22, 0x20, 0x32, 0x82, 0x31, 0x20, 0x22, 0x22, 0x32, 0x20, 0x22
.byte 0xa2, 0x32, 0x20, 0x32, 0x82, 0x21, 0x20, 0x32, 0x20, 0x32, 0xa0, 0x22, 0x22, 0x32, 0x20, 0x32
.byte 0x22, 0x22, 0xa0, 0x32, 0xa0, 0x22, 0x20, 0x32, 0x22, 0x32, 0x20, 0x32, 0x20, 0x33, 0x22, 0x33
.byte 0x20, 0x33, 0x22, 0x23, 0x80, 0x31, 0x80, 0x21, 0x22, 0x32, 0x80, 0x21, 0x20, 0x32, 0x80, 0x21
.byte 0x82, 0x31, 0x20, 0x22, 0x80, 0x21, 0x22, 0x22, 0x80, 0x31, 0xa0, 0x23, 0x22, 0x33, 0xa0, 0x32
.byte 0x22, 0x22, 0x80, 0x31, 0x20, 0x22, 0x82, 0x31, 0x20, 0x22, 0x80, 0x31, 0x80, 0x21, 0x00, 0x21
.byte 0x00, 0x11, 0x80, 0x21, 0x00, 0x41, 0x00, 0x21, 0xc2, 0x44, 0x22, 0x32, 0x80, 0x21, 0x20, 0x32
.byte 0x80, 0x21, 0x20, 0x32, 0x20, 0x32, 0x22, 0x22, 0x80, 0x21, 0x20, 0x32, 0x80, 0x21, 0x20, 0x32
.byte 0x20, 0x23, 0xa2, 0x33, 0xa0, 0x33, 0x42, 0x54, 0x20, 0x33, 0x20, 0x22, 0x22, 0x32, 0xa0, 0x32
.byte 0x20, 0x22, 0x22, 0x32, 0x20, 0x22, 0x82, 0x31, 0x20, 0x32, 0x00, 0x11, 0x00, 0x21, 0x00, 0x21
.byte 0x80, 0x31, 0x22, 0x32, 0x20, 0x33, 0x22, 0x33, 0xa0, 0x32, 0x00, 0x21, 0x00, 0x21, 0x00, 0x21
.byte 0x82, 0x31, 0x20, 0x42, 0x20, 0x32, 0xa2, 0x42, 0x80, 0x31, 0x80, 0x31, 0x00, 0x31, 0x00, 0x31
.byte 0x82, 0x31, 0x00, 0x31, 0x00, 0x31, 0x80, 0x20, 0x00, 0x31, 0x00, 0x31, 0x82, 0x31, 0x80, 0x31
.byte 0x80, 0x31, 0x80, 0x31, 0x00, 0x31, 0x82, 0x31, 0x80, 0x31, 0x82, 0x31, 0x20, 0x32, 0x20, 0x32
.byte 0x80, 0x31, 0x80, 0x31, 0x82, 0x31, 0x80, 0x21, 0x00, 0x21, 0x00, 0x21, 0x02, 0x21, 0x80, 0x21
.byte 0x80, 0x21, 0x80, 0x31, 0x20, 0x22, 0x82, 0x21, 0x00, 0x21, 0x00, 0x11, 0x82, 0x31, 0x80, 0x21
.byte 0x80, 0x31, 0x00, 0x31, 0x00, 0x31, 0x22, 0x32, 0x20, 0x42, 0x20, 0x33, 0x80, 0x31, 0x80, 0x31
.byte 0x80, 0x31, 0x82, 0x31, 0x80, 0x41, 0x80, 0x31, 0xa0, 0x42, 0xa2, 0x42, 0x80, 0x31, 0x80, 0x41
.byte 0x80, 0x31, 0x22, 0x32, 0x00, 0x21, 0x00, 0x21, 0x00, 0x21, 0x00, 0x31, 0x80, 0x21, 0x02, 0x21
.byte 0x20, 0x32, 0x20, 0x33, 0x22, 0x33, 0x20, 0x23, 0x22, 0x22, 0x20, 0x22, 0x80, 0x31, 0xa2, 0x22
.byte 0xa0, 0x32, 0x20, 0x23, 0x42, 0x75, 0xa2, 0x43, 0x20, 0x23, 0xa2, 0x32, 0xa0, 0x33, 0xa2, 0x33
.byte 0xa0, 0x32, 0x42, 0x44, 0xc2, 0x54, 0xc2, 0x54, 0x22, 0x43, 0x20, 0x22, 0x80, 0x31, 0x80, 0x21
.byte 0xa0, 0x33, 0xa2, 0x43, 0x20, 0x22, 0x82, 0x31, 0x80, 0x31, 0x80, 0x21, 0x22, 0x22, 0x20, 0x33
.byte 0x80, 0x31, 0x80, 0x21, 0x80, 0x21, 0x82, 0x31, 0x20, 0x23, 0x22, 0x33, 0x80, 0x21, 0x80, 0x31
.byte 0x80, 0x21, 0x22, 0x32, 0x80, 0x21, 0x80, 0x21, 0x80, 0x31, 0x00, 0x21, 0x00, 0x21, 0x00, 0x31
.byte 0x80, 0x41, 0x80, 0x21, 0x20, 0x22, 0x82, 0x31, 0x80, 0x21, 0x82, 0x21, 0x80, 0x31, 0x20, 0x32
.byte 0x82, 0x21, 0x80, 0x31, 0x22, 0x22, 0x80, 0x31, 0x20, 0x22, 0x82, 0x31, 0x20, 0x22, 0x82, 0x31
.byte 0x20, 0x23, 0x20, 0x33, 0x82, 0x31, 0x80, 0x21, 0x80, 0x31, 0x00, 0x21, 0x82, 0x21, 0x80, 0x31
.byte 0x20, 0x32, 0x80, 0x21, 0x82, 0x21, 0x00, 0x21, 0x00, 0x31, 0x00, 0x21, 0x80, 0x21, 0x80, 0x21
.byte 0x42, 0x44, 0xc2, 0x44, 0x20, 0x22, 0x82, 0x21, 0x00, 0x21, 0x00, 0x21, 0x00, 0x21, 0x80, 0x21
.byte 0x22, 0x22, 0x20, 0x32, 0xa0, 0x22, 0x82, 0x31, 0x80, 0x21, 0x80, 0x21, 0x82, 0x21, 0x80, 0x31
.byte 0x20, 0x22, 0x80, 0x21, 0x80, 0x21, 0x02, 0x21, 0x80, 0x11, 0x82, 0x21, 0x80, 0x21, 0x82, 0x21
.byte 0x20, 0x32, 0x22, 0x32, 0xa0, 0x22, 0x22, 0x33, 0x20, 0x22, 0x80, 0x21, 0x82, 0x21, 0x80, 0x21
.byte 0x22, 0x22, 0xa0, 0x32, 0x80, 0x21, 0x00, 0x21, 0x00, 0x11, 0x80, 0x21, 0x82, 0x31, 0x80, 0x21
.byte 0x20, 0x22, 0x82, 0x31, 0x00, 0x21, 0x80, 0x21, 0x80, 0x21, 0x82, 0x21, 0x80, 0x31, 0x22, 0x22
.byte 0xa0, 0x32, 0x22, 0x22, 0x20, 0x32, 0x80, 0x21, 0x82, 0x31, 0x80, 0x21, 0x00, 0x21, 0x00, 0x21
.byte 0x00, 0x21, 0x00, 0x31, 0x80, 0x41, 0x80, 0x21, 0x80, 0x21, 0x80, 0x21, 0x00, 0x21, 0x80, 0x21
.byte 0x82, 0x21, 0x80, 0x31, 0x82, 0x21, 0x80, 0x21, 0x00, 0x21, 0x82, 0x21, 0x20, 0x32, 0x82, 0x21
.byte 0xa0, 0x32, 0x22, 0x33, 0xa0, 0x33, 0x42, 0x44, 0x20, 0x33, 0x22, 0x32, 0x80, 0x21, 0xa0, 0x32
.byte 0xa2, 0x22, 0x80, 0x31, 0x20, 0x22, 0x80, 0x31, 0x82, 0x21, 0x80, 0x21, 0x02, 0x21, 0x80, 0x31
.byte 0x00, 0x21, 0x80, 0x21, 0x20, 0x32, 0xa0, 0x32, 0xa0, 0x32, 0x80, 0x21, 0x00, 0x31, 0x00, 0x31
.byte 0x00, 0x21, 0x00, 0x21, 0x80, 0x31, 0x20, 0x32, 0x80, 0x31, 0x82, 0x31, 0x80, 0x31, 0x00, 0x21
.byte 0x00, 0x31, 0x80, 0x31, 0x82, 0x31, 0x00, 0x21, 0x00, 0x31, 0x00, 0x31, 0x00, 0x21, 0x00, 0x21
.byte 0x80, 0x31, 0x82, 0x31, 0x80, 0x31, 0x00, 0x31, 0x80, 0x31, 0x80, 0x31, 0x80, 0x21, 0x00, 0x21
.byte 0x82, 0x21, 0x80, 0x31, 0x80, 0x21, 0x82, 0x31, 0x80, 0x21, 0x80, 0x31, 0x80, 0x31, 0x00, 0x21
.byte 0x80, 0x21, 0x82, 0x21, 0x80, 0x31, 0x80, 0x21, 0x00, 0x21, 0x80, 0x31, 0x00, 0x21, 0x80, 0x21
.byte 0x00, 0x31, 0x00, 0x31, 0x80, 0x20, 0x00, 0x31, 0x80, 0x31, 0xa0, 0x42, 0x80, 0x31, 0x80, 0x41
.byte 0x80, 0x31, 0x80, 0x41, 0x80, 0x31, 0x80, 0x31, 0x80, 0x31, 0x80, 0x41, 0x80, 0x31, 0x82, 0x31
.byte 0x00, 0x31, 0x80, 0x41, 0x00, 0x31, 0x00, 0x31, 0x80, 0x31, 0x00, 0x41, 0x80, 0x21, 0x80, 0x31
.byte 0x82, 0x21, 0x20, 0x33, 0x22, 0x33, 0x20, 0x22, 0x00, 0x21, 0x80, 0x21, 0x80, 0x31, 0x22, 0x22
.byte 0x20, 0x32, 0xa2, 0x22, 0xa0, 0x53, 0xa0, 0x22, 0x22, 0x32, 0x20, 0x22, 0x22, 0x33, 0x80, 0x21
.byte 0x22, 0x32, 0xc2, 0x44, 0x40, 0x54, 0x22, 0x43, 0x20, 0x22, 0x80, 0x31, 0x22, 0x22, 0x80, 0x31
.byte 0x82, 0x21, 0x20, 0x33, 0x80, 0x21, 0x80, 0x21, 0x80, 0x21, 0x80, 0x31, 0x80, 0x21, 0x22, 0x32
.byte 0x80, 0x21, 0x82, 0x21, 0x80, 0x21, 0x20, 0x32, 0x80, 0x21, 0x20, 0x32, 0x22, 0x22, 0x80, 0x31
.byte 0x20, 0x22, 0x80, 0x31, 0x20, 0x32, 0x82, 0x21, 0x00, 0x41, 0x80, 0x31, 0x00, 0x31, 0x80, 0x31
.byte 0x80, 0x51, 0x80, 0x21, 0x80, 0x21, 0x00, 0x11, 0x00, 0x21, 0x80, 0x21, 0x20, 0x32, 0x82, 0x21
.byte 0x80, 0x21, 0x80, 0x21, 0x80, 0x31, 0x80, 0x21, 0x82, 0x31, 0x80, 0x21, 0x80, 0x31, 0x80, 0x21
.byte 0x20, 0x32, 0xa2, 0x32, 0x80, 0x21, 0x20, 0x32, 0x82, 0x31, 0x00, 0x21, 0x00, 0x21, 0x00, 0x21
.byte 0x82, 0x21, 0x80, 0x31, 0x20, 0x32, 0x02, 0x11, 0x80, 0x41, 0x80, 0x41, 0x00, 0x31, 0x00, 0x21
.byte 0x22, 0x22, 0x40, 0x44, 0x20, 0x32, 0x80, 0x31, 0x80, 0x21, 0x82, 0x31, 0x80, 0x41, 0x80, 0x21
.byte 0x02, 0x21, 0x20, 0x22, 0x22, 0x32, 0x20, 0x22, 0x80, 0x21, 0x00, 0x21, 0x80, 0x21, 0x80, 0x21
.byte 0x22, 0x22, 0x80, 0x21, 0x00, 0x21, 0x80, 0x31, 0x80, 0x31, 0x80, 0x21, 0x80, 0x21, 0x00, 0x21
.byte 0x00, 0x11, 0x80, 0x21, 0x82, 0x21, 0xa0, 0x22, 0x22, 0x33, 0x80, 0x21, 0x00, 0x21, 0x00, 0x21
.byte 0x80, 0x21, 0x80, 0x21, 0x22, 0x22, 0x00, 0x21, 0x80, 0x41, 0x00, 0x21, 0x80, 0x21, 0x80, 0x21
.byte 0x82, 0x31, 0x20, 0x22, 0x00, 0x21, 0x80, 0x31, 0x00, 0x21, 0x00, 0x21, 0x80, 0x21, 0x80, 0x21
.byte 0x80, 0x31, 0x20, 0x22, 0x80, 0x21, 0x82, 0x21, 0x20, 0x32, 0x80, 0x21, 0x00, 0x21, 0x80, 0x41
.byte 0x00, 0x31, 0x80, 0x41, 0x80, 0x41, 0x80, 0x31, 0x00, 0x11, 0x80, 0x21, 0x00, 0x21, 0x82, 0x21
.byte 0x80, 0x31, 0x20, 0x22, 0x00, 0x21, 0x80, 0x21, 0x00, 0x21, 0x80, 0x21, 0x80, 0x31, 0x20, 0x22
.byte 0x82, 0x31, 0xa0, 0x22, 0x20, 0x33, 0x22, 0x33, 0xa0, 0x32, 0x20, 0x22, 0x82, 0x31, 0xa0, 0x32
.byte 0x20, 0x33, 0x22, 0x33, 0x80, 0x21, 0x82, 0x31, 0x80, 0x21, 0x80, 0x31, 0x00, 0x11, 0x80, 0x41
.byte 0x00, 0x31, 0x00, 0x31, 0x00, 0x11, 0x82, 0x31, 0x80, 0x31, 0x82, 0x31, 0x00, 0x21, 0x80, 0x41
.byte 0x00, 0x41, 0x00, 0x21, 0x02, 0x31, 0x80, 0x31, 0x80, 0x31, 0x80, 0x31, 0x80, 0x31, 0x80, 0x20
.byte 0x00, 0x21, 0x00, 0x21, 0x00, 0x31, 0x00, 0x31, 0x80, 0x41, 0x80, 0x41, 0x00, 0x41, 0x00, 0x31
.byte 0x00, 0x21, 0x00, 0x21, 0x80, 0x21, 0x00, 0x21, 0x82, 0x21, 0x80, 0x31, 0x02, 0x21, 0x80, 0x21
.byte 0x00, 0x21, 0x80, 0x21, 0x00, 0x21, 0x00, 0x21, 0x00, 0x21, 0x80, 0x31, 0x80, 0x41, 0x80, 0x41
.byte 0x00, 0x21, 0x80, 0x21, 0x82, 0x21, 0x80, 0x21, 0x00, 0x31, 0x80, 0x41, 0x80, 0x41, 0x00, 0x21
.byte 0x00, 0x31, 0x00, 0x31, 0x80, 0x41, 0x00, 0x31, 0x80, 0x20, 0x82, 0x31, 0x00, 0x31, 0x00, 0x31
.byte 0x02, 0x31, 0x80, 0x20, 0x00, 0x31, 0x80, 0x31, 0x02, 0x41, 0x80, 0x31, 0x80, 0x41, 0x00, 0x31
.byte 0x00, 0x21, 0x00, 0x21, 0x00, 0x31, 0x80, 0x31, 0x80, 0x41, 0x00, 0x31, 0x00, 0x31, 0x80, 0x21
.byte 0x80, 0x31, 0x22, 0x33, 0x20, 0x22, 0x00, 0x21, 0x80, 0x31, 0x82, 0x21, 0x80, 0x21, 0x20, 0x32
.byte 0x00, 0x21, 0x22, 0x22, 0x20, 0x33, 0x22, 0x22, 0x20, 0x32, 0x20, 0x32, 0x80, 0x21, 0x80, 0x21
.byte 0x80, 0x21, 0xc2, 0x54, 0xa2, 0x43, 0x20, 0x22, 0x20, 0x32, 0x82, 0x21, 0x80, 0x21, 0x80, 0x31
.byte 0x20, 0x22, 0x82, 0x31, 0x20, 0x32, 0x02, 0x21, 0x00, 0x11, 0x00, 0x21, 0x82, 0x21, 0x80, 0x31
.byte 0x80, 0x21, 0x00, 0x21, 0x00, 0x21, 0x00, 0x21, 0x82, 0x21, 0x80, 0x31, 0x20, 0x22, 0x80, 0x21
.byte 0x02, 0x21, 0x80, 0x21, 0x80, 0x31, 0x80, 0x21, 0x00, 0x31, 0x80, 0x41, 0x00, 0x41, 0x80, 0x41
.byte 0x80, 0x51, 0x00, 0x21, 0x00, 0x21, 0x80, 0x31, 0x00, 0x21, 0x82, 0x21, 0x80, 0x21, 0x00, 0x21
.byte 0x00, 0x21, 0x00, 0x21, 0x82, 0x21, 0x80, 0x21, 0x20, 0x32, 0x80, 0x21, 0x22, 0x32, 0x80, 0x21
.byte 0x82, 0x21, 0x80, 0x31, 0x22, 0x22, 0x80, 0x31, 0x80, 0x21, 0x00, 0x21, 0x80, 0x31, 0x00, 0x21
.byte 0x80, 0x21, 0x82, 0x31, 0x80, 0x21, 0x00, 0x21, 0x80, 0x41, 0x00, 0x41, 0x80, 0x41, 0x80, 0x41
.byte 0x00, 0x11, 0x20, 0x32, 0x22, 0x32, 0x20, 0x22, 0x80, 0x21, 0x00, 0x31, 0x80, 0x41, 0x80, 0x51
.byte 0x80, 0x21, 0x00, 0x21, 0x80, 0x21, 0x22, 0x32, 0x80, 0x21, 0x00, 0x21, 0x22, 0x52, 0x00, 0x21
.byte 0x00, 0x21, 0x82, 0x21, 0x80, 0x31, 0x80, 0x41, 0x00, 0x41, 0x80, 0x41, 0x00, 0x41, 0x80, 0x31
.byte 0x80, 0x41, 0x80, 0x31, 0x00, 0x21, 0x80, 0x21, 0xa2, 0x22, 0x20, 0x33, 0x00, 0x11, 0x00, 0x41
.byte 0x80, 0x31, 0x00, 0x21, 0x00, 0x21, 0x00, 0x11, 0x00, 0x31, 0x80, 0x41, 0x80, 0x31, 0x00, 0x21
.byte 0x80, 0x21, 0x80, 0x21, 0x00, 0x21, 0x80, 0x41, 0x80, 0x41, 0x80, 0x41, 0x00, 0x21, 0x00, 0x21
.byte 0x80, 0x21, 0x82, 0x21, 0x00, 0x21, 0x00, 0x21, 0x80, 0x21, 0x22, 0x32, 0x00, 0x21, 0x00, 0x31
.byte 0x00, 0x41, 0x80, 0x41, 0x80, 0x51, 0x80, 0x31, 0x00, 0x21, 0x00, 0x31, 0x80, 0x11, 0x80, 0x31
.byte 0x80, 0x21, 0x82, 0x21, 0x00, 0x21, 0x80, 0x41, 0x80, 0x31, 0x02, 0x21, 0x80, 0x31, 0x82, 0x21
.byte 0x80, 0x21, 0x20, 0x32, 0xa2, 0x22, 0xa0, 0x32, 0x20, 0x22, 0x82, 0x31, 0x80, 0x21, 0x20, 0x32
.byte 0xa2, 0x32, 0xa0, 0x33, 0xa0, 0x33, 0x80, 0x21, 0x80, 0x21, 0x82, 0x31, 0x80, 0x21, 0x00, 0x41
.byte 0x80, 0x41, 0x80, 0x41, 0x00, 0x31, 0x00, 0x21, 0x80, 0x21, 0x80, 0x31, 0x00, 0x21, 0x80, 0x41
.byte 0x80, 0x41, 0x80, 0x41, 0x00, 0x21, 0x00, 0x31, 0x82, 0x31, 0x80, 0x31, 0x00, 0x31, 0x00, 0x21
.byte 0x80, 0x41, 0x00, 0x31, 0x00, 0x21, 0x00, 0x21, 0x80, 0x41, 0x80, 0x41, 0x80, 0x41, 0x80, 0x41
.byte 0x80, 0x41, 0x00, 0x21, 0x00, 0x21, 0x80, 0x31, 0x00, 0x21, 0x80, 0x31, 0x80, 0x31, 0x00, 0x21
.byte 0x80, 0x41, 0x22, 0x42, 0x80, 0x41, 0x80, 0x41, 0x00, 0x31, 0x80, 0x41, 0x80, 0x41, 0x80, 0x41
.byte 0x80, 0x41, 0x00, 0x21, 0x80, 0x21, 0x00, 0x11, 0x80, 0x31, 0x80, 0x41, 0x80, 0x41, 0x80, 0x41
.byte 0x80, 0x20, 0x80, 0x31, 0x00, 0x41, 0x80, 0x41, 0x00, 0x31, 0x00, 0x31, 0x00, 0x31, 0x80, 0x31
.byte 0x80, 0x30, 0x00, 0x31, 0x00, 0x31, 0x80, 0x20, 0x00, 0x21, 0x80, 0x20, 0x00, 0x31, 0x80, 0x31
.byte 0x80, 0x20, 0x00, 0x31, 0x00, 0x21, 0x00, 0x31, 0x80, 0x41, 0x00, 0x41, 0x00, 0x21, 0x82, 0x21
.byte 0x80, 0x31, 0x20, 0x22, 0x00, 0x31, 0x80, 0x41, 0x80, 0x31, 0x80, 0x21, 0x82, 0x21, 0x80, 0x21
.byte 0x00, 0x21, 0x20, 0x32, 0xa2, 0x22, 0x20, 0x32, 0x82, 0x21, 0x20, 0x22, 0x02, 0x21, 0x80, 0x21
.byte 0x00, 0x21, 0x42, 0x44, 0x20, 0x32, 0x80, 0x31, 0x20, 0x22, 0x80, 0x31, 0x00, 0x21, 0x82, 0x21
.byte 0x80, 0x31, 0x80, 0x21, 0x80, 0x21, 0x80, 0x21, 0x80, 0x41, 0x80, 0x31, 0x00, 0x21, 0x80, 0x21
.byte 0x80, 0x21, 0x00, 0x21, 0x80, 0x41, 0x80, 0x31, 0x00, 0x21, 0x80, 0x21, 0x82, 0x31, 0x80, 0x21
.byte 0x00, 0x21, 0x00, 0x21, 0x82, 0x21, 0x80, 0x21, 0x80, 0x31, 0x00, 0x41, 0x80, 0x41, 0x80, 0x41
.byte 0x20, 0x52, 0x00, 0x31, 0x80, 0x31, 0x00, 0x41, 0x80, 0x21, 0x80, 0x21, 0x00, 0x21, 0x00, 0x31
.byte 0x80, 0x31, 0x80, 0x41, 0x00, 0x31, 0x00, 0x11, 0x02, 0x21, 0x80, 0x21, 0x80, 0x21, 0x00, 0x21
.byte 0x80, 0x21, 0x80, 0x21, 0x80, 0x31, 0x82, 0x21, 0x80, 0x31, 0x80, 0x21, 0x00, 0x31, 0x80, 0x41
.byte 0x00, 0x21, 0x80, 0x21, 0x80, 0x21, 0x00, 0x21, 0x80, 0x41, 0x80, 0x41, 0x80, 0x41, 0x80, 0x41
.byte 0x80, 0x41, 0x00, 0x11, 0x80, 0x21, 0x82, 0x31, 0x80, 0x21, 0x00, 0x21, 0x82, 0x41, 0x80, 0x41
.byte 0x80, 0x51, 0x80, 0x31, 0x82, 0x21, 0x80, 0x21, 0x80, 0x21, 0x80, 0x21, 0x82, 0x51, 0x22, 0x52
.byte 0x80, 0x21, 0x00, 0x21, 0x80, 0x31, 0x80, 0x41, 0x80, 0x41, 0x00, 0x31, 0x80, 0x41, 0x80, 0x41
.byte 0x00, 0x41, 0x80, 0x41, 0x80, 0x41, 0x80, 0x21, 0x80, 0x21, 0xa2, 0x22, 0x00, 0x21, 0x80, 0x31
.byte 0x00, 0x41, 0x80, 0x41, 0x80, 0x41, 0x80, 0x31, 0x80, 0x41, 0x80, 0x41, 0x80, 0x41, 0x80, 0x41
.byte 0x00, 0x21, 0x80, 0x21, 0x00, 0x21, 0x80, 0x41, 0x80, 0x41, 0x80, 0x41, 0x00, 0x41, 0x80, 0x31
.byte 0x80, 0x21, 0x80, 0x21, 0x00, 0x21, 0x80, 0x31, 0x00, 0x21, 0x80, 0x21, 0x00, 0x21, 0x80, 0x41
.byte 0x80, 0x41, 0x20, 0x42, 0x80, 0x51, 0x80, 0x41, 0x80, 0x31, 0x80, 0x41, 0x00, 0x21, 0x82, 0x21
.byte 0x80, 0x21, 0x00, 0x31, 0x80, 0x41, 0x80, 0x41, 0x80, 0x31, 0x80, 0x21, 0x80, 0x11, 0x00, 0x21
.byte 0x80, 0x21, 0x82, 0x21, 0x20, 0x22, 0x22, 0x32, 0x80, 0x21, 0x80, 0x31, 0x20, 0x22, 0x82, 0x31
.byte 0x20, 0x22, 0x20, 0x33, 0xa2, 0x33, 0x80, 0x21, 0x00, 0x21, 0x00, 0x11, 0x00, 0x21, 0x00, 0x31
.byte 0x80, 0x41, 0x80, 0x41, 0x80, 0x41, 0x80, 0x31, 0x00, 0x21, 0x80, 0x21, 0x00, 0x21, 0x80, 0x41
.byte 0x80, 0x41, 0x80, 0x41, 0x00, 0x31, 0x00, 0x21, 0x80, 0x31, 0x80, 0x31, 0x82, 0x21, 0x00, 0x21
.byte 0x00, 0x41, 0x80, 0x41, 0x00, 0x21, 0x00, 0x31, 0x80, 0x41, 0x80, 0x41, 0x80, 0x41, 0x80, 0x41
.byte 0x80, 0x41, 0x00, 0x41, 0x00, 0x31, 0x80, 0x41, 0x00, 0x31, 0x80, 0x21, 0x82, 0x21, 0x00, 0x21
.byte 0x82, 0x31, 0x80, 0x51, 0x80, 0x41, 0x80, 0x41, 0x80, 0x41, 0x80, 0x51, 0x80, 0x41, 0x80, 0x41
.byte 0x80, 0x41, 0x80, 0x41, 0x00, 0x21, 0x00, 0x21, 0x80, 0x41, 0x80, 0x41, 0x80, 0x41, 0x80, 0x41
.byte 0x80, 0x31, 0x00, 0x41, 0x80, 0x41, 0x00, 0x31, 0x00, 0x41, 0x00, 0x31, 0x80, 0x20, 0x00, 0x31
.byte 0x00, 0x31, 0x80, 0x31, 0x80, 0x41, 0x22, 0x52, 0x22, 0x52, 0x80, 0x41, 0x00, 0x21, 0x80, 0x30
.byte 0x00, 0x21, 0x82, 0x41, 0x80, 0x41, 0x80, 0x41, 0x80, 0x41, 0x80, 0x41, 0x80, 0x31, 0x00, 0x21
.byte 0x20, 0x32, 0x00, 0x21, 0x80, 0x41, 0x80, 0x41, 0x82, 0x31, 0x00, 0x21, 0x80, 0x21, 0x00, 0x31
.byte 0x00, 0x21, 0x22, 0x22, 0x80, 0x31, 0x20, 0x22, 0x80, 0x31, 0x80, 0x21, 0x80, 0x31, 0x00, 0x31
.byte 0x80, 0x21, 0x20, 0x42, 0x22, 0x22, 0x80, 0x21, 0x82, 0x31, 0x00, 0x21, 0x00, 0x21, 0x80, 0x21
.byte 0x80, 0x21, 0x22, 0x32, 0x80, 0x21, 0x00, 0x21, 0x80, 0x41, 0x80, 0x41, 0x80, 0x31, 0x00, 0x21
.byte 0x82, 0x21, 0x80, 0x21, 0x80, 0x41, 0x80, 0x41, 0x00, 0x31, 0x80, 0x21, 0x80, 0x21, 0x80, 0x21
.byte 0x80, 0x21, 0x80, 0x41, 0x00, 0x21, 0x00, 0x21, 0x00, 0x21, 0x80, 0x41, 0x80, 0x41, 0x20, 0x52
.byte 0x80, 0x41, 0x80, 0x41, 0x80, 0x41, 0x00, 0x41, 0x00, 0x11, 0x00, 0x21, 0x80, 0x41, 0x00, 0x41
.byte 0x80, 0x41, 0x00, 0x41, 0x80, 0x31, 0x80, 0x41, 0x80, 0x31, 0x00, 0x21, 0x82, 0x21, 0x00, 0x21
.byte 0x80, 0x31, 0x00, 0x21, 0x82, 0x21, 0x20, 0x32, 0x80, 0x21, 0x00, 0x21, 0x80, 0x31, 0x00, 0x31
.byte 0x80, 0x41, 0x00, 0x21, 0x80, 0x21, 0x00, 0x21, 0xa0, 0x62, 0x20, 0x52, 0x80, 0x41, 0x80, 0x41
.byte 0x80, 0x41, 0x80, 0x41, 0x00, 0x21, 0x80, 0x21, 0x82, 0x21, 0x80, 0x21, 0x20, 0x52, 0x80, 0x41
.byte 0x82, 0x41, 0x80, 0x51, 0x80, 0x31, 0x00, 0x21, 0x80, 0x21, 0x82, 0x31, 0x22, 0x52, 0x20, 0x52
.byte 0x82, 0x41, 0x80, 0x31, 0x80, 0x41, 0x80, 0x41, 0x00, 0x41, 0x80, 0x41, 0x00, 0x31, 0x00, 0x41
.byte 0x80, 0x41, 0x00, 0x41, 0x80, 0x41, 0x80, 0x41, 0x00, 0x21, 0x80, 0x21, 0x80, 0x21, 0x00, 0x31
.byte 0x80, 0x31, 0x80, 0x41, 0x80, 0x41, 0x80, 0x41, 0x20, 0x52, 0x80, 0x41, 0x80, 0x41, 0x80, 0x41
.byte 0x80, 0x41, 0x00, 0x21, 0x00, 0x21, 0x80, 0x41, 0x80, 0x41, 0x00, 0x41, 0x80, 0x41, 0x80, 0x41
.byte 0x00, 0x31, 0x00, 0x11, 0x00, 0x21, 0x80, 0x41, 0x00, 0x31, 0x00, 0x21, 0x80, 0x21, 0x80, 0x41
.byte 0x80, 0x41, 0x80, 0x51, 0x20, 0x42, 0x80, 0x41, 0x00, 0x41, 0x80, 0x41, 0x00, 0x11, 0x00, 0x21
.byte 0x00, 0x21, 0x80, 0x41, 0x80, 0x41, 0x80, 0x41, 0x00, 0x21, 0x00, 0x21, 0x00, 0x21, 0x82, 0x41
.byte 0x80, 0x41, 0x00, 0x21, 0x80, 0x21, 0x80, 0x31, 0x22, 0x22, 0x80, 0x21, 0x82, 0x31, 0x20, 0x22
.byte 0x80, 0x31, 0xa2, 0x22, 0xa0, 0x32, 0x22, 0x33, 0x00, 0x21, 0x80, 0x31, 0x00, 0x21, 0x20, 0x52
.byte 0x80, 0x41, 0x80, 0x41, 0x80, 0x41, 0x80, 0x51, 0x82, 0x41, 0x00, 0x21, 0x00, 0x21, 0xa0, 0x62
.byte 0x80, 0x41, 0x80, 0x41, 0x00, 0x41, 0x80, 0x31, 0x00, 0x21, 0x80, 0x31, 0x00, 0x21, 0x80, 0x31
.byte 0x00, 0x41, 0x80, 0x41, 0x00, 0x41, 0x20, 0x52, 0x20, 0x52, 0x20, 0x52, 0x80, 0x41, 0x80, 0x41
.byte 0x80, 0x41, 0x80, 0x41, 0x80, 0x41, 0x80, 0x41, 0x80, 0x41, 0x00, 0x31, 0x80, 0x21, 0x80, 0x21
.byte 0x80, 0x31, 0x80, 0x51, 0x22, 0x42, 0x80, 0x41, 0x20, 0x52, 0x20, 0x62, 0x20, 0x52, 0x80, 0x51
.byte 0x80, 0x41, 0x80, 0x41, 0x80, 0x41, 0x80, 0x31, 0x80, 0x51, 0x20, 0x52, 0x80, 0x51, 0x80, 0x41
.byte 0x80, 0x41, 0x80, 0x41, 0x80, 0x41, 0x80, 0x41, 0x80, 0x41, 0x80, 0x41, 0x00, 0x31, 0x00, 0x21
.byte 0x00, 0x31, 0x00, 0x41, 0x80, 0x41, 0x82, 0x51, 0x20, 0x52, 0x82, 0x51, 0x22, 0x42, 0x80, 0x41
.byte 0x80, 0x20, 0x00, 0x31, 0x80, 0x41, 0x20, 0x52, 0x80, 0x51, 0x20, 0x52, 0x80, 0x31, 0x00, 0x21
.byte 0x00, 0x21, 0x82, 0x31, 0x00, 0x41, 0x80, 0x41, 0x80, 0x41, 0x00, 0x21, 0x00, 0x21, 0x80, 0x41
.byte 0x80, 0x31, 0x80, 0x21, 0x80, 0x31, 0x82, 0x21, 0x80, 0x21, 0x00, 0x31, 0x80, 0x41, 0x80, 0x31
.byte 0x00, 0x21, 0x22, 0x32, 0x80, 0x21, 0x80, 0x31, 0x00, 0x11, 0x80, 0x21, 0x80, 0x41, 0x00, 0x21
.byte 0x82, 0x21, 0x80, 0x31, 0x00, 0x21, 0x80, 0x31, 0x80, 0x51, 0x80, 0x41, 0x80, 0x41, 0x00, 0x31
.byte 0x00, 0x11, 0x00, 0x31, 0x80, 0x41, 0x80, 0x41, 0x80, 0x41, 0x00, 0x21, 0x82, 0x21, 0x00, 0x21
.byte 0x00, 0x31, 0x80, 0x41, 0x80, 0x41, 0x00, 0x21, 0x80, 0x21, 0x80, 0x51, 0x80, 0x51, 0x80, 0x41
.byte 0x20, 0x52, 0x80, 0x41, 0x00, 0x41, 0x80, 0x41, 0x80, 0x31, 0x00, 0x41, 0x80, 0x41, 0x80, 0x41
.byte 0x80, 0x41, 0x80, 0x41, 0x00, 0x41, 0x80, 0x41, 0x00, 0x31, 0x80, 0x41, 0x00, 0x21, 0x00, 0x11
.byte 0x80, 0x41, 0x80, 0x41, 0x00, 0x11, 0x80, 0x31, 0x22, 0x22, 0x00, 0x21, 0x20, 0x52, 0x00, 0x41
.byte 0x80, 0x41, 0x80, 0x31, 0x00, 0x11, 0x80, 0x21, 0xa0, 0x62, 0x20, 0x62, 0xa0, 0x62, 0x20, 0x52
.byte 0x80, 0x51, 0x80, 0x41, 0x80, 0x31, 0x00, 0x21, 0x80, 0x21, 0x00, 0x21, 0x20, 0x62, 0xa2, 0x62
.byte 0x80, 0x41, 0x20, 0x52, 0x22, 0x42, 0x00, 0x31, 0x00, 0x21, 0x22, 0x42, 0x22, 0x73, 0x82, 0x51
.byte 0x20, 0x52, 0x80, 0x41, 0xa2, 0x62, 0x20, 0x52, 0x80, 0x51, 0x80, 0x41, 0x80, 0x41, 0x80, 0x41
.byte 0x80, 0x31, 0x80, 0x41, 0x80, 0x41, 0x80, 0x41, 0x00, 0x41, 0x80, 0x21, 0x00, 0x21, 0x80, 0x31
.byte 0x00, 0x41, 0x80, 0x41, 0x80, 0x41, 0x80, 0x51, 0xa0, 0x62, 0x20, 0x52, 0x80, 0x41, 0x80, 0x41
.byte 0x80, 0x41, 0x80, 0x41, 0x80, 0x41, 0xa0, 0x62, 0x20, 0x52, 0x20, 0x52, 0x80, 0x41, 0x80, 0x41
.byte 0x00, 0x41, 0x80, 0x21, 0x00, 0x31, 0x80, 0x31, 0x80, 0x41, 0x00, 0x31, 0x80, 0x21, 0x80, 0x51
.byte 0x80, 0x51, 0x20, 0x42, 0x80, 0x51, 0x80, 0x41, 0x80, 0x41, 0x80, 0x41, 0x80, 0x41, 0x00, 0x31
.byte 0x80, 0x41, 0x80, 0x41, 0x80, 0x51, 0x22, 0x52, 0x80, 0x51, 0x80, 0x31, 0x80, 0x41, 0x80, 0x41
.byte 0x80, 0x41, 0x80, 0x41, 0x00, 0x21, 0x82, 0x21, 0x80, 0x31, 0x80, 0x21, 0x00, 0x21, 0x80, 0x21
.byte 0x82, 0x21, 0x20, 0x32, 0x22, 0x32, 0xa0, 0x23, 0x00, 0x21, 0x80, 0x41, 0x80, 0x41, 0x20, 0x52
.byte 0x20, 0x52, 0xa0, 0x52, 0x80, 0x41, 0x20, 0x52, 0x22, 0x52, 0x82, 0x41, 0x00, 0x11, 0xa0, 0x62
.byte 0xa0, 0x62, 0x20, 0x42, 0x80, 0x41, 0x80, 0x41, 0x82, 0x41, 0x00, 0x21, 0x00, 0x21, 0x20, 0x52
.byte 0x20, 0x52, 0x80, 0x41, 0x80, 0x41, 0x20, 0x52, 0x22, 0x73, 0xa0, 0x72, 0xa0, 0x62, 0x20, 0x62
.byte 0x20, 0x52, 0x20, 0x42, 0x80, 0x51, 0x80, 0x41, 0x80, 0x41, 0x00, 0x41, 0x00, 0x31, 0x00, 0x11
.byte 0x20, 0x42, 0x22, 0x62, 0xa2, 0x52, 0x20, 0x62, 0x20, 0x52, 0xa0, 0x62, 0x20, 0x52, 0x20, 0x52
.byte 0x20, 0x62, 0x20, 0x52, 0x82, 0x51, 0x80, 0x41, 0x20, 0x52, 0x20, 0x62, 0xa0, 0x52, 0x20, 0x52

.global _binary_ground_band_000010000_bin_end
_binary_ground_band_000010000_bin_end: /* for objcopy compatibility */


.global ground_band_000010000_bin_length
ground_band_000010000_bin_length:
.long 62400

#if defined (__linux__)
.section .note.GNU-stack,"",@progbits
#endif
